topic_id,first_seen_date,latest_seen_date,appearance_count,max_heat,latest_heat,title,description,publish_time,link,thumbnail,series,category,mother_topic,mature_fit,audience_age,gender_tendency,emotion,need,title_skeleton,source_files,duplicate_status,data_note
T0452,2026-09-21,2026-09-21,2,100000,100000,俩搞导弹的整不了俩捣蛋的,,2026-09-21 14:00:09,https://mp.weixin.qq.com/s?__biz=MzYyMzEyMzg0NA==&mid=2247484980&idx=1&sn=7e510e870f2b5d573b8d04b29085225e,http://mmbiz.qpic.cn/mmbiz_jpg/CJp74n5FibUzMs3u0C7mJOxC5UuDtPZgZM4ibSUhCL3O9kZca9xE2NFvJQMIicRnYPs26QXAdQFABIahVGb0gbQBr7p99zzibvVmlKTybyTweVw/0?wx_fmt=jpeg,50岁以后,其他,熟龄人群的日常见闻,20,泛人群,通用,好奇/实用,获得信息,事件切入型,921432_微信24h热文榜_20260921.csv;921432_微信24h热文榜_20260921.xlsx,重复上榜：保留最高热度,未命中历史老年主题分类，保留待人工判断
T0453,2026-09-21,2026-09-21,2,100000,100000,十年前那个开滴滴被免职的副镇长,,2026-09-21 14:00:09,https://mp.weixin.qq.com/s?__biz=MzY0MDEyOTMyMg==&mid=2247485134&idx=1&sn=1c2a002dd47de817536687788ea5c46b,https://mmbiz.qpic.cn/mmbiz_jpg/Es8kEaZbFVWliapDJl7iaQkTRYDow8fjvsRNG042MLsd3husu694arfshAvNp5r2GTa4LNLbmTQas1ztibBDXKzaCpDHo9KKunrbTf7iaBp8vQI/0?wx_fmt=jpeg,50岁以后,其他,熟龄人群的日常见闻,20,泛人群,通用,好奇/实用,获得信息,数字切入型,921432_微信24h热文榜_20260921.csv;921432_微信24h热文榜_20260921.xlsx,重复上榜：保留最高热度,未命中历史老年主题分类，保留待人工判断
T0454,2026-09-21,2026-09-21,2,100000,100000,下架！,,2026-09-21 14:00:09,https://mp.weixin.qq.com/s?__biz=Mzk4ODEyOTk0MA==&mid=2247498140&idx=1&sn=41d2134f0fc44fc793d2e724ca2e69ef,https://mmbiz.qpic.cn/mmbiz_jpg/hA1JxiaJaFqJYUicIfpbHj18LjpKqQXIkyQqfibCBibbfHJDNUiahvLDvy5M5PVW9B1FZCM1ZlkJTmKadUCCtCjmOWYtgQ7iaaicOTB23ibxK4pbUZQ/0?wx_fmt=jpeg,50岁以后,其他,熟龄人群的日常见闻,20,泛人群,通用,焦虑提醒,获得信息,事件切入型,921432_微信24h热文榜_20260921.csv;921432_微信24h热文榜_20260921.xlsx,重复上榜：保留最高热度,未命中历史老年主题分类，保留待人工判断
T0455,2026-09-21,2026-09-21,2,100000,100000,年少不懂她的美,,2026-09-21 14:00:09,https://mp.weixin.qq.com/s?__biz=MzYzMjE5ODI0MQ==&mid=2247485582&idx=1&sn=10c7632b544d4a6525d7194b233ac2bd,https://mmbiz.qpic.cn/sz_mmbiz_jpg/RlH0vYoNuqFWg4qT0SCQmPvwHfibSRl8ADLQShIOrtrYJJSdAmXdqXZh0SNcLxReshmicoROwnlOrCwQnrkqPbqNxpmeMV7nIcVvL8QBCiaA0Q/0?wx_fmt=jpeg,50岁以后,其他,熟龄人群的日常见闻,20,泛人群,通用,好奇/实用,获得信息,事件切入型,921432_微信24h热文榜_20260921.csv;921432_微信24h热文榜_20260921.xlsx,重复上榜：保留最高热度,未命中历史老年主题分类，保留待人工判断
T0456,2026-09-21,2026-09-21,2,100000,100000,看名古屋亚运会颁奖仪式，托盘服务的志愿者大多已是白发长者,,2026-09-21 14:00:09,https://mp.weixin.qq.com/s?__biz=MzU0MzQzODg2Ng==&mid=2247484310&idx=1&sn=792bd82a794f37b74d5c7056e5355bfa,http://mmbiz.qpic.cn/sz_mmbiz_jpg/X2SzelG9R0fAVGibX1hItgCmTaxwgDtLlnUrwrGO43xicd0wo3fdGiaam6qiad4bEoH7qkIsmnbiaYx4ofribNvCwibbZIMjlrmMkePdHQX7J8wKvA/0?wx_fmt=jpeg,50岁以后,其他,熟龄人群的日常见闻,20,泛人群,通用,好奇/实用,获得信息,事件切入型,921432_微信24h热文榜_20260921.csv;921432_微信24h热文榜_20260921.xlsx,重复上榜：保留最高热度,未命中历史老年主题分类，保留待人工判断
T0457,2026-09-21,2026-09-21,2,100000,100000,闹市惊魂！马路不是游乐场，行车千万要谨慎,,2026-09-21 14:00:09,https://mp.weixin.qq.com/s?__biz=MzY4NTMzMTIyNQ==&mid=2247484671&idx=1&sn=5ba473d2ee7228fda9a0b667431ae7f1,http://mmbiz.qpic.cn/mmbiz_jpg/RXs3DZiaDwIlLv0moZj0aKQo3wBMoOhZNIgBhYiakNibWSOiaEZZ6ENp3zhGMUJNGQ58rf6HFvufEIQSkXImhibMaZeZkI3BvAibmmibqkGR7yUEwU/0?wx_fmt=jpeg,50岁以后,其他,熟龄人群的日常见闻,20,泛人群,通用,好奇/实用,获得信息,数字切入型,921432_微信24h热文榜_20260921.csv;921432_微信24h热文榜_20260921.xlsx,重复上榜：保留最高热度,未命中历史老年主题分类，保留待人工判断
T0458,2026-09-21,2026-09-21,2,100000,100000,马云亲自设计的淘宝骑手服，拿下国际大奖,,2026-09-21 14:00:09,https://mp.weixin.qq.com/s?__biz=MzAxNDQwMTEyNA==&mid=2656370069&idx=1&sn=7c237f306943513b82c34649c0b4a0f8,http://mmbiz.qpic.cn/sz_mmbiz_jpg/tiaafkALAV8icqA27jOJNvZJnthS9YTt4plNjH1BmWt6rZQ21fW24jwehpruAJpmT8HZHBVFuuodLKCxTEq0ibicClcIfh5fA3gaaN8r5qsWXiaU/0?wx_fmt=jpeg,50岁以后,其他,熟龄人群的日常见闻,20,泛人群,通用,好奇/实用,获得信息,事件切入型,921432_微信24h热文榜_20260921.csv;921432_微信24h热文榜_20260921.xlsx,重复上榜：保留最高热度,未命中历史老年主题分类，保留待人工判断
T0421,2026-09-20,2026-09-20,1,100000,100000,许嵩和冯禧官宣结婚，相差14岁的追星梦成真,,2026-09-20 14:00:07,https://mp.weixin.qq.com/s?__biz=MzU2OTgzOTAzMQ==&mid=2247488409&idx=1&sn=e9727700b45bace51ba72385c758aeb6,http://mmbiz.qpic.cn/mmbiz_jpg/NicMkwhpiaFe3mloAGQqicgZ1rwS8aZ4JBZ7ic1SXulTz0iavNBBPq14OPJotV7KujOrmpcbXwEfcDRK7VgxN41mgSC0U6xV0sWSWt9qfK2HlC0k/0?wx_fmt=jpeg,50岁以后,晚年婚姻与亲密关系,晚年伴侣与亲密边界,85,50岁以上,通用,好奇/实用,关系处理,数字切入型,921432_微信24h热文榜_20260920.xlsx,唯一,引用历史老年主题分类或规则映射
T0422,2026-09-20,2026-09-20,1,100000,100000,旧电脑被当废品收走，拆开发现是2013年的老古董，硬盘还能用,,2026-09-20 14:00:07,https://mp.weixin.qq.com/s?__biz=MzcxMDI2MzU3Mg==&mid=2247487781&idx=2&sn=e5c8818fb8888447cacfe0fd3738b894,https://mmbiz.qpic.cn/sz_mmbiz_jpg/15f0tPvOdHn97ouRzRDyGictJFBvrqcEQv9yBcIPibvW12x0xCAiaH9e20SaGB8fibpLrdXicsaWzB2VlbMLibDIa6C4qVcSicR5zSetcVBP1CdPyw/0?wx_fmt=jpeg,50岁以后,其他,熟龄人群的日常见闻,20,泛人群,通用,好奇/实用,获得信息,事件切入型,921432_微信24h热文榜_20260920.xlsx,唯一,未命中历史老年主题分类，保留待人工判断
T0423,2026-09-20,2026-09-20,1,100000,100000,儿子把我扔垃圾堆的无线鼠标捡回来，说要研究一下，结果我们花了一块多钱把鼠标修好了,,2026-09-20 14:00:07,https://mp.weixin.qq.com/s?__biz=MzUxMjc2NDEyOA==&mid=2247486938&idx=1&sn=e9ac567f0e33754d7c2d2f3391ade4d3,https://mmbiz.qpic.cn/sz_mmbiz_jpg/48JRFhNgRqKWNb4yFqtC8cfCQlpVfRwTojmzUmPyCuk4Ihgxm3tFnPUojiavUicqJCW62EqKkn7picqyq2oAicCdUbebhD4mVDwJLZ5iagflwdA4/0?wx_fmt=jpeg,50岁以后,代际关系与家庭边界,子女关系与家庭边界,85,50岁以上,男性偏强,好奇/实用,关系处理,故事型,921432_微信24h热文榜_20260920.xlsx,唯一,引用历史老年主题分类或规则映射
T0424,2026-09-20,2026-09-20,1,100000,100000,抗战胜利那一刻，重庆城里的离别与期盼,,2026-09-20 14:00:07,https://mp.weixin.qq.com/s?__biz=MzE5MTY2MzU2NQ==&mid=2247490014&idx=1&sn=b0ff18842f77894c37fbaeb3665fcec5,http://mmbiz.qpic.cn/sz_mmbiz_jpg/JEENzvcvYn4micLElziboZUVjYpVHUO3rjKRNT2VF6SUrdt3e5fR0DRaPQribGwdw0ianeIdMrqxiciaorj0ic5KZmWaXibC0CKll8NEMOhVbGiaJEOg/0?wx_fmt=jpeg,50岁以后,其他,熟龄人群的日常见闻,20,泛人群,通用,好奇/实用,获得信息,提醒警示型,921432_微信24h热文榜_20260920.xlsx,唯一,未命中历史老年主题分类，保留待人工判断
T0425,2026-09-20,2026-09-20,1,100000,100000,我是80后,,2026-09-20 14:00:07,https://mp.weixin.qq.com/s?__biz=MzU3OTgwMjI5Nw==&mid=2247491724&idx=1&sn=2b26759f7c3f9615393c32754ff1201b,https://mmbiz.qpic.cn/mmbiz_jpg/h9RdPIUvJbNasGmjq3tBiceeAAs7oibOqvgw2uDj71Hbyksh0XSt20t03JhWaibWfoyn4f9yRsAGMwUDO5fFeB2ZESEibLIhDrO9eibibWoJ1MBtM/0?wx_fmt=jpeg,50岁以后,其他,熟龄人群的日常见闻,20,泛人群,通用,好奇/实用,获得信息,故事型,921432_微信24h热文榜_20260920.xlsx,唯一,未命中历史老年主题分类，保留待人工判断
T0426,2026-09-20,2026-09-20,1,100000,100000,人到中年，不想老跑医院，一定要舍得吃,,2026-09-20 14:00:07,https://mp.weixin.qq.com/s?__biz=MzYyNTExODQ1OQ==&mid=2247486360&idx=1&sn=dbcd1ff7cf94b647729bbe01db58fb14,http://mmbiz.qpic.cn/sz_mmbiz_jpg/yVaVR3C6AaxrvJLYicicNJY4wEQfHjEFzht0Rg0Bia4sShJwVLbUc6mt7IqicIcqIq4uaMibk8T9utOWbMribQz1KZXf9jvSY6XpzicRSFvMu6wia8Q/0?wx_fmt=jpeg,50岁以后,其他,熟龄人群的日常见闻,20,泛人群,通用,好奇/实用,获得信息,事件切入型,921432_微信24h热文榜_20260920.xlsx,唯一,未命中历史老年主题分类，保留待人工判断
T0427,2026-09-20,2026-09-20,1,100000,100000,92年 35岁，终于活成了我喜欢的样子 #居家锻炼 #零基础…,,2026-09-20 14:00:07,https://mp.weixin.qq.com/s?__biz=MzcwODM0MzM2MQ==&mid=2247485378&idx=1&sn=bc60386ed443d44b2917bb9d115d489c,http://mmbiz.qpic.cn/mmbiz_jpg/vkTp5ut8nibWuaop79xxLP64vbcxvsgc9fichsM421iaGaOG7ANoD0fZkf8XesSjM58HkCHOSBfrgErmAaaQLbfrCoDEKTQOop2PU0lbebN5qU/0?wx_fmt=jpeg,50岁以后,养老照护与居住,晚年照护与居住选择,85,50岁以上,通用,好奇/实用,获得信息,故事型,921432_微信24h热文榜_20260920.xlsx,唯一,引用历史老年主题分类或规则映射
T0428,2026-09-20,2026-09-20,1,100000,100000,五年四胎，每天只睡五小时，照顾十六口人：那个“超人妈妈”终于撑不住了,,2026-09-20 14:00:07,https://mp.weixin.qq.com/s?__biz=MzA3MzY0NzUzMQ==&mid=2651709777&idx=1&sn=82f1c922b345d6bfa47aa463532cb64d,https://mmbiz.qpic.cn/mmbiz_jpg/rsA6UdvEZMJlDp6M6uuq0wvWrD5nPN9qVIDsHlme4RiadjUwBTvwX9RPdnC5nIAFsWTPBFZeE9FC517U0Q4iacuAES9RpnVJ4ZpmTRWqyhoXk/0?wx_fmt=jpeg,50岁以后,其他,熟龄人群的日常见闻,20,泛人群,通用,好奇/实用,获得信息,事件切入型,921432_微信24h热文榜_20260920.xlsx,唯一,未命中历史老年主题分类，保留待人工判断
T0429,2026-09-20,2026-09-20,1,100000,100000,太帅了，史上最帅的老干部,,2026-09-20 14:00:07,https://mp.weixin.qq.com/s?__biz=Mzk0MzgxMDY4Nw==&mid=2247499574&idx=1&sn=02c67a2e83b70251348dd891f8933e4a,http://mmbiz.qpic.cn/sz_mmbiz_jpg/IQGCIM3a4ibd3ogtBkick1SicftKVu1yMuXIzK7uTEth5n3peYhXXmeJxD57XxF2ooXY76Rvwovz2Xf4NEudriaRufpNh1aYxnQunIoMVGOBiaIA/0?wx_fmt=jpeg,50岁以后,其他,熟龄人群的日常见闻,20,泛人群,通用,好奇/实用,获得信息,事件切入型,921432_微信24h热文榜_20260920.xlsx,唯一,未命中历史老年主题分类，保留待人工判断
T0430,2026-09-20,2026-09-20,1,100000,100000,孙千的裙子是成长进度条，井柏然挡酒坐不住,,2026-09-20 14:00:07,https://mp.weixin.qq.com/s?__biz=MzYyNDA5MTg0Mw==&mid=2247488815&idx=1&sn=55f31dc0200d5ead7b371f6a68ef4ac8,http://mmbiz.qpic.cn/mmbiz_jpg/efSsYwlyr8stDBXav0PJyTW4MQ2lq1ef4BeJkWNWkjOyrAwRFqce6cdCYoHwYlp8iaBRqg1DrK3oUnyXGUY50icZRvZeC6KPAOqqve0kUc2NA/0?wx_fmt=jpeg,50岁以后,其他,熟龄人群的日常见闻,20,泛人群,通用,好奇/实用,获得信息,事件切入型,921432_微信24h热文榜_20260920.xlsx,唯一,未命中历史老年主题分类，保留待人工判断
T0431,2026-09-20,2026-09-20,1,100000,100000,这就是惨败日本的反思结果？郭士强:努力了,,2026-09-20 14:00:07,https://mp.weixin.qq.com/s?__biz=MzUyMTk3ODY1NQ==&mid=2247484221&idx=1&sn=73a8945618ada6532a2e815d10364e78,http://mmbiz.qpic.cn/mmbiz_jpg/oFc4gZvKUZjq75Nliar5Kr0jgzvDbUHAEa8HMcPF76RkcX72IbAN0m5aqkHbGMfBqFFYgQkbicb90YXLNBRpflWETuWV5QB2pQiaiaD91rHtlz8/0?wx_fmt=jpeg,50岁以后,其他,熟龄人群的日常见闻,20,泛人群,通用,好奇/实用,获得信息,问题型,921432_微信24h热文榜_20260920.xlsx,唯一,未命中历史老年主题分类，保留待人工判断
T0432,2026-09-20,2026-09-20,1,100000,100000,哄娃，橙汁儿的爸爸是专业的。,,2026-09-20 14:00:07,https://mp.weixin.qq.com/s?__biz=Mzg4NDEwNzQ1OA==&mid=2247489260&idx=1&sn=dfa8bd170d42401cbcb516395f3fc48e,http://mmbiz.qpic.cn/sz_mmbiz_jpg/3k61hicibLBQUIKn2d8tib9rWYOxJ4dNh7RWndiclDBJyfKTLczexOWdRIh5HXO2oX8GSoDWicwWlnR4pdMzWVhJ8E7PfamAbKKJTTJ91uZxPgB8/0?wx_fmt=jpeg,50岁以后,其他,熟龄人群的日常见闻,20,泛人群,通用,好奇/实用,获得信息,事件切入型,921432_微信24h热文榜_20260920.xlsx,唯一,未命中历史老年主题分类，保留待人工判断
T0391,2026-09-15,2026-09-15,1,100000,100000,淮河“一线村庄”，不是网红设计是生存智慧,,2026-09-15 14:00:08,https://mp.weixin.qq.com/s?__biz=MzY4NjAyODYxNQ==&mid=2247485319&idx=1&sn=0520516e2e432397b09ee84bab1dac8c,http://mmbiz.qpic.cn/sz_mmbiz_jpg/uyHuEDJibrdEh19y4md8Lj6RbtUib6NjDW3buXdZibBMIo4vcgNibjV7wMmBfW0ohng4286icHYVrEKCdMtUKmN9FTChyiaicnLNTQ4qQ1ykRIBALs/0?wx_fmt=jpeg,50岁以后,其他,熟龄人群的日常见闻,20,泛人群,通用,好奇/实用,获得信息,事件切入型,921432_微信24h热文榜_20260915.csv,唯一,未命中历史老年主题分类，保留待人工判断
T0392,2026-09-15,2026-09-15,1,100000,100000,借壳6年造假6年，一家四口套现十几亿，国资接盘才发现踩了大坑,,2026-09-15 14:00:08,https://mp.weixin.qq.com/s?__biz=MzkzMzYxMjk3Nw==&mid=2247707530&idx=1&sn=589642ad30755820e7bbff76a37b7229,https://mmbiz.qpic.cn/sz_mmbiz_jpg/BMokdrjYnET4ibqFhs95xVgVTGn6UjP1nll7fAXvgp3iaC1ia7mQVB1FgTqNrfvPoz7cQdibFGxXneHDdgIjk2d5merTibZAerDeicrHLkWCbGRvc/0?wx_fmt=jpeg,50岁以后,其他,熟龄人群的日常见闻,20,泛人群,通用,好奇/实用,获得信息,事件切入型,921432_微信24h热文榜_20260915.csv,唯一,未命中历史老年主题分类，保留待人工判断
T0393,2026-09-15,2026-09-15,1,100000,100000,年轻人估计做不出来，哈哈哈,,2026-09-15 14:00:08,https://mp.weixin.qq.com/s?__biz=MzYzOTI0MzQzMA==&mid=2247487921&idx=1&sn=ff536cfc20e90c11704ace740ea600c1,http://mmbiz.qpic.cn/sz_mmbiz_jpg/ib2p1poQ5qy1PcL0ibe3ugb3kcN5KWDZlPfuic5wjwPibj1qU7qJ0F065GSasPmrubrQF7hNdl7wiaLQkSyPEJa8ojbUv6HtU9A4eHdLB4KpQPUs/0?wx_fmt=jpeg,50岁以后,其他,熟龄人群的日常见闻,20,泛人群,通用,好奇/实用,获得信息,事件切入型,921432_微信24h热文榜_20260915.csv,唯一,未命中历史老年主题分类，保留待人工判断
T0394,2026-09-15,2026-09-15,1,100000,100000,鱼：我感觉自己被扒得明明白白！,,2026-09-15 14:00:08,https://mp.weixin.qq.com/s?__biz=MzcwODA3MzUyMw==&mid=2247485607&idx=1&sn=c976847c33fa92f7c0fd2ba5e698ae03,http://mmbiz.qpic.cn/mmbiz_jpg/JWEgaLv1lOUT2jIRwOdVawDibPk1rkcic8iaVZvdNKc0aBP97xZyRH7veMNAeU45GfNibhYARsX8xpt8MSUZdzcGS181LsPK1kicSzfGqnRdvnzY/0?wx_fmt=jpeg,50岁以后,其他,熟龄人群的日常见闻,20,泛人群,通用,好奇/实用,获得信息,故事型,921432_微信24h热文榜_20260915.csv,唯一,未命中历史老年主题分类，保留待人工判断
T0395,2026-09-15,2026-09-15,1,100000,100000,这瓜要怎么摘？,,2026-09-15 14:00:08,https://mp.weixin.qq.com/s?__biz=MzYzNzEzNDk0Nw==&mid=2247488641&idx=1&sn=6bdcb3a9d9cab8c0a74416a1d03b416b,http://mmbiz.qpic.cn/mmbiz_jpg/r4L05CfytNWk35U7tf5PObFBQnpNoxbDibDq6LnDgYhMjOK9VWS0WvKRZrqfqLvcwbLohYiafN2XtNDD1ye7ZfaYjAwlHopxeOpn1rcD7enPI/0?wx_fmt=jpeg,50岁以后,其他,熟龄人群的日常见闻,20,泛人群,通用,好奇/实用,获得信息,问题型,921432_微信24h热文榜_20260915.csv,唯一,未命中历史老年主题分类，保留待人工判断
T0396,2026-09-15,2026-09-15,1,100000,100000,三十多站，一动不动的肩膀,,2026-09-15 14:00:08,https://mp.weixin.qq.com/s?__biz=Mzk5MDY1MTY2OA==&mid=2247487973&idx=1&sn=d6f9f270ee3d0f8a7cfa1991399e5c27,http://mmbiz.qpic.cn/sz_mmbiz_jpg/ibGNpxianwiaQSDKciaCrQGkicaSfGiaIhtqposRpgKEnA8WwG5FAsLuDAIINeXfwZeYlrZvt1ibmtYt4Jn0aNwAUEPzs0niaCWJruxuqOiaKKjSxs5Y/0?wx_fmt=jpeg,50岁以后,其他,熟龄人群的日常见闻,20,泛人群,通用,好奇/实用,获得信息,事件切入型,921432_微信24h热文榜_20260915.csv,唯一,未命中历史老年主题分类，保留待人工判断
T0361,2026-09-14,2026-09-14,1,100000,100000,看见人体神经系统，致敬无私奉献的大体老师,,2026-09-14 14:00:08,https://mp.weixin.qq.com/s?__biz=MzY5NjA3OTQyOQ==&mid=2247485122&idx=1&sn=2ed95de7f0480ca84a8beb739802a15f,http://mmbiz.qpic.cn/sz_mmbiz_jpg/3eSuzbEO1aux1P1EsLN0DqTvavibKpWN9zUjd0j7iaamqvmQ7sySPc7t0nrkPuXXVu6iaZ2Rj22f3ib7j31dGZs2UPxiauDISUNARWB2Zh84QKj0/0?wx_fmt=jpeg,50岁以后,其他,熟龄人群的日常见闻,20,泛人群,通用,好奇/实用,获得信息,事件切入型,921432_微信24h热文榜_20260914.csv,唯一,未命中历史老年主题分类，保留待人工判断
T0362,2026-09-14,2026-09-14,1,100000,100000,一位妈妈炫耀自己给上大一的儿子准备了130多条内裤，130多双袜子……溺爱竟然可以到这个程度,,2026-09-14 14:00:08,https://mp.weixin.qq.com/s?__biz=Mzk1NzMzNDc4Mg==&mid=2247492029&idx=1&sn=a67f6f651b5d9c99f272dec7404a0600,https://mmbiz.qpic.cn/mmbiz_jpg/2V126tzvGZ4stY50LkfcakHd6l6Kl2hhh8Jcic6Uo1QI3z43jQJh90KkYgcQ51BBmCCcGaIS3NIXytrPfAvcZx8ib18clicUQIBhEyFxlFSnSw/0?wx_fmt=jpeg,50岁以后,代际关系与家庭边界,子女关系与家庭边界,85,50岁以上,男性偏强,好奇/实用,关系处理,事件切入型,921432_微信24h热文榜_20260914.csv,唯一,引用历史老年主题分类或规则映射
T0363,2026-09-14,2026-09-14,1,100000,100000,无毛猴,,2026-09-14 14:00:08,https://mp.weixin.qq.com/s?__biz=MzY5NTAyNzExMg==&mid=2247485216&idx=1&sn=d034ea04e3d960aa1f858643406e347b,http://mmbiz.qpic.cn/mmbiz_jpg/4Q3GNCV5k5H5dTAAiafnYWNDHVaiaJeibqwR1PnSe7KeAu01ibAdU84wfJroHHtC9HbRRMSUoy7LCYCaDaJ4tDdZtSnPLLMwXOa0IrZ3NIbTDYE/0?wx_fmt=jpeg,50岁以后,其他,熟龄人群的日常见闻,20,泛人群,通用,好奇/实用,获得信息,事件切入型,921432_微信24h热文榜_20260914.csv,唯一,未命中历史老年主题分类，保留待人工判断
T0364,2026-09-14,2026-09-14,1,100000,100000,我就纳闷了，这么小的宿舍哪来的厕所，仔细一看整个人都无语了，…,,2026-09-14 14:00:08,https://mp.weixin.qq.com/s?__biz=MzYzNjgzMDc4Mw==&mid=2247487101&idx=1&sn=d041e578a3998b71ab266b783d8c2441,http://mmbiz.qpic.cn/mmbiz_jpg/EeVQo2xt7Q7CSTUCYPTA2S6NwEyyVOJgN1DFJkkTu8JuibEiadyGyabxmazq25YWwSRAxeGnxx9yb3wrBBFWmM3FWEFbhcHCg3OKib0RpYtic6Q/0?wx_fmt=jpeg,50岁以后,其他,熟龄人群的日常见闻,20,泛人群,通用,好奇/实用,获得信息,故事型,921432_微信24h热文榜_20260914.csv,唯一,未命中历史老年主题分类，保留待人工判断
T0365,2026-09-14,2026-09-14,1,100000,100000,以你的工资，能配什么车？,,2026-09-14 14:00:08,https://mp.weixin.qq.com/s?__biz=MzkxMzc1MDc5Mg==&mid=2247495181&idx=1&sn=6f9f6dd53cf013e15f5151ea3a1ceb80,http://mmbiz.qpic.cn/sz_mmbiz_jpg/T9Er13QLZqscKdGuOpIFVPFEDQZt59ZNM6RRZvyIpj3vCWvDl4T4XDAG5s8x6IThOaib0YWNmDb5JBXOr19XxVgWYRQnYNKeUHgpN7RcpNDI/0?wx_fmt=jpeg,50岁以后,其他,熟龄人群的日常见闻,20,泛人群,通用,好奇/实用,获得信息,问题型,921432_微信24h热文榜_20260914.csv,唯一,未命中历史老年主题分类，保留待人工判断
T0366,2026-09-14,2026-09-14,1,100000,100000,43岁安妮·海瑟薇挺大肚照样走红毯，牛仔配凉鞋现身纽约时装周！,,2026-09-14 14:00:08,https://mp.weixin.qq.com/s?__biz=MjM5OTc2NTQ5MA==&mid=2649953651&idx=2&sn=1a3817c694d5fc65ed26d64b6be32e7b,https://mmbiz.qpic.cn/sz_mmbiz_jpg/wQdwESO3Fwhces9cRcKP8MBws3EEJ48lk2NTXIbXrGNIEPGeROQxTbOiaBVibJfPIVlO6WhiaVyUgNbJsXm1MdiaB1oJKH9WCDgIH2N4ISfnKxc/0?wx_fmt=jpeg,50岁以后,其他,熟龄人群的日常见闻,20,泛人群,通用,好奇/实用,获得信息,数字切入型,921432_微信24h热文榜_20260914.csv,唯一,未命中历史老年主题分类，保留待人工判断
T0367,2026-09-14,2026-09-14,1,100000,100000,他从港星变成物流搬运工，只求自闭症儿子学会自理,,2026-09-14 14:00:08,https://mp.weixin.qq.com/s?__biz=MzA4NDgzMjk3Ng==&mid=2651104680&idx=1&sn=c19c4271226b80f7fc8a4be239ed1ef3,https://mmbiz.qpic.cn/mmbiz_jpg/wOvVQrv5KM8XKxnibJaYn7bTia7pwmkOUQtd10TMTrnuJOPKQNveH1JDAEfC1icLJBD1II3sib2sicJyV7RgOOQ9kPnFQhaOWmqMxibvwNdic32ziag/0?wx_fmt=jpeg,50岁以后,养老照护与居住,晚年照护与居住选择,85,50岁以上,男性偏强,好奇/实用,获得信息,事件切入型,921432_微信24h热文榜_20260914.csv,唯一,引用历史老年主题分类或规则映射
T0368,2026-09-14,2026-09-14,1,100000,100000,陆毅一家四口出门游玩，颜值太高很难不注意,,2026-09-14 14:00:08,https://mp.weixin.qq.com/s?__biz=MzE5MTM1MTI5MQ==&mid=2247485364&idx=1&sn=d2cd32ed4a8cf82e256e65e77cc94bb9,https://mmbiz.qpic.cn/mmbiz_jpg/9wSobhpl8HOQl06Yd2gYRlGcVLlOAjvpW3kTVX7ibHKoYgO224bnL7najytrQwWFbYdPsejNOBUQrCHzeiaPhNm7gTMAwIvoEmRia8pepOM3bg/0?wx_fmt=jpeg,50岁以后,其他,熟龄人群的日常见闻,20,泛人群,通用,好奇/实用,获得信息,事件切入型,921432_微信24h热文榜_20260914.csv,唯一,未命中历史老年主题分类，保留待人工判断
T0369,2026-09-14,2026-09-14,1,100000,100000,敬一丹静悄悄走了：病危抢救三个月，她竟用6篇节气随笔完成了告别,,2026-09-14 14:00:08,https://mp.weixin.qq.com/s?__biz=Mzg5MjY4ODIyMQ==&mid=2247484836&idx=1&sn=12f68021a75bbea92c3df98c78a6d374,https://mmbiz.qpic.cn/mmbiz_jpg/85x46DFrkrRG4QATkYibxfr45k6HsTIZeAlJOt6VKPZibEbDVF0cBDUR9p6LsSjdFQiaNbTxcichB0N3ZL0vTrAMaV4w363PfW2gJeAO0TOmo8c/0?wx_fmt=jpeg,50岁以后,身后安排与告别,晚年告别与身后安排,85,50岁以上,通用,情感共鸣,获得信息,提醒警示型,921432_微信24h热文榜_20260914.csv,唯一,引用历史老年主题分类或规则映射
T0331,2026-09-13,2026-09-13,1,100000,100000,老年人秀恩爱比年轻人扎眼！,,2026-09-13 14:00:07,https://mp.weixin.qq.com/s?__biz=MzYyMjE2NTc1NQ==&mid=2247486365&idx=1&sn=b00ec294c0316e50fd8fd399cbd8f4b1,http://mmbiz.qpic.cn/sz_mmbiz_jpg/pNbaxwy8key5QjyX6dEcLH83oBxsg6qgIkcSLTUJDyIMuOzEr1Ue7GST2gW7msiaS47A0Mb9OzxJhgAMJdSbeONMNCxCHZodqQX86PiczNtEA/0?wx_fmt=jpeg,50岁以后,晚年婚姻与亲密关系,晚年伴侣与亲密边界,85,50岁以上,通用,好奇/实用,关系处理,事件切入型,921432_微信24h热文榜_20260913.csv,唯一,引用历史老年主题分类或规则映射
T0332,2026-09-13,2026-09-13,1,100000,100000,都说胖东来是河南人的天堂。大姐带爸妈去转，不到十分钟就想离开。不是不好，是怕麻烦,,2026-09-13 14:00:07,https://mp.weixin.qq.com/s?__biz=MzE5MTUwMDAwNg==&mid=2247486451&idx=1&sn=43c718f061c0bef70e5b608257d11eb1,https://mmbiz.qpic.cn/sz_mmbiz_jpg/s0pVvB3gdEpCrArRVeBT76U29jGz0M1j67Yk804lbKgdTvd76wRuuqdDdhS65Ezouxlm24P5qNtTpicAmgPX9k7XwdwYibiafszDUAhEjLXvRc/0?wx_fmt=jpeg,50岁以后,旅游消费与兴趣,退休后的兴趣与生活方式,85,50岁以上,通用,好奇/实用,获得信息,事件切入型,921432_微信24h热文榜_20260913.csv,唯一,引用历史老年主题分类或规则映射
T0333,2026-09-13,2026-09-13,1,100000,100000,第一个法令纹如此明显的女演员，没医美我信,,2026-09-13 14:00:07,https://mp.weixin.qq.com/s?__biz=MzY4ODM2MTM2Ng==&mid=2247487246&idx=1&sn=944d3c9a60c85f4fc2e56fd8079804b2,http://mmbiz.qpic.cn/mmbiz_jpg/4AeplqiaCwE7ibTFK99cn3eYCzVicYAsEwTztMrlBrPGeyibo2qMyqd1vCIiaQRG9DicVpd53BiaULm5cR0QV25nMn0VxJ1aAFJicrC7D1zYzEbT3t8/0?wx_fmt=jpeg,50岁以后,其他,熟龄人群的日常见闻,20,泛人群,通用,好奇/实用,获得信息,故事型,921432_微信24h热文榜_20260913.csv,唯一,未命中历史老年主题分类，保留待人工判断
T0334,2026-09-13,2026-09-13,1,100000,100000,能看出来是什么吗？像不像吞食后的大白蟒？,,2026-09-13 14:00:07,https://mp.weixin.qq.com/s?__biz=MzE5ODUwMzEyMw==&mid=2247491842&idx=1&sn=cea8c049a64590876b6b43ef58d9419a,http://mmbiz.qpic.cn/mmbiz_jpg/0x48h0tt9wXg3qVLwZxbeQvBLfJD79PXU9PnINQbjryTsXTpFyhc6icyC1Nz5ZnfXxicVACktGcJiaS4nWXVSoQohB8JAPdkhGoMVkIqyo1aGE/0?wx_fmt=jpeg,50岁以后,其他,熟龄人群的日常见闻,20,泛人群,通用,好奇/实用,获得信息,问题型,921432_微信24h热文榜_20260913.csv,唯一,未命中历史老年主题分类，保留待人工判断
T0335,2026-09-13,2026-09-13,1,100000,100000,没被说明书第一页劝退的都是狠人🌝,,2026-09-13 14:00:07,https://mp.weixin.qq.com/s?__biz=Mzk3NTc5NjMzMQ==&mid=2247486911&idx=1&sn=226772f4d131f5a48dd6e25e3bcc7647,http://mmbiz.qpic.cn/mmbiz_jpg/kzrYXD4raW17t2v8p8JAiaR3QpqQSCafEMBWVHFfA30Q5uhDM2XbrElKSClfFT5dggwiabdsP7ibRGRuvG5uKNxHlPCiaQDo3XvbqWBoL7o0p4A/0?wx_fmt=jpeg,50岁以后,其他,熟龄人群的日常见闻,20,泛人群,通用,好奇/实用,获得信息,事件切入型,921432_微信24h热文榜_20260913.csv,唯一,未命中历史老年主题分类，保留待人工判断
T0336,2026-09-13,2026-09-13,1,100000,100000,早知道就不脱鞋了，没见过这么脏的地板,,2026-09-13 14:00:07,https://mp.weixin.qq.com/s?__biz=MzYzNzk2ODcyMQ==&mid=2247486200&idx=1&sn=3fdb00b1ba7c11e86062d27147be3718,http://mmbiz.qpic.cn/mmbiz_jpg/RaPh41bRlUwUicSmIFibf8HicfWEZrYSKI3B0Ff9W0xwNKUU2vCculL5uWDDics4c7gAXFRFdzJDyx5nsjAN2hyE4I1lEDvcYEGIJcOwAVgufQE/0?wx_fmt=jpeg,50岁以后,其他,熟龄人群的日常见闻,20,泛人群,通用,好奇/实用,获得信息,事件切入型,921432_微信24h热文榜_20260913.csv,唯一,未命中历史老年主题分类，保留待人工判断
T0337,2026-09-13,2026-09-13,1,100000,100000,谁的钻💍乱扔,,2026-09-13 14:00:07,https://mp.weixin.qq.com/s?__biz=MzYzMzI1OTUyMw==&mid=2247486003&idx=1&sn=0ccadd74835cc138a37daf097d93ab7e,http://mmbiz.qpic.cn/sz_mmbiz_jpg/UZmyqPwwkeBTDnTPbCluldibpvPqulI5AStPcdSL2stKxiarcFgycKZtNVWmZuany26rnMEk8G3LnVB2mz5ldF1yiaG9rSrTSjLVdoSJjNTTks/0?wx_fmt=jpeg,50岁以后,其他,熟龄人群的日常见闻,20,泛人群,通用,好奇/实用,获得信息,事件切入型,921432_微信24h热文榜_20260913.csv,唯一,未命中历史老年主题分类，保留待人工判断
T0301,2026-09-12,2026-09-12,1,100000,100000,当初马伊琍和文章在一起，好朋友激烈反对,,2026-09-12 14:00:08,https://mp.weixin.qq.com/s?__biz=MzYzMjc0MTUxNg==&mid=2247484657&idx=1&sn=03b87bb0cbf557f111f6da02346f1c1b,http://mmbiz.qpic.cn/sz_mmbiz_jpg/gbD9txeD0nYD1BDsibL8fMn7zcQrp5Zx9MkibVMuazfCX3L6zwb0jorqS2VkjkfAvmhyWVXC6K67xGPibZaiamBUUxRicwMqu116Gkib7EFjZxg8Y/0?wx_fmt=jpeg,50岁以后,其他,熟龄人群的日常见闻,20,泛人群,通用,好奇/实用,获得信息,事件切入型,921432_微信24h热文榜_20260912.csv,唯一,未命中历史老年主题分类，保留待人工判断
T0302,2026-09-12,2026-09-12,1,100000,100000,老王总是在证明自己还不老，反倒让大家只关注到你已经老了,,2026-09-12 14:00:08,https://mp.weixin.qq.com/s?__biz=Mzk3NTYyMTcwMg==&mid=2247486422&idx=1&sn=8b61d0ba028525bb64b5dda2787ed3a1,http://mmbiz.qpic.cn/mmbiz_jpg/RcPrOHkt8vhfxVIjhB01icg3LiaKo6eULBEibNQk5CicjI70KVTn5VqOAYgLYh2g37b4fa6Tj1hZKF3nDoIRxIOZbem3VekWVX09VG2U2TPWsBk/0?wx_fmt=jpeg,50岁以后,女性年龄与自我认同,女人年龄与自我价值,85,50岁以上,通用,好奇/实用,自我认同,事件切入型,921432_微信24h热文榜_20260912.csv,唯一,引用历史老年主题分类或规则映射
T0303,2026-09-12,2026-09-12,1,100000,100000,用水肺观世界 用自由潜观内心,,2026-09-12 14:00:08,https://mp.weixin.qq.com/s?__biz=MzE5MTIxOTEwMA==&mid=2247485941&idx=1&sn=af59eaebb499aa28b768f239bdb635c9,http://mmbiz.qpic.cn/sz_mmbiz_jpg/Dll2JwwgZrXsphrONzXH9wiaYO8NOlfcyHoqxibxu3zNRwnhRNmKPJmVJk2AdRx95Vib56ZCdFJBzXKvcAD5qybS3NVz0Afz9UtgFyFzRZ8Nrg/0?wx_fmt=jpeg,50岁以后,其他,熟龄人群的日常见闻,20,泛人群,通用,好奇/实用,获得信息,事件切入型,921432_微信24h热文榜_20260912.csv,唯一,未命中历史老年主题分类，保留待人工判断
T0304,2026-09-12,2026-09-12,1,100000,100000,陆毅一家四口出门游玩，颜值太高很难不注意,,2026-09-12 14:00:08,https://mp.weixin.qq.com/s?__biz=MzE5MTM1MTI5MQ==&mid=2247485325&idx=1&sn=afd18e57fb7444d9208bc9e2c97c389e,https://mmbiz.qpic.cn/mmbiz_jpg/9wSobhpl8HMYpRzLjUQ5oGExKLqJ7sfSj0wku53H6FuP9UI7ibjQRQnszibfVzJWBWnhSdLbTLbkNRGIXPIocbXU1V6ibf9TEibp7AiacqzeQEug/0?wx_fmt=jpeg,50岁以后,其他,熟龄人群的日常见闻,20,泛人群,通用,好奇/实用,获得信息,事件切入型,921432_微信24h热文榜_20260912.csv,唯一,未命中历史老年主题分类，保留待人工判断
T0305,2026-09-12,2026-09-12,1,100000,100000,这不太对吧，开到分岔口就迷路了，抬头就看到有一个指示牌，我怎…,,2026-09-12 14:00:08,https://mp.weixin.qq.com/s?__biz=MzYzNjgzMDc4Mw==&mid=2247486964&idx=1&sn=6e8213bb02bc1e3852373fa3a78cd0d0,http://mmbiz.qpic.cn/mmbiz_jpg/EeVQo2xt7Q4esckia5Udowj9xKicTrMQ9Y6LyzBHVohmUpjtLRcHs5AQQvzC5xo7uMSXRlibjgWBA2rWF3QO0CRjaJiapI7qZa3ibQwu9Ngb1QoQ/0?wx_fmt=jpeg,50岁以后,其他,熟龄人群的日常见闻,20,泛人群,通用,好奇/实用,获得信息,故事型,921432_微信24h热文榜_20260912.csv,唯一,未命中历史老年主题分类，保留待人工判断
T0306,2026-09-12,2026-09-12,1,100000,100000,命运真是不公，国安第一帅哥，眨眼间就废了,,2026-09-12 14:00:08,https://mp.weixin.qq.com/s?__biz=Mzg2NTYzMTA0OQ==&mid=2247494691&idx=1&sn=2d6ce083f5077d5576c26259ed3ec3bc,http://mmbiz.qpic.cn/mmbiz_jpg/HXm6R9jxpApTdKy7vcs6VuvD9X7OwMfpehbic3ae99dAFWwQZibtkmTwTvJw5Tqj6ygkVbvtfvoOfVsiay6ZIVS0dxHYhNicZDosWicOSFwsVoLk/0?wx_fmt=jpeg,50岁以后,其他,熟龄人群的日常见闻,20,泛人群,通用,好奇/实用,获得信息,事件切入型,921432_微信24h热文榜_20260912.csv,唯一,未命中历史老年主题分类，保留待人工判断
T0307,2026-09-12,2026-09-12,1,100000,100000,中央纪委国家监委的通报来了，孙绍骋违纪问,,2026-09-12 14:00:08,https://mp.weixin.qq.com/s?__biz=MzUzNzc3NzM1OQ==&mid=2247493152&idx=1&sn=724e72cc32e529584a8bb82d36e8cf27,https://mmbiz.qpic.cn/sz_mmbiz_jpg/tYZPVKxKFsx2UM58YP31h8JS3MrQoMxlR4hZSDghwlcwlpuSUcSLooH0BWIaibSTgbQ3b7saRSqL5Psic7n7fWKibDiawRq0Qn0N7jIZ9RBC3Zc/0?wx_fmt=jpeg,50岁以后,其他,熟龄人群的日常见闻,20,泛人群,通用,好奇/实用,获得信息,事件切入型,921432_微信24h热文榜_20260912.csv,唯一,未命中历史老年主题分类，保留待人工判断
T0308,2026-09-12,2026-09-12,1,100000,100000,这个尿片快爆炸了……,,2026-09-12 14:00:08,https://mp.weixin.qq.com/s?__biz=MzYzMTM3NDUzMg==&mid=2247487975&idx=1&sn=640de58d8f2e02995f91fc8826c0daf0,http://mmbiz.qpic.cn/mmbiz_jpg/jEwzNFH7ZlFAwG5aGiaDCRdxtTiaPJZeDLm2ibzRsr56tXu7aAsPYR8RX1f9Dvb0LKS0yFpGTMVERibgVicMPNN3iarZqEovpqWACQMv1fpKhplpY/0?wx_fmt=jpeg,50岁以后,其他,熟龄人群的日常见闻,20,泛人群,通用,好奇/实用,获得信息,事件切入型,921432_微信24h热文榜_20260912.csv,唯一,未命中历史老年主题分类，保留待人工判断
T0309,2026-09-12,2026-09-12,1,100000,100000,我敢说90%以上的人没见过？,,2026-09-12 14:00:08,https://mp.weixin.qq.com/s?__biz=MzcwNjM1OTAyOQ==&mid=2247485624&idx=1&sn=76790e93816c118a378f36c46f82bc7e,http://mmbiz.qpic.cn/mmbiz_jpg/UQiaCNefYguHAkfD3u9PxVf5WnYWnq5GLGKVGa4xLPPL9EYrDR0m6ibGia6U9N4Aia6yZG20B9FM2L4TsKF0K1U8pSWrjzVLibO5gFAicly622Dqc/0?wx_fmt=jpeg,50岁以后,其他,熟龄人群的日常见闻,20,泛人群,通用,好奇/实用,获得信息,问题型,921432_微信24h热文榜_20260912.csv,唯一,未命中历史老年主题分类，保留待人工判断
T0310,2026-09-12,2026-09-12,1,100000,100000,离谱！涉黄App竟冲上苹果免费榜第一,,2026-09-12 14:00:08,https://mp.weixin.qq.com/s?__biz=Mzg3OTIyMzc5Mg==&mid=2247506257&idx=1&sn=aa485e5e3e160c4791bc0aa86ecefa03,https://mmbiz.qpic.cn/mmbiz_jpg/cP2O8jOHBndW4xAZYbyO0lwDReDCwmod7Fuso6NOChaV8bFicLO85New2MjYC3hbZg3WfrGv0BrlDA80A0NDK4Usp7Rvs7s1NFufU9nXibkZE/0?wx_fmt=jpeg,50岁以后,其他,熟龄人群的日常见闻,20,泛人群,通用,好奇/实用,获得信息,事件切入型,921432_微信24h热文榜_20260912.csv,唯一,未命中历史老年主题分类，保留待人工判断
T0311,2026-09-12,2026-09-12,1,100000,100000,回头看看房价这条曲线，才懂成年人的无奈,,2026-09-12 14:00:08,https://mp.weixin.qq.com/s?__biz=MzY5NTAzMDI2Nw==&mid=2247484292&idx=1&sn=fd0164cf3ac6880f7e62959e4ed16c5d,http://mmbiz.qpic.cn/sz_mmbiz_jpg/5LwZsY5iclowaYGumeBoOIOaiaMyDMpic8WrbblkQ9qwLianKVKhbOGIGEicoAzbkubZz7yJF63otxFhgEy2zcM6bIaEI3vqxpGNxKBzcPtGQT4U/0?wx_fmt=jpeg,50岁以后,其他,熟龄人群的日常见闻,20,泛人群,通用,好奇/实用,获得信息,事件切入型,921432_微信24h热文榜_20260912.csv,唯一,未命中历史老年主题分类，保留待人工判断
T0271,2026-09-10,2026-09-10,1,100000,100000,1870万教师迎来“大礼包”！教育部发话：这次调薪，向基层一线倾斜,,2026-09-10 14:00:08,https://mp.weixin.qq.com/s?__biz=MzU4ODkzNjgwMw==&mid=2247488811&idx=1&sn=c7008ffe1043f88ad1218201b631cb97,https://mmbiz.qpic.cn/mmbiz_jpg/SfXJWuvyNfHBdZzoVib9eOtYOWFjkGLtB8BibGSTh2ccP6WVrZk11pJKNibCT1ZiaiadUzYriaicQLr5B9mVPq0gDzr0Dw9q0dxs7KfUUurEW8hP7Q/0?wx_fmt=jpeg,50岁以后,其他,熟龄人群的日常见闻,20,泛人群,通用,好奇/实用,获得信息,数字切入型,921432_微信24h热文榜_20260910.csv,唯一,未命中历史老年主题分类，保留待人工判断
T0272,2026-09-10,2026-09-10,1,100000,100000,如果我是章泽天，我可能真的会忍不住想问一句：“何超琼女士，那段虐心之恋，你到底放下了没有啊？”,,2026-09-10 14:00:08,https://mp.weixin.qq.com/s?__biz=Mzk0MDcxMzAxNA==&mid=2247487988&idx=2&sn=62850dfe3ea325eb89d717f554a80a92,https://mmbiz.qpic.cn/mmbiz_jpg/PGCqxbsuIB4WI6hxPtaFpP5r4cG8JEqxQF3ZQiaqmnpOcsiajCLXUhfQRcTHQjSaJDk45aMrvQW0ESLAlByQBweGyQvZ7pvGJHNMLo54xSKiaA/0?wx_fmt=jpeg,50岁以后,其他,熟龄人群的日常见闻,20,泛人群,通用,好奇/实用,获得信息,问题型,921432_微信24h热文榜_20260910.csv,唯一,未命中历史老年主题分类，保留待人工判断
T0273,2026-09-10,2026-09-10,1,100000,100000,凌晨一点，梁子又变回了梁圣,,2026-09-10 14:00:08,https://mp.weixin.qq.com/s?__biz=MzU1ODgyNTkzOA==&mid=2247485791&idx=1&sn=3fa456031309b85ba0495b9db046b60a,https://mmbiz.qpic.cn/mmbiz_jpg/sibUDOQQtat2zkIoiaOpOE5lQbiaS9baNcJFMPCt6Yz3PoI1I8O3b93f5AvSpOicXELKXSv1gw2VyHZSRUiceBk25Aw6zPhWPicFmWeAHd2icQgCNs/0?wx_fmt=jpeg,50岁以后,其他,熟龄人群的日常见闻,20,泛人群,通用,好奇/实用,获得信息,事件切入型,921432_微信24h热文榜_20260910.csv,唯一,未命中历史老年主题分类，保留待人工判断
T0274,2026-09-10,2026-09-10,1,100000,100000,中间开个什么店能压住他俩呢？,,2026-09-10 14:00:08,https://mp.weixin.qq.com/s?__biz=MzYzNDA2MDEyNw==&mid=2247485363&idx=1&sn=e19217d947fcb1e75738ba12311d8a44,http://mmbiz.qpic.cn/mmbiz_jpg/B8EhczjwDmViaDAX2AEg3r3jX6XicvSprH9iagicGuiakOS0csIn4UP0wG9mlwB43F1RVib0Ylo5gdX1JTghrve4n5ayNRicDcdr1vfs0E1GNyegqk/0?wx_fmt=jpeg,50岁以后,其他,熟龄人群的日常见闻,20,泛人群,通用,好奇/实用,获得信息,问题型,921432_微信24h热文榜_20260910.csv,唯一,未命中历史老年主题分类，保留待人工判断
T0275,2026-09-10,2026-09-10,1,100000,100000,水下跑步机新体验,,2026-09-10 14:00:08,https://mp.weixin.qq.com/s?__biz=MzI0MTA2OTA1Nw==&mid=2649923639&idx=1&sn=0da0eba92ec07252073b53c84d6acb14,http://mmbiz.qpic.cn/sz_mmbiz_jpg/Pn5BuscLeh9QKcqY1l2MuIWneuqdExaWIvDVYlnNvia1PzbNbuFEZkdicwruvDwVMYCS7Jbzpfoc17sISrb7ETjG9rXUMssp6COkicTKjeia3icw/0?wx_fmt=jpeg,50岁以后,其他,熟龄人群的日常见闻,20,泛人群,通用,好奇/实用,获得信息,事件切入型,921432_微信24h热文榜_20260910.csv,唯一,未命中历史老年主题分类，保留待人工判断
T0276,2026-09-10,2026-09-10,1,100000,100000,“Wayward质疑IG假赛晋级，解说视频被下架”，业内人士曝严打，处罚必定落地,,2026-09-10 14:00:08,https://mp.weixin.qq.com/s?__biz=Mzg4ODkzMjg4MQ==&mid=2247501765&idx=1&sn=45254f80e87f62f82addc108c6ee1e88,https://mmbiz.qpic.cn/mmbiz_jpg/Kg8t9l66baOpCbicpGnRTMSpdumianmB6mreNkjaGAr9KkOH4orMgKlehokx59qqyHYSicvgqLU1iafp3NuictHTrcvZL922P2ibKc0KeJ2GnzSgs/0?wx_fmt=jpeg,50岁以后,其他,熟龄人群的日常见闻,20,泛人群,通用,焦虑提醒,获得信息,事件切入型,921432_微信24h热文榜_20260910.csv,唯一,未命中历史老年主题分类，保留待人工判断
T0277,2026-09-10,2026-09-10,1,100000,100000,约会时女人说：“我去趟厕所”，其实是在给你暗示,,2026-09-10 14:00:08,https://mp.weixin.qq.com/s?__biz=MzIzNjU0NDYxNA==&mid=2247488016&idx=1&sn=442c0e835b6c1ad3ef710c71dfdf5061,https://mmbiz.qpic.cn/mmbiz_jpg/iakNgJAXic2MSjb6RQORSZIvkfZuOJbQBgQQX54EQOq7jz1g90Z2bR0AJ8a7wpicKyMTUdVozY26ddhY3ibPIgm9hFGllMibibibhVa2icdhacKWRicU/0?wx_fmt=jpeg,女人的下半场,女性年龄与自我认同,女人年龄与自我价值,85,50岁以上,女性偏强,好奇/实用,自我认同,故事型,921432_微信24h热文榜_20260910.csv,唯一,引用历史老年主题分类或规则映射
T0278,2026-09-10,2026-09-10,1,100000,100000,美网四强，中国乔丹来了，其他人都闪开,,2026-09-10 14:00:08,https://mp.weixin.qq.com/s?__biz=MzcwMjAxNTYwNg==&mid=2247485914&idx=1&sn=cdfa673c1f56ed3d72803ec677674def,http://mmbiz.qpic.cn/sz_mmbiz_jpg/aV2cOsO5EJR8rV0Oy05h9icxrxwibhIWoS4iaIq8xH3Xv8MiaxrdgoB1hJp1g7kH2fsbFAT2wp3sefZoT7PibyAumWIiaYtbUHV4M4cY3p7orArVk/0?wx_fmt=jpeg,50岁以后,其他,熟龄人群的日常见闻,20,泛人群,通用,好奇/实用,获得信息,事件切入型,921432_微信24h热文榜_20260910.csv,唯一,未命中历史老年主题分类，保留待人工判断
T0279,2026-09-10,2026-09-10,1,100000,100000,继房子、茅台之后，中产的第三个“信仰神话”也破灭了,,2026-09-10 14:00:08,https://mp.weixin.qq.com/s?__biz=MzU1NDM0MTc1Ng==&mid=2247487794&idx=1&sn=65d1933b076a677a25c9ef9c34c9dbb6,https://mmbiz.qpic.cn/mmbiz_jpg/bPhwEycj7xIYtIPD8RfoYicXcz6cwqO853jmpR06EBpd5wlXKQCX9hj5kiawjDDkKbxic4Hlm8ZPMz5ptPtmgibxM2CIegnZkqTmhXBqzU3ibicu4/0?wx_fmt=jpeg,50岁以后,养老照护与居住,晚年照护与居住选择,85,50岁以上,通用,好奇/实用,获得信息,事件切入型,921432_微信24h热文榜_20260910.csv,唯一,引用历史老年主题分类或规则映射
T0280,2026-09-10,2026-09-10,1,100000,100000,听说这家伙被罚巨款，我的第一反应：猪不能太肥…,,2026-09-10 14:00:08,https://mp.weixin.qq.com/s?__biz=MzkyNzIzMzAyMQ==&mid=2247487485&idx=1&sn=1559d1f79f7e5aac715c884096f95048,http://mmbiz.qpic.cn/sz_mmbiz_jpg/CUDibmpGhmslicPfMPW9Kbq5ywfibWibgE8oTSv03Rib8me065O9PicgfBscx0ibNQEApJe5K8lTMQJ7J9aKSY3YlcJuc2nibDV2ZTAxTfnpfib74Pcs/0?wx_fmt=jpeg,50岁以后,其他,熟龄人群的日常见闻,20,泛人群,通用,焦虑提醒,获得信息,故事型,921432_微信24h热文榜_20260910.csv,唯一,未命中历史老年主题分类，保留待人工判断
T0281,2026-09-10,2026-09-10,1,100000,100000,相隔140公里，却要绕行1400公里？你怎么看,,2026-09-10 14:00:08,https://mp.weixin.qq.com/s?__biz=MzYzMjc1NzEwMA==&mid=2247485509&idx=1&sn=48a6f7ac6a7bbfe33594d59fc83df873,http://mmbiz.qpic.cn/mmbiz_jpg/1g0ia5nPjHpqRu7Qen2dM3SaXdW4LABTcic1yuuf2Dq44AQVwBkMibPo1861aGvySJC9vXpj4licKWBIib0QCic2Nnz2ZZXcXNqficicl2tnbFibC5AA/0?wx_fmt=jpeg,50岁以后,其他,熟龄人群的日常见闻,20,泛人群,通用,好奇/实用,获得信息,问题型,921432_微信24h热文榜_20260910.csv,唯一,未命中历史老年主题分类，保留待人工判断
T0282,2026-09-10,2026-09-10,1,100000,100000,听说张雪总在新疆理发后，接下来你会看到😂,,2026-09-10 14:00:08,https://mp.weixin.qq.com/s?__biz=MzU5NjU5MDk1Mw==&mid=2247484456&idx=1&sn=eeed39db98f6ae264daefa80200520c8,http://mmbiz.qpic.cn/mmbiz_jpg/gGsnaBUudWZtZoxhZnpiaUedbo7T7VM3MCDicCUTRk2xGMjXN24asE1zhGBiaoaOzbw4P0ib2hIdGVGuRq843YWVxZBwibgUthoR2Efia4QaGNKMc/0?wx_fmt=jpeg,50岁以后,其他,熟龄人群的日常见闻,20,泛人群,通用,好奇/实用,获得信息,事件切入型,921432_微信24h热文榜_20260910.csv,唯一,未命中历史老年主题分类，保留待人工判断
T0283,2026-09-10,2026-09-10,1,100000,100000,一个家庭，如果父亲强势，管教孩子比较严厉，那么孩子进入青春期后，一般不会沉迷手机、厌学,,2026-09-10 14:00:08,https://mp.weixin.qq.com/s?__biz=MzkyNzI2NDI1NA==&mid=2247554991&idx=1&sn=a5e704fd2b07e8e95df39ee52ec41f1c,https://mmbiz.qpic.cn/sz_mmbiz_jpg/R4k3EZA1kV3ocPOpZzC4eQgO9q3Hzu5Wk0m4OvPZ2wEgojA2IYDTD41s4RqvLJtoU7tXEDXXBI6pGADoNr10YcyOicgvsBZO5ZsCXqfHq3ow/0?wx_fmt=jpeg,50岁以后,代际关系与家庭边界,子女关系与家庭边界,85,50岁以上,通用,情感共鸣,关系处理,事件切入型,921432_微信24h热文榜_20260910.csv,唯一,引用历史老年主题分类或规则映射
T0284,2026-09-10,2026-09-10,1,100000,100000,进商场还“焊死”面罩，这种防晒大可不必,,2026-09-10 14:00:08,https://mp.weixin.qq.com/s?__biz=MzY4ODM0ODQ4Mg==&mid=2247486000&idx=1&sn=dfa4aee8fd469b403d725adb3afc39e7,http://mmbiz.qpic.cn/mmbiz_jpg/MEgS8bGVxB2r4w9rn7dlS3GLJmOfzV8eKXsJW4KyQTjjrcxRr0v76qO6GiauwfNCibveqfNZlKsSxXh0qlyiaBx44icqkUBIFicrxgib7JUxFNyyk/0?wx_fmt=jpeg,50岁以后,其他,熟龄人群的日常见闻,20,泛人群,通用,好奇/实用,获得信息,事件切入型,921432_微信24h热文榜_20260910.csv,唯一,未命中历史老年主题分类，保留待人工判断
T0241,2026-09-09,2026-09-09,1,100000,100000,你是什么样子，都是吃出来的✨,,2026-09-09 14:00:09,https://mp.weixin.qq.com/s?__biz=MzYzMzM5NzcwNQ==&mid=2247488421&idx=1&sn=96ddbac7f1ef2ab34ffc1d42f1312158,http://mmbiz.qpic.cn/sz_mmbiz_jpg/qfsHvdCqMNzML6aeRhk5YUFWh3ca9cKRaM7pE5qHmAXkhwUESguZiaOC21ALcRb44eiaDopic8dmiaK0HDvtb4ZfbMMYvuLxBVyrgYRiallKP4P4/0?wx_fmt=jpeg,50岁以后,其他,熟龄人群的日常见闻,20,泛人群,通用,好奇/实用,获得信息,事件切入型,921432_微信24h热文榜_20260909.csv,唯一,未命中历史老年主题分类，保留待人工判断
T0242,2026-09-09,2026-09-09,1,100000,100000,斯瓦泰克 | 郑钦文打哭斯瓦泰克，这次伤害远超巴黎奥运会,,2026-09-09 14:00:09,https://mp.weixin.qq.com/s?__biz=MzcwODI0NzA5Mg==&mid=2247486096&idx=1&sn=279fa7d1f1416eb0313113503d3d9a66,https://mmbiz.qpic.cn/sz_mmbiz_jpg/icBw1nvYmL8ibVn713V4bNLLhBbQ21fPX7rej9olYL6TqbFekPcUS9dPxJMHkfDEYYAHgBnM3vjcicP8jdsPxuMEaicCwmGkFqS1blXmu1RcUp0/0?wx_fmt=jpeg,50岁以后,其他,熟龄人群的日常见闻,20,泛人群,通用,好奇/实用,获得信息,事件切入型,921432_微信24h热文榜_20260909.csv,唯一,未命中历史老年主题分类，保留待人工判断
T0243,2026-09-09,2026-09-09,1,100000,100000,这种晒衣服的方法，是上海独一份吧？,,2026-09-09 14:00:09,https://mp.weixin.qq.com/s?__biz=MzYzNTg4Nzc1Nw==&mid=2247485565&idx=1&sn=9c197332de0c3978728900120c94704a,http://mmbiz.qpic.cn/mmbiz_jpg/xxDHSHwZTrKmAr9Nia2WicMMpCWXdbRGzDUpMWdq5p3dibzoeHCiaFtxd58aYkictTwIqicuoicnY9PErjv4DdlibagfMZTOpEh5fmd5tKtoNpibAdjs/0?wx_fmt=jpeg,50岁以后,其他,熟龄人群的日常见闻,20,泛人群,通用,好奇/实用,获得信息,问题型,921432_微信24h热文榜_20260909.csv,唯一,未命中历史老年主题分类，保留待人工判断
T0244,2026-09-09,2026-09-09,1,100000,100000,别人随礼随钱，这随礼随一车日子,,2026-09-09 14:00:09,https://mp.weixin.qq.com/s?__biz=MzYyNDQ3MzIyMg==&mid=2247484158&idx=1&sn=2084afc27393a6d52a581735fcdf927f,http://mmbiz.qpic.cn/mmbiz_jpg/dlaTbnMfCvbbUG2dtnwUhZVSWZTDawicdGBEJYAtKvrfdU2Yyps36ldia84mombBlAjd2RvJew4KFtgSLMAll3CdF60pTKER5ic2gbvMibYhNI8/0?wx_fmt=jpeg,50岁以后,人情往来与情绪生活,熟龄人群的日常见闻,85,50岁以上,通用,好奇/实用,获得信息,提醒警示型,921432_微信24h热文榜_20260909.csv,唯一,引用历史老年主题分类或规则映射
T0245,2026-09-09,2026-09-09,1,100000,100000,减重11.8斤，分享一些减重心得,,2026-09-09 14:00:09,https://mp.weixin.qq.com/s?__biz=MzYzMjAzMjIzNQ==&mid=2247490699&idx=1&sn=3dadcd9ae9a60753a2c7f7068f3d3be4,http://mmbiz.qpic.cn/sz_mmbiz_jpg/wzmUUy25nYAqG3PzyMFibYJswCmMpgN7ZUGzyJMEkXZx1mPMXibT0icqcGcoN3V9ANwlE2nDvjdVDCTZib1UouN47Xajia1kRxyZynw8YgN2mMWw/0?wx_fmt=jpeg,50岁以后,健康饮食与运动,50岁后的健康管理,85,50岁以上,通用,好奇/实用,改善身体,事件切入型,921432_微信24h热文榜_20260909.csv,唯一,引用历史老年主题分类或规则映射
T0246,2026-09-09,2026-09-09,1,100000,100000,看清头部密密的血管才懂面部与头皮有多脆弱,,2026-09-09 14:00:09,https://mp.weixin.qq.com/s?__biz=MzY5NjA3OTQyOQ==&mid=2247485093&idx=1&sn=6c04e845a29cb5d145b03e7fcf52f42c,http://mmbiz.qpic.cn/sz_mmbiz_jpg/3eSuzbEO1auXPtnYtiaRY2WHvghzuTsNISGt5H8OobRmtiaicvODiaicplumwGujoGCgv918UzOngtoktmxpBNNYc1cMMCHxYCdQVTeAlGia7FFEo/0?wx_fmt=jpeg,50岁以后,其他,熟龄人群的日常见闻,20,泛人群,通用,好奇/实用,获得信息,事件切入型,921432_微信24h热文榜_20260909.csv,唯一,未命中历史老年主题分类，保留待人工判断
T0247,2026-09-09,2026-09-09,1,100000,100000,孙女考上大学，我红包给1万元，却别拉黑,,2026-09-09 14:00:09,https://mp.weixin.qq.com/s?__biz=MzAxNDE3NzE2OA==&mid=2650100336&idx=1&sn=3fe8bc7f6413ef31eb780736107af2eb,https://mmbiz.qpic.cn/mmbiz_jpg/Rz1Y7756sn4L3lf0TI6kk2XdAiakv2tHk7DbD1nRMbIppbFSwXpWjwYwQJezdoQWw4VicRaejWiaw4lmK39WHRhZibmNW4fxZuBBl6j33IVseY0/0?wx_fmt=jpeg,50岁以后,代际关系与家庭边界,子女关系与家庭边界,85,50岁以上,通用,好奇/实用,关系处理,故事型,921432_微信24h热文榜_20260909.csv,唯一,引用历史老年主题分类或规则映射
T0248,2026-09-09,2026-09-09,1,100000,100000,合肥，“副”字没了,,2026-09-09 14:00:09,https://mp.weixin.qq.com/s?__biz=MzU4NTg5NjU4NQ==&mid=2247516196&idx=1&sn=0e1a68c142f045f4661fabea26dabb4c,https://mmbiz.qpic.cn/sz_mmbiz_jpg/FpNkMBia81JX0kxI8SYVJibw2y0cicvYc2mSM7s3vT6hwflSFrIq6867qG8oorsHeh8WaWe4vWhFy94acGsHcYyNFibwuIwic17NEDEnXLNZVgM8/0?wx_fmt=jpeg,50岁以后,其他,熟龄人群的日常见闻,20,泛人群,通用,好奇/实用,获得信息,事件切入型,921432_微信24h热文榜_20260909.csv,唯一,未命中历史老年主题分类，保留待人工判断
T0249,2026-09-09,2026-09-09,1,100000,100000,有网友拍到在机场的宇树王兴兴，没带助理，自己一个背着背包，低…,,2026-09-09 14:00:09,https://mp.weixin.qq.com/s?__biz=MzY5OTE5MjgxMg==&mid=2247490399&idx=1&sn=09334ec2976f6929b18d961753e38377,http://mmbiz.qpic.cn/sz_mmbiz_jpg/7m0WiadLZdp38ibwH8xbh9Xia76WzzS9ibWLq6V7GCHsUJLvaUFQ9Vicb9AqOxBYmvGwktJCIPNCuHWaVyemBM2dCiaX4u7qwPAk7Ar8RbKYLMmTI/0?wx_fmt=jpeg,50岁以后,其他,熟龄人群的日常见闻,20,泛人群,通用,好奇/实用,获得信息,事件切入型,921432_微信24h热文榜_20260909.csv,唯一,未命中历史老年主题分类，保留待人工判断
T0211,2026-09-08,2026-09-08,1,100000,100000,虽然她已经离世，但她像仙女一样来过,,2026-09-08 14:00:10,https://mp.weixin.qq.com/s?__biz=MzYzMzEzODU5OQ==&mid=2247487232&idx=1&sn=2923179687fbe9d2f777effffc5e7944,https://mmbiz.qpic.cn/mmbiz_jpg/KSchQva5icQbIBxpdPicVicIlHc8gO1ibgy7GZmqW9y7tZJDGNNgATjkJwegl2EYtFrE9WgSIq3Bzk151gIrGOPRkbz5tbDHialr9CaWAUjDtpLE/0?wx_fmt=jpeg,50岁以后,身后安排与告别,晚年告别与身后安排,85,50岁以上,通用,情感共鸣,获得信息,事件切入型,921432_微信24h热文榜_20260908.csv,唯一,引用历史老年主题分类或规则映射
T0212,2026-09-08,2026-09-08,1,100000,100000,1861年，美国摄影师弥尔顿·米勒在广州给1位官妇人拍摄了一…,,2026-09-08 14:00:10,https://mp.weixin.qq.com/s?__biz=MzUxMTQ3NTUyMg==&mid=2247488252&idx=1&sn=3ee80c4698c1ee95a8670236c8d6c870,http://mmbiz.qpic.cn/sz_mmbiz_jpg/GZ0tXCh5e4vXqQdibdGEtJm1rdk522JQtQ5iaIYS84aIa949wp1IVGgiblKg7iaZ2hIBh2o2icbGzdg1GJgMsc48L0ibvloibySMgEKaCl4lFmWQdE/0?wx_fmt=jpeg,50岁以后,其他,熟龄人群的日常见闻,20,泛人群,通用,好奇/实用,获得信息,事件切入型,921432_微信24h热文榜_20260908.csv,唯一,未命中历史老年主题分类，保留待人工判断
T0213,2026-09-08,2026-09-08,1,100000,100000,宋祖英近照没P图，这才是真底气,,2026-09-08 14:00:10,https://mp.weixin.qq.com/s?__biz=Mzk2NDMwMzY3Nw==&mid=2247485067&idx=1&sn=bfb6c5a08dddb1999b0a910f937afd2d,https://mmbiz.qpic.cn/mmbiz_jpg/bm55ZdbqAz8U49V1lK41GrdbvVQ3uZkfc0g8IIbatrL35Wmh4oqSAnUdyeHVA6tnMZyNr5df9OglsibEFncgcxfFnCtqB9vXoorkHf7ZxF1c/0?wx_fmt=jpeg,50岁以后,其他,熟龄人群的日常见闻,20,泛人群,通用,好奇/实用,获得信息,事件切入型,921432_微信24h热文榜_20260908.csv,唯一,未命中历史老年主题分类，保留待人工判断
T0214,2026-09-08,2026-09-08,1,100000,100000,不要什么都放冰箱冷冻 不然就会……,,2026-09-08 14:00:10,https://mp.weixin.qq.com/s?__biz=MzU1ODk0MjYwOA==&mid=2247484892&idx=1&sn=ee3042697a33b02ee6d8967bbaacd98f,http://mmbiz.qpic.cn/sz_mmbiz_jpg/uJvO9NPwQX7kHjQNpo9J8rcdMTXr2K1N9MhqNHwibIfnDYEGNkRBiarr9DtCtYX9NYyfarNC5k3ZIA0ibXnj6yiaqCp0pGb0ic3NYgwxAYUteP28/0?wx_fmt=jpeg,50岁以后,健康饮食与运动,50岁后的健康管理,85,50岁以上,通用,焦虑提醒,改善身体,提醒警示型,921432_微信24h热文榜_20260908.csv,唯一,引用历史老年主题分类或规则映射
T0215,2026-09-08,2026-09-08,1,100000,100000,离开周涛24年，姚科到现在还是孤身一人,,2026-09-08 14:00:10,https://mp.weixin.qq.com/s?__biz=MzkyOTYyMDY3Mg==&mid=2247488016&idx=1&sn=53b08854af4d357bc2c4c54867d944f5,https://mmbiz.qpic.cn/sz_mmbiz_jpg/l8c1hQyHicHbVp4lWcqBsicFQiboicYtPO7TdVthpRlT6dW3pFrIxaHXG8ySC6iaF9cmDV6bqVxEibnicvDzPHPVvJRCUb3gDOX7c8x0ic0owDEttfI/0?wx_fmt=jpeg,50岁以后,其他,熟龄人群的日常见闻,20,泛人群,通用,好奇/实用,获得信息,事件切入型,921432_微信24h热文榜_20260908.csv,唯一,未命中历史老年主题分类，保留待人工判断
T0216,2026-09-08,2026-09-08,1,100000,100000,女生在健身房和不在健身房的风格,,2026-09-08 14:00:10,https://mp.weixin.qq.com/s?__biz=MzY5MTA1OTQxMg==&mid=2247484169&idx=1&sn=34da7d6c55a70920688a325448c826b2,http://mmbiz.qpic.cn/mmbiz_jpg/0EAxzqWSDXqqIicgb0W1mCCfibekefD4EsfVgosvSL7csKVfc91R7ZYVfTpNicrpCV9R08bSMn1uPaHd8hfgG0wcO0YpwGSJ6ibSlLQSbTqEueI/0?wx_fmt=jpeg,50岁以后,其他,熟龄人群的日常见闻,20,泛人群,通用,好奇/实用,获得信息,事件切入型,921432_微信24h热文榜_20260908.csv,唯一,未命中历史老年主题分类，保留待人工判断
T0217,2026-09-08,2026-09-08,1,100000,100000,75岁张纪中夫妇备孕五胎，勇气让人佩服,,2026-09-08 14:00:10,https://mp.weixin.qq.com/s?__biz=MzkzNTc0MjIzNQ==&mid=2247486517&idx=1&sn=1c6ac0cc6fed5b2056f046565f71d0ba,http://mmbiz.qpic.cn/mmbiz_jpg/PZQ1zanrsqDMlddTb4KNzYkAET8FBV2PNiacO0z7vQZTAmuGe7X11b7vmmz94q7gbfY7CQiba4yBNhIZ5X27QAlcT5uviblz18UGam68IE2GpQ/0?wx_fmt=jpeg,50岁以后,其他,熟龄人群的日常见闻,20,泛人群,通用,好奇/实用,获得信息,数字切入型,921432_微信24h热文榜_20260908.csv,唯一,未命中历史老年主题分类，保留待人工判断
T0218,2026-09-08,2026-09-08,1,100000,100000,是谁把孩子生在了巅峰时期,,2026-09-08 14:00:10,https://mp.weixin.qq.com/s?__biz=MzIxMDkxNjYwMQ==&mid=2247485204&idx=1&sn=1da40469ea8c7eb59bebb69c798844f7,http://mmbiz.qpic.cn/mmbiz_jpg/mfDz8fVF8RED8NZebGCRAG0GicPrtlU8SVTkJWCpibslGKicn0Y9l3ZQjKib1GpMLLsUnibIjHTer5jsvWU1CwxSEgCxv8x0IoYutBuFD4XWeOjY/0?wx_fmt=jpeg,50岁以后,代际关系与家庭边界,子女关系与家庭边界,85,50岁以上,通用,情感共鸣,关系处理,事件切入型,921432_微信24h热文榜_20260908.csv,唯一,引用历史老年主题分类或规则映射
T0219,2026-09-08,2026-09-08,1,100000,100000,天价分手费,,2026-09-08 14:00:10,https://mp.weixin.qq.com/s?__biz=MzYzMjg3ODU3NA==&mid=2247488948&idx=1&sn=2ba7c3bb6e59c58192f3f4e10ee983e8,https://mmbiz.qpic.cn/sz_mmbiz_jpg/Nsoh7kwlpttMMASzBauibDzoLX4icCehicOcNQgicoOQ3euT2POQWZQUuBImAUdlcnWbbkbQfbHoPibUoGMMJDGWKS8knL6geOZMiaI5kWJ9mRgLQ/0?wx_fmt=jpeg,50岁以后,其他,熟龄人群的日常见闻,20,泛人群,通用,好奇/实用,获得信息,事件切入型,921432_微信24h热文榜_20260908.csv,唯一,未命中历史老年主题分类，保留待人工判断
T0220,2026-09-08,2026-09-08,1,100000,100000,我一直很纳闷，现在为什么都这么穿？,,2026-09-08 14:00:10,https://mp.weixin.qq.com/s?__biz=MzkzMDg3MjM4OQ==&mid=2247502126&idx=1&sn=889a402f8cd9542b907cdb954e0ad9ae,http://mmbiz.qpic.cn/sz_mmbiz_jpg/uicM7Nhw5aNJPwoSxhuXfrBtiabHMEZ03qvzaL0ibjKr1WHP5GX2malw4qeI0ZCI6FOpOsbIA2fia0zNJnicSHnadu1X3JvG6aIcpw0TttQozBibI/0?wx_fmt=jpeg,50岁以后,其他,熟龄人群的日常见闻,20,泛人群,通用,好奇/实用,获得信息,问题型,921432_微信24h热文榜_20260908.csv,唯一,未命中历史老年主题分类，保留待人工判断
T0221,2026-09-08,2026-09-08,1,100000,100000,他们开始瞄准人民币了。,,2026-09-08 14:00:10,https://mp.weixin.qq.com/s?__biz=MzIzNzEzNzk3Nw==&mid=2247488167&idx=1&sn=e9e00a910a9daa6acda3de6a81d549f8,https://mmbiz.qpic.cn/mmbiz_jpg/3m9UtIpIDyffzNUtOOtib4iaHZM2jbGt2GuwqvQSX38nQ7ficyiclcyqcXPdXiaq3fiaByCVKde0sFYg6OYIXzoUeB7xVRicR3KucQGd3r0cOvtEl8/0?wx_fmt=jpeg,50岁以后,其他,熟龄人群的日常见闻,20,泛人群,通用,好奇/实用,获得信息,事件切入型,921432_微信24h热文榜_20260908.csv,唯一,未命中历史老年主题分类，保留待人工判断
T0181,2026-09-07,2026-09-07,1,100000,100000,钓鱼大爷脑洞绝了！,,2026-09-07 14:00:14,https://mp.weixin.qq.com/s?__biz=MzYyMzk0NjMxMw==&mid=2247487808&idx=1&sn=59b21d3f912518e03b13ec1c12e3557e,http://mmbiz.qpic.cn/sz_mmbiz_jpg/TegPKK6maeTsibzfbePs3T3MqzC25LT1Enyib2u7cqg2lHiaZRgBz6yEs7IwtFydbeOTNECJr9icQZPJBICxnoodx2rPuUUZibQwMmaygT5YFawc/0?wx_fmt=jpeg,50岁以后,旅游消费与兴趣,退休后的兴趣与生活方式,85,50岁以上,通用,好奇/实用,获得信息,事件切入型,921432_微信24h热文榜_20260907.csv,唯一,引用历史老年主题分类或规则映射
T0182,2026-09-07,2026-09-07,1,100000,100000,一看眼花缭乱，再看还是眼花缭乱…,,2026-09-07 14:00:14,https://mp.weixin.qq.com/s?__biz=MzYzMTM1NDc2MQ==&mid=2247487977&idx=1&sn=f6705acb568208207e25ee3a3fb44356,http://mmbiz.qpic.cn/sz_mmbiz_jpg/ZPjvRXiagu7iaFX2RqTBhouncZNcykicXDY31r7mtgKumftsDe8x82W9O6fManErFGibDEp0iaAvLQNdzmOpQVmgrzjyqdfmb0gNluviacowm8j74/0?wx_fmt=jpeg,50岁以后,其他,熟龄人群的日常见闻,20,泛人群,通用,好奇/实用,获得信息,事件切入型,921432_微信24h热文榜_20260907.csv,唯一,未命中历史老年主题分类，保留待人工判断
T0183,2026-09-07,2026-09-07,1,100000,100000,这是什么情况？！百思不得其解！,,2026-09-07 14:00:14,https://mp.weixin.qq.com/s?__biz=Mzg5MjkyNTk5MA==&mid=2247486724&idx=1&sn=e55293e141a933e2aa408dbff4e8163e,http://mmbiz.qpic.cn/mmbiz_jpg/Qk63GibtLgTHsmQh8puqyuLjQiaqWghxc0uGORdkwgxOUSaHPmkg6mMFm86Ttwu7v7mABUoDwKr0FjCibrZV6XuHuCBmfBiaDXCB23TUYv1lLzg/0?wx_fmt=jpeg,50岁以后,其他,熟龄人群的日常见闻,20,泛人群,通用,好奇/实用,获得信息,问题型,921432_微信24h热文榜_20260907.csv,唯一,未命中历史老年主题分类，保留待人工判断
T0184,2026-09-07,2026-09-07,1,100000,100000,这房子的质量绝对没问题，包工头用料没问题,,2026-09-07 14:00:14,https://mp.weixin.qq.com/s?__biz=Mzg2OTc1OTUzOA==&mid=2247491391&idx=1&sn=700e4f6595b9846081c9f3add55d77c1,http://mmbiz.qpic.cn/mmbiz_jpg/sHAI6qhTueEg6SasHDekcG2d4XnWiaUb80vxuR6DRl9IAmGDrRrpicS2rVlKgvZwiaI2hAq11ccRSGSGz8q9icpDAB6345zIJTFddswRe4dAMls/0?wx_fmt=jpeg,50岁以后,养老照护与居住,晚年照护与居住选择,85,50岁以上,通用,好奇/实用,获得信息,事件切入型,921432_微信24h热文榜_20260907.csv,唯一,引用历史老年主题分类或规则映射
T0185,2026-09-07,2026-09-07,1,100000,100000,空姐“睡岗”，光鲜与辛苦,,2026-09-07 14:00:14,https://mp.weixin.qq.com/s?__biz=MzUxMDU1MjY1NQ==&mid=2247485340&idx=1&sn=ff7598fa2a865de49898dd2f8e1bc5d6,http://mmbiz.qpic.cn/mmbiz_jpg/KrwssibIsstia205CFxLLYRXmhrTkGeIrt9Nge1PEpHnZ0ELaA1Ee7Tf6lCw38fHXprOW0Kcr4RNytHAicwlVgWc7Iuf8XHgnaDMk16yJHWnVI/0?wx_fmt=jpeg,50岁以后,其他,熟龄人群的日常见闻,20,泛人群,通用,好奇/实用,获得信息,事件切入型,921432_微信24h热文榜_20260907.csv,唯一,未命中历史老年主题分类，保留待人工判断
T0186,2026-09-07,2026-09-07,1,100000,100000,35岁韦东奕，宣布喜讯！,,2026-09-07 14:00:14,https://mp.weixin.qq.com/s?__biz=Mzk1NzY4MzMwNA==&mid=2247488012&idx=1&sn=ab93f3ded1bf67d8139024aa0278138b,https://mmbiz.qpic.cn/mmbiz_jpg/PibBevTjCk4tDsSIJkc3hDtqW3QRSic7kF90Y4VudcqAg5KBKib1JNUJHCxndpR8EhrLicldPm5MMFwTPadibNREtH0yd9F4VoTzP9C1sWgkHibr0/0?wx_fmt=jpeg,50岁以后,其他,熟龄人群的日常见闻,20,泛人群,通用,好奇/实用,获得信息,数字切入型,921432_微信24h热文榜_20260907.csv,唯一,未命中历史老年主题分类，保留待人工判断
T0187,2026-09-07,2026-09-07,1,100000,100000,"马斯克在X上高调宣布：电机不使用稀土金属！造一台无稀土电机, 单台成本降到1000美元？技术突破后, 你的下一台纯电车能更便宜吗？",,2026-09-07 14:00:14,https://mp.weixin.qq.com/s?__biz=MzYzMjc1NzgxMA==&mid=2247487701&idx=1&sn=7c5f87f8680c75e341abbc51e9856e0c,https://mmbiz.qpic.cn/sz_mmbiz_jpg/88NBWwlBAjNibPDvJAh21u36FxeA9jC1Dyw34LVBOuWcNzANPic6bicQTyBmMAEJC3UJZgmZkEA9wHpj7213n2HZ5gKcfU7Yl5k3ia0VTa5soIs/0?wx_fmt=jpeg,50岁以后,其他,熟龄人群的日常见闻,20,泛人群,通用,好奇/实用,获得信息,问题型,921432_微信24h热文榜_20260907.csv,唯一,未命中历史老年主题分类，保留待人工判断
T0188,2026-09-07,2026-09-07,1,100000,100000,山野在侧，不必远方｜间隔年约拍集市,,2026-09-07 14:00:14,https://mp.weixin.qq.com/s?__biz=MzA5MTU5NzIwNQ==&mid=2247492749&idx=1&sn=5984adfe86bfbbd937710cfa64f8afde,http://mmbiz.qpic.cn/sz_mmbiz_jpg/jy7JBrFZf3R4jquyrEGT5mRCjdl44VwYEVq2x7sOMJ7AFa4owKGXUshqQQABdib8NFXXRom35H4gRmtSZYBdMiblxuzibDCdeltnzSXj417cvk/0?wx_fmt=jpeg,50岁以后,其他,熟龄人群的日常见闻,20,泛人群,通用,好奇/实用,获得信息,事件切入型,921432_微信24h热文榜_20260907.csv,唯一,未命中历史老年主题分类，保留待人工判断
T0151,2026-09-06,2026-09-06,1,100000,100000,第一次写礼簿，主家说下次不用我了,,2026-09-06 14:00:09,https://mp.weixin.qq.com/s?__biz=MzY5NDA2NTU5Mg==&mid=2247489047&idx=1&sn=d070a5b17136d498399c3749a0af3f62,http://mmbiz.qpic.cn/mmbiz_jpg/Cicjbfc7GNDD0oicZE2tMVg8Evr1LIqgszB9Whw5b5PwOqlzM5WdwibsyBLhjO48mZlmfSEA7SfvuiaOXuqyBr1aaLSiaZlKajEGRibcp4nQsOZxE/0?wx_fmt=jpeg,50岁以后,人情往来与情绪生活,熟龄人群的日常见闻,85,50岁以上,通用,好奇/实用,获得信息,故事型,921432_微信24h热文榜_20260906.csv,唯一,引用历史老年主题分类或规则映射
T0152,2026-09-06,2026-09-06,1,100000,100000,岁月无声，岁月无情……,,2026-09-06 14:00:09,https://mp.weixin.qq.com/s?__biz=MzU2OTU2OTkxOQ==&mid=2247485482&idx=1&sn=26534cefe27290a862e1e8195244cc63,http://mmbiz.qpic.cn/sz_mmbiz_jpg/MmejohT0VicmZGexzh8LeZHJbHS1JcEtRFXXiaqlicOZgNqRFKTuab2A3DqYrEpazq7YW24tDWvGk9Zclj8h15q0jeg4ooKdprfCpVyGnoAoR0/0?wx_fmt=jpeg,50岁以后,其他,熟龄人群的日常见闻,20,泛人群,通用,好奇/实用,获得信息,数字切入型,921432_微信24h热文榜_20260906.csv,唯一,未命中历史老年主题分类，保留待人工判断
T0153,2026-09-06,2026-09-06,1,100000,100000,张雪峰看景甜那一眼，让我浮想联翩,,2026-09-06 14:00:09,https://mp.weixin.qq.com/s?__biz=MzY5NTMxNDgwMw==&mid=2247486184&idx=1&sn=0cb7aff1c8207e8ca31a23bd984c0243,http://mmbiz.qpic.cn/mmbiz_jpg/lltrKTDUUsHjFqnr66iakeJFjbTwicyv59NvFCLGrSSCnmjYlPm9AwWAVs2DficBzWKQnJuJBSoaicD95hYMIX9O5BVvWqposK3211qib9eZbboY/0?wx_fmt=jpeg,50岁以后,其他,熟龄人群的日常见闻,20,泛人群,通用,好奇/实用,获得信息,故事型,921432_微信24h热文榜_20260906.csv,唯一,未命中历史老年主题分类，保留待人工判断
T0154,2026-09-06,2026-09-06,1,100000,100000,五五开结婚不到一个月，网友就劝其离婚，巴旦木公主直接开喷：你疯了？我和老公至今没吵过架,,2026-09-06 14:00:09,https://mp.weixin.qq.com/s?__biz=MzIxNDE2OTg3Ng==&mid=2247533435&idx=1&sn=f9a2b25e0f85003f45fd71f39357edcb,https://mmbiz.qpic.cn/mmbiz_jpg/YhVqxU7OSG9EnEAjHib0d2YUzXHFR0E4FoNdZnhbTf5k1VBkB5R1YS1zfQqsuvYLemTribj6exCcpd8wicZQ8Vwu0zKrZicDmgWnkF95wgtibzRU/0?wx_fmt=jpeg,50岁以后,晚年婚姻与亲密关系,晚年伴侣与亲密边界,85,50岁以上,男性偏强,好奇/实用,关系处理,问题型,921432_微信24h热文榜_20260906.csv,唯一,引用历史老年主题分类或规则映射
T0155,2026-09-06,2026-09-06,1,100000,100000,一位北漂的姑娘遭遇公司裁员，不得已匆忙收拾行李搬家,,2026-09-06 14:00:09,https://mp.weixin.qq.com/s?__biz=MzYzNDI5NjkwNw==&mid=2247486568&idx=1&sn=9aad5f9cb8f1af9340c3e264b219369f,http://mmbiz.qpic.cn/sz_mmbiz_jpg/jicdzdjDGdhGqGcNuib7OCBZAr5w8MfnLlZqib4bibOzZn24HYDyauLt9VOsBMdFJeSkJ85vWCe2abyoVN2JgeQqicxGjwAQP7T1Tia5kMIrUzzog/0?wx_fmt=jpeg,50岁以后,其他,熟龄人群的日常见闻,20,泛人群,通用,好奇/实用,获得信息,事件切入型,921432_微信24h热文榜_20260906.csv,唯一,未命中历史老年主题分类，保留待人工判断
T0156,2026-09-06,2026-09-06,1,100000,100000,奇迹真的会发生,,2026-09-06 14:00:09,https://mp.weixin.qq.com/s?__biz=MzYyNDMyOTk0OA==&mid=2247486300&idx=1&sn=0aadf1dd4d2ce6a6190a9c767ad3aa65,http://mmbiz.qpic.cn/sz_mmbiz_jpg/ibKChXMiaVZkqMic3PaYzkGzjwn7JtsbmHactUgyZM2YFdMcIRymyM2W9mCAJ5wu0gLV5IxvuNLwEa0SPsvibR9OAicquRRgN3WtMVjWUYGx87yQ/0?wx_fmt=jpeg,50岁以后,其他,熟龄人群的日常见闻,20,泛人群,通用,好奇/实用,获得信息,事件切入型,921432_微信24h热文榜_20260906.csv,唯一,未命中历史老年主题分类，保留待人工判断
T0157,2026-09-06,2026-09-06,1,100000,100000,终于明白！蒋介石与宋美龄为何一辈子不睡同一间房,,2026-09-06 14:00:09,https://mp.weixin.qq.com/s?__biz=MzYzNjU0NzIxNw==&mid=2247484868&idx=1&sn=4432959fe05e3480cdb1236c48345109,https://mmbiz.qpic.cn/sz_mmbiz_jpg/cS8VzQicwetA8MgynQvtibepZ4J7z1I8HKkzvujnicZdXc6hZXbs3GNtcXfkWAz7kbdLxDHdyCPlIwXCdJVWhoLowM2Zk1JS1ThJajQZa7VgFM/0?wx_fmt=jpeg,50岁以后,晚年婚姻与亲密关系,晚年伴侣与亲密边界,85,50岁以上,通用,好奇/实用,关系处理,事件切入型,921432_微信24h热文榜_20260906.csv,唯一,引用历史老年主题分类或规则映射
T0158,2026-09-06,2026-09-06,1,100000,100000,婆婆藏在衣柜多年的被子，我拆下被单，被芯全是污秽，婆婆说这是她妹给她的不能扔。,,2026-09-06 14:00:09,https://mp.weixin.qq.com/s?__biz=MzYzNDA2Njk2NQ==&mid=2247487353&idx=1&sn=721a13d8aad617a40714530dbff201c5,https://mmbiz.qpic.cn/sz_mmbiz_jpg/sjWZLVfChLlYfwH9RZpjQI7V626duLw3weGxe4iaIgpGtDOWafMXob7UCpvkeO56YTdtRn8KTp69htveE6N1MFOKHyfMenWXAm2LibJ0sXXxE/0?wx_fmt=jpeg,50岁以后,代际关系与家庭边界,子女关系与家庭边界,85,50岁以上,通用,焦虑提醒,关系处理,故事型,921432_微信24h热文榜_20260906.csv,唯一,引用历史老年主题分类或规则映射
T0159,2026-09-06,2026-09-06,1,100000,100000,第六届长安科技生态大会启幕｜长安天枢领航技术正式发布 长安启源Q06开启预售,,2026-09-06 14:00:09,https://mp.weixin.qq.com/s?__biz=MjM5Mjk1MzM0MQ==&mid=2650663148&idx=1&sn=91dc7467eea76c0758a356443c2d47cc,https://mmbiz.qpic.cn/mmbiz_jpg/xS1QYiaAQD0D01ZskVc2FvxZaMfvspmJK5kb5NgoHGa4AwcxlewabLfQdGw7LelEeUN8yj87PtrnIm1DsBzwSXS1kPCaHXKscNJzj3K6yZbw/0?wx_fmt=jpeg,50岁以后,其他,熟龄人群的日常见闻,20,泛人群,通用,信息获得,获得信息,政策信息型,921432_微信24h热文榜_20260906.csv,唯一,未命中历史老年主题分类，保留待人工判断
T0160,2026-09-06,2026-09-06,1,100000,100000,老娘没去国外，这里是广西涠洲岛,,2026-09-06 14:00:09,https://mp.weixin.qq.com/s?__biz=MzkzNDkwNTg4NA==&mid=2247499228&idx=1&sn=0baeae60c0264cd40a5824d884507330,http://mmbiz.qpic.cn/sz_mmbiz_jpg/blHamyAtANGGGJ4iaXF47CAUYeiaxmicGhPGiaP58oaVFACJscfdWzs3iaVQ6gvBalxWybeoG3g1NYUyl2uhTa39ACrsVOvvhCSqePL7FBliaNZck/0?wx_fmt=jpeg,50岁以后,其他,熟龄人群的日常见闻,20,泛人群,通用,好奇/实用,获得信息,事件切入型,921432_微信24h热文榜_20260906.csv,唯一,未命中历史老年主题分类，保留待人工判断
T0121,2026-09-05,2026-09-05,1,100000,100000,连水珠的排列都有其自己的规律，何况人间世事，一切顺其自然就好,,2026-09-05 14:00:09,https://mp.weixin.qq.com/s?__biz=MzkxMTM5NTk3MQ==&mid=2247484381&idx=1&sn=e715635c2da3481e2ed086908ccae14c,http://mmbiz.qpic.cn/sz_mmbiz_jpg/cy7zztoThhbTEfbgsTA4EPXYqvk4tiaNOueP2VL42GWLLyVL0mZXjtyQ2icMh3NmKvhFicspJkMR06EMcjnjbVDRtpgVoU8SKItuut36ZwR04E/0?wx_fmt=jpeg,50岁以后,其他,熟龄人群的日常见闻,20,泛人群,通用,好奇/实用,获得信息,事件切入型,921432_微信24h热文榜_20260905.csv,唯一,未命中历史老年主题分类，保留待人工判断
T0122,2026-09-05,2026-09-05,1,100000,100000,尽量比别人漂亮一点,,2026-09-05 14:00:09,https://mp.weixin.qq.com/s?__biz=MzYzNzY2NzA4MA==&mid=2247486825&idx=1&sn=8f39d076e063c1279a26226a170fd194,http://mmbiz.qpic.cn/mmbiz_jpg/nHtPVsq3kibFzvHic2SwRqZbkqNBotWicbgufWhGm3WCkA02AYL1lsia9PdSHS7LkVyETfTXjXgfFke7RicDTq1KT6ibzT3aNeVsvuehZ6AmQNwsE/0?wx_fmt=jpeg,女人的下半场,女性年龄与自我认同,女人年龄与自我价值,85,50岁以上,通用,好奇/实用,自我认同,提醒警示型,921432_微信24h热文榜_20260905.csv,唯一,引用历史老年主题分类或规则映射
T0123,2026-09-05,2026-09-05,1,100000,100000,90后首富仅当一天，上市两天蒸发1600亿，创始人将成第二个许家印,,2026-09-05 14:00:09,https://mp.weixin.qq.com/s?__biz=MzkzMzYxMjk3Nw==&mid=2247707188&idx=2&sn=ecabce01e69859b9838d8bbff57e5833,https://mmbiz.qpic.cn/mmbiz_jpg/BMokdrjYnERlKouBaHrV3aqM6HmRwMJXMzmZKSMTQ6iaXmI42uZqgr0sfKpE9icqCTyS7L6nsDIDBxeW3Knpf2ZL5DcNjqJ6gg66jzbQfQxGA/0?wx_fmt=jpeg,50岁以后,其他,熟龄人群的日常见闻,20,泛人群,通用,好奇/实用,获得信息,事件切入型,921432_微信24h热文榜_20260905.csv,唯一,未命中历史老年主题分类，保留待人工判断
T0124,2026-09-05,2026-09-05,1,100000,100000,这是台湾巨富郭台铭和妻子曾馨莹同框合影,,2026-09-05 14:00:09,https://mp.weixin.qq.com/s?__biz=Mzk1NzU4NTA0MA==&mid=2247487376&idx=1&sn=1396509701d352d9750ac40eb2a26059,http://mmbiz.qpic.cn/mmbiz_jpg/LZRTZqvX16oLhn2PZyYQoWDVduE32toddh38wg3gjmCW4G5hZz1q4r8Gs8iahjQUGUHt4DHtx5iaezFSUrnazOu2ak97FASiafDojPz0ZKvTGU/0?wx_fmt=jpeg,50岁以后,其他,熟龄人群的日常见闻,20,泛人群,女性偏强,好奇/实用,获得信息,事件切入型,921432_微信24h热文榜_20260905.csv,唯一,未命中历史老年主题分类，保留待人工判断
T0125,2026-09-05,2026-09-05,1,100000,100000,跑了3000公里的腿，和不跑步的腿一对比，还是有很大不同啊,,2026-09-05 14:00:09,https://mp.weixin.qq.com/s?__biz=MzYzMzI5NjE5Mg==&mid=2247488929&idx=1&sn=f292706f6f744b1b2f66ffa6b8c9f2ee,http://mmbiz.qpic.cn/sz_mmbiz_jpg/TbNsPWQKN99wv5x5b8AODTFibGZ5SlLXQI4rc0VVSMSv2YkYSLBQ1VhcGljDEMUWNT8HVPTI3pNKtGAoDo3vNAJsn5iceFAEwib5WHsONVEF4E/0?wx_fmt=jpeg,50岁以后,健康饮食与运动,50岁后的健康管理,85,50岁以上,通用,好奇/实用,改善身体,事件切入型,921432_微信24h热文榜_20260905.csv,唯一,引用历史老年主题分类或规则映射
T0126,2026-09-05,2026-09-05,1,100000,100000,上午检查，中午就爆炸！一企业年迎检326次，接待检查人员5344人次！2026已明确：杜绝随意检查、频繁检查、形式检查乱象！,,2026-09-05 14:00:09,https://mp.weixin.qq.com/s?__biz=MzU1NjcxNTYxNg==&mid=2248256484&idx=1&sn=3c69abb0821aba302a77ecb545adc108,https://mmbiz.qpic.cn/mmbiz_jpg/TMsFqrC8vmFURDdEHWzA15nUhfciaSrsmHdZe5XnIb7kRrHUNeqaiclounJ0WqdEzETSdfE1CaaZ4x49suLfOUXz2DML7W8gIwvmQ67J0KIXs/0?wx_fmt=jpeg,50岁以后,其他,熟龄人群的日常见闻,20,泛人群,通用,好奇/实用,获得信息,事件切入型,921432_微信24h热文榜_20260905.csv,唯一,未命中历史老年主题分类，保留待人工判断
T0127,2026-09-05,2026-09-05,1,100000,100000,不予立案不予受理之后，朱女士直面取证难题,,2026-09-05 14:00:09,https://mp.weixin.qq.com/s?__biz=MzkzNDM3ODMzMw==&mid=2247489334&idx=1&sn=6b9c539e48377098fc7b100acecda6c0,http://mmbiz.qpic.cn/sz_mmbiz_jpg/iclKlKibZd34niaUFRQaU0LHR2JARHoiacfcTGKQNP9b6eJhGdicdV5LxF2WqmqibhFbGFk30VcXYdEDEnVibwJWVZjtJDhKqrcuVN6XPiaib09y89GE/0?wx_fmt=jpeg,50岁以后,其他,熟龄人群的日常见闻,20,泛人群,通用,好奇/实用,获得信息,事件切入型,921432_微信24h热文榜_20260905.csv,唯一,未命中历史老年主题分类，保留待人工判断
T0128,2026-09-05,2026-09-05,1,100000,100000,怎么下的去嘴,,2026-09-05 14:00:09,https://mp.weixin.qq.com/s?__biz=MzYzMzgxOTE0Mg==&mid=2247484793&idx=1&sn=04abe5ba3cc2e9026985f9ffc5dd832d,http://mmbiz.qpic.cn/mmbiz_jpg/teiaSgB4icPYmEMMPXyM62KPTTm8uBR7lOiagFEXcRJ0iclpibUrKicOhsuqBxOAJKNiaIpUjchpg20YaCoLWOia8IEib7ZSVpabTiayXibnGmvjBLTO1s/0?wx_fmt=jpeg,50岁以后,其他,熟龄人群的日常见闻,20,泛人群,通用,好奇/实用,获得信息,事件切入型,921432_微信24h热文榜_20260905.csv,唯一,未命中历史老年主题分类，保留待人工判断
T0129,2026-09-05,2026-09-05,1,100000,100000,你是你吃出来的！,,2026-09-05 14:00:09,https://mp.weixin.qq.com/s?__biz=MzcwMjExNzc4OA==&mid=2247486166&idx=1&sn=d244b8a1a6473aee198756215262e530,http://mmbiz.qpic.cn/mmbiz_jpg/ojqXtlibMVibLEaibPVHWSkI88lqhpfL534kt2JO7N7mx21zYYebSqvMCoXoh4GInTGVuXibwDCibm5b2mtOnAiaplq54wQHmibo2dQKvqXSUThnhI/0?wx_fmt=jpeg,50岁以后,其他,熟龄人群的日常见闻,20,泛人群,通用,好奇/实用,获得信息,事件切入型,921432_微信24h热文榜_20260905.csv,唯一,未命中历史老年主题分类，保留待人工判断
T0130,2026-09-05,2026-09-05,1,100000,100000,为什么军委规定战士吃鸡蛋要吃整个的煮鸡蛋，不允许炒和蒸,,2026-09-05 14:00:09,https://mp.weixin.qq.com/s?__biz=MzYzODU1NTYwOQ==&mid=2247485802&idx=1&sn=abff74578322eb01c170cc80dd656b43,https://mmbiz.qpic.cn/sz_mmbiz_jpg/9tNBPrelSSGHib3fNM1o4nq8O1Gh0q0OgKv6nbRrdeV7rpnWVejHZ63RtbxYicuhCIdeD8icSqQDzx2cJ9ntzGb4iaqKarP0Wd8VJfkzB2geicg4/0?wx_fmt=jpeg,50岁以后,其他,熟龄人群的日常见闻,20,泛人群,通用,好奇/实用,获得信息,事件切入型,921432_微信24h热文榜_20260905.csv,唯一,未命中历史老年主题分类，保留待人工判断
T0131,2026-09-05,2026-09-05,1,100000,100000,女高音龚爽去世，年仅37岁 | 逝者,,2026-09-05 14:00:09,https://mp.weixin.qq.com/s?__biz=MzIwODEwODA1OQ==&mid=2247489219&idx=1&sn=232cb1bedfc47c303d0cea17a3a1022e,https://mmbiz.qpic.cn/sz_mmbiz_jpg/fhSnXXPamEm9iaLg0JQA1WRdMVrPDy08YBreFSest21qULwMIUpa2hSMicuib6159MGWgEUaT7ib7YuFEvky3VbIqxUmwGhWibqZcmCp9gmPdJvQ/0?wx_fmt=jpeg,50岁以后,身后安排与告别,晚年告别与身后安排,85,50岁以上,通用,情感共鸣,获得信息,数字切入型,921432_微信24h热文榜_20260905.csv,唯一,引用历史老年主题分类或规则映射
T0132,2026-09-05,2026-09-05,1,100000,100000,原来拔牙也分等级！,,2026-09-05 14:00:09,https://mp.weixin.qq.com/s?__biz=MzcwNzA3MTU3NA==&mid=2247485066&idx=1&sn=a0254b78596d3503311ccafaeb6e6549,http://mmbiz.qpic.cn/mmbiz_jpg/9SVRzdMEQp1Etk6iaEhQDfGbZprq23a0E3HSic0rXyvp4vsYNZOMCXTJ3asmkfyBpj4rQI6icVY8UcXT3CjSILjC1JOd8O9L5feTia7Jj5REUwM/0?wx_fmt=jpeg,50岁以后,健康饮食与运动,50岁后的健康管理,85,50岁以上,通用,好奇/实用,改善身体,事件切入型,921432_微信24h热文榜_20260905.csv,唯一,引用历史老年主题分类或规则映射
T0133,2026-09-05,2026-09-05,1,100000,100000,沃尔玛还是懂营销的！贴错标签，网友900元买下RTX 5070：商家含泪成交,,2026-09-05 14:00:09,https://mp.weixin.qq.com/s?__biz=MzUyMDA5OTI3OA==&mid=2247545772&idx=1&sn=afe299e436d4f126bd8f05db3409697f,https://mmbiz.qpic.cn/mmbiz_jpg/3qFF1HAWh0eW5pl8rIN6zszUa2CoWlMIDQYjtJXAzzePptW5Zae7buHw9oIEBu9nt4Iec4ic8kkFgtVg8yJ61ibN3OHrN2GXtia9qnRwtDslic8/0?wx_fmt=jpeg,50岁以后,其他,熟龄人群的日常见闻,20,泛人群,通用,好奇/实用,获得信息,事件切入型,921432_微信24h热文榜_20260905.csv,唯一,未命中历史老年主题分类，保留待人工判断
T0134,2026-09-05,2026-09-05,1,100000,100000,专家用了50年的数据，推演出2030年金价：金价或暴跌至这一区间！,,2026-09-05 14:00:09,https://mp.weixin.qq.com/s?__biz=MzU1MDYxNzMzMA==&mid=2247548627&idx=2&sn=256fab0b0692b46774da04dc16475f0b,https://mmbiz.qpic.cn/sz_mmbiz_jpg/GExApqht1IvfiaGj2VWWrwWddRdp7kllylYQZGiaqaXFaBPPDJJ88pg0gWypXj1TjgapZqUiaXeRicNpia3D0LHe8Iym2SbcGUyKydI0MsowKE1s/0?wx_fmt=jpeg,50岁以后,其他,熟龄人群的日常见闻,20,泛人群,通用,好奇/实用,获得信息,事件切入型,921432_微信24h热文榜_20260905.csv,唯一,未命中历史老年主题分类，保留待人工判断
T0135,2026-09-05,2026-09-05,1,100000,100000,是眼花了吗？双视角的视觉错位｜创意思路,,2026-09-05 14:00:09,https://mp.weixin.qq.com/s?__biz=MzAwMTEyNTg2OQ==&mid=2453452712&idx=1&sn=80503b886673881b2ded6e01dae0f592,http://mmbiz.qpic.cn/mmbiz_jpg/yWImibmP2sAcicaK7KX5mjJhQrx8Jh2wHvdpU4KxgFTMAaiaZemKn3yvibhntueZCUicbHNmmiaQ2RfiaB5bibiaNrcU9ic2TgvDYRY4gPQBFEvrbC9vY/0?wx_fmt=jpeg,50岁以后,其他,熟龄人群的日常见闻,20,泛人群,通用,好奇/实用,获得信息,问题型,921432_微信24h热文榜_20260905.csv,唯一,未命中历史老年主题分类，保留待人工判断
T0136,2026-09-05,2026-09-05,1,100000,100000,赛考斯已经行动！要做桥梁！,,2026-09-05 14:00:09,https://mp.weixin.qq.com/s?__biz=MzIwNTAzNTI1Ng==&mid=2455105475&idx=1&sn=426411d5445de7ce7187145c9b0128bf,http://mmbiz.qpic.cn/mmbiz_jpg/1iakcLYEjTL04UlMgx7RoZMt3Sciasyul7VrGVPUhiazlMlnpLewQiausKTicicWfSQNu4qpgIeLANqoLaUuHNg8G5sfQdgtYCccYO3rHSTticlibIw/0?wx_fmt=jpeg,50岁以后,其他,熟龄人群的日常见闻,20,泛人群,通用,好奇/实用,获得信息,事件切入型,921432_微信24h热文榜_20260905.csv,唯一,未命中历史老年主题分类，保留待人工判断
T0091,2026-09-04,2026-09-04,1,100000,100000,汪小菲新旧两张全家福，物是人非，皆是人生,,2026-09-04 14:00:08,https://mp.weixin.qq.com/s?__biz=MzY5OTMzNzU1MA==&mid=2247485533&idx=1&sn=23d792c950f9f15e2e6a1c0ce41cdbc7,http://mmbiz.qpic.cn/sz_mmbiz_jpg/lD2NVgcffQpWoYaXqNYl9FAdkYucFeytfjY9AyNIHZ7Ow32dQ3c9vOn7ULSQfncicY0k2d6XVvkseRZUk1TW8r31B9KGvMhXA562EicWoBFuQ/0?wx_fmt=jpeg,50岁以后,其他,熟龄人群的日常见闻,20,泛人群,通用,好奇/实用,获得信息,事件切入型,921432_微信24h热文榜_20260904.csv,唯一,未命中历史老年主题分类，保留待人工判断
T0092,2026-09-04,2026-09-04,1,100000,100000,福建全村偷渡美国：赚遍美金盖遍洋楼，最后无家可归,,2026-09-04 14:00:08,https://mp.weixin.qq.com/s?__biz=MzY5NTExNTI4Mw==&mid=2247490088&idx=1&sn=4bd019506faee2437d9f809a85669472,https://mmbiz.qpic.cn/mmbiz_jpg/UYNdfs8snDJP5VG5EDLm7hZIYjK02qq4AMY77PibROrricaia1IdhWkDB0voVyePDHgMacqKbv4R6Uvf8iaISjsictlOtibRSZNicib0SQXmUBIyEdY/0?wx_fmt=jpeg,50岁以后,其他,熟龄人群的日常见闻,20,泛人群,通用,好奇/实用,获得信息,事件切入型,921432_微信24h热文榜_20260904.csv,唯一,未命中历史老年主题分类，保留待人工判断
T0093,2026-09-04,2026-09-04,1,100000,100000,100-400mm拍人像？对✅还特别出片呢！,,2026-09-04 14:00:08,https://mp.weixin.qq.com/s?__biz=MzA4MTA3Mzg3Mg==&mid=2651724363&idx=1&sn=5b388bba46b46ac438dd0b689d8de38d,http://mmbiz.qpic.cn/sz_mmbiz_jpg/vOrp5kaibuT9nnS9txDXibqSZ96KYWiausJXL6ic29rQNcKjcXib5nSRrZic3qFvBDxXOY1icOKpuZ6YJo6mrrTUuciaZ0qNhIA0cfeVRYw3vmEowAU/0?wx_fmt=jpeg,50岁以后,其他,熟龄人群的日常见闻,20,泛人群,通用,好奇/实用,获得信息,问题型,921432_微信24h热文榜_20260904.csv,唯一,未命中历史老年主题分类，保留待人工判断
T0094,2026-09-04,2026-09-04,1,100000,100000,她凭什么被封为“”平民天后”？,,2026-09-04 14:00:08,https://mp.weixin.qq.com/s?__biz=MzY0MDk4MDQ2Mw==&mid=2247484054&idx=1&sn=ea69f9c85b6fc577ecc5c4364aa949d9,http://mmbiz.qpic.cn/mmbiz_jpg/lwxKhqbLMEquJH9oCAAMMpoGALibjaGdzoicIzTnh6nia5TUt7lbfHfThnib1WtHibTsfvBHrnOS66CErhVTsXt7O7zBibhD4P1XDPyFW2C0XIxKY/0?wx_fmt=jpeg,50岁以后,其他,熟龄人群的日常见闻,20,泛人群,通用,好奇/实用,获得信息,问题型,921432_微信24h热文榜_20260904.csv,唯一,未命中历史老年主题分类，保留待人工判断
T0095,2026-09-04,2026-09-04,1,100000,100000,狗头萝莉发表道歉声明，不能陪大家好好约会有愧，重操旧业录制综艺穿古装，网友：梦回当年,,2026-09-04 14:00:08,https://mp.weixin.qq.com/s?__biz=MzIxNDE2OTg3Ng==&mid=2247533297&idx=2&sn=226f94c3ae0adbaaa63313aedc38d147,https://mmbiz.qpic.cn/mmbiz_jpg/YhVqxU7OSGiccmfbduJDIP3J3zib4ThfTKTxn3HxT5b7AlRcEWBic9Tibicia8BlzXqNvS6MmQS4TOj4BYqb2wSTId5tSnvWiassBRBsa1aPNibOqiaU/0?wx_fmt=jpeg,50岁以后,其他,熟龄人群的日常见闻,20,泛人群,通用,焦虑提醒,获得信息,事件切入型,921432_微信24h热文榜_20260904.csv,唯一,未命中历史老年主题分类，保留待人工判断
T0096,2026-09-04,2026-09-04,1,100000,100000,被喊“下架”的央视大剧，中年人都看沉默了,,2026-09-04 14:00:08,https://mp.weixin.qq.com/s?__biz=MzkyNTc2MjUzMg==&mid=2247491548&idx=1&sn=99440af62f6f5b58be97ed72eb812a2a,http://mmbiz.qpic.cn/sz_mmbiz_jpg/ibJIRVicDlwRBjhHd5Iw4caw4atNN8Yqibyha52svY42J8qIyLVvqGKNthgYGrsliazFcsG4mnIpY8NNibWcQRyHz7sicuibbxMibuLpGX2libvouvO0/0?wx_fmt=jpeg,50岁以后,其他,熟龄人群的日常见闻,20,泛人群,通用,焦虑提醒,获得信息,事件切入型,921432_微信24h热文榜_20260904.csv,唯一,未命中历史老年主题分类，保留待人工判断
T0097,2026-09-04,2026-09-04,1,100000,100000,各省离婚人数排名,,2026-09-04 14:00:08,https://mp.weixin.qq.com/s?__biz=MzYzMjg3ODU3NA==&mid=2247488703&idx=1&sn=405f426b078896a67d4a917b354cc0a7,https://mmbiz.qpic.cn/sz_mmbiz_jpg/Nsoh7kwlpts9NHEyVSG3o2Tibm3JR43R5qRoHHTHkPMs9a2BrFkb6FFiafFYBUd9vFf0PicNceoHyORzzy11HwSicr0HdYZnR0edJic3NicBRs9JU/0?wx_fmt=jpeg,50岁以后,其他,熟龄人群的日常见闻,20,泛人群,通用,好奇/实用,获得信息,事件切入型,921432_微信24h热文榜_20260904.csv,唯一,未命中历史老年主题分类，保留待人工判断
T0061,2026-09-03,2026-09-03,1,100000,100000,方媛大赞郭富城身材好，穿什么衣服都帅,,2026-09-03 14:00:10,https://mp.weixin.qq.com/s?__biz=MzY4OTI3NzYzNA==&mid=2247486521&idx=1&sn=e4627ac52ce935273c1b3d6750900992,http://mmbiz.qpic.cn/sz_mmbiz_jpg/xWWqWEGdRJE7G7WhgDdX9g2UGzuEW9eT4C3yd7WrKZyiaGfwvcXjlicaB1qvApe0x2xdx50n5WLzwtpibznUOF8dNxeJnlrPgqeHbOSVoduQHo/0?wx_fmt=jpeg,50岁以后,其他,熟龄人群的日常见闻,20,泛人群,通用,好奇/实用,获得信息,事件切入型,921432_微信24h热文榜_20260903.csv,唯一,未命中历史老年主题分类，保留待人工判断
T0062,2026-09-03,2026-09-03,1,100000,100000,实用的床帘，我给大大的赞,,2026-09-03 14:00:10,https://mp.weixin.qq.com/s?__biz=MzI4NDA1OTc5MA==&mid=2247487640&idx=1&sn=e45ef44162a82527b7db3ed2036682b2,http://mmbiz.qpic.cn/mmbiz_jpg/JbU9Dm1XqREHtOrIyr6eaKHFPaOeR24nWdqoU5dWyMibxK5Nqv6ujaRBn4b7saCWTTtL7UOwI73bCfTdUZricry6tvm3e1drnMl84nGstxicoI/0?wx_fmt=jpeg,50岁以后,其他,熟龄人群的日常见闻,20,泛人群,通用,好奇/实用,获得信息,故事型,921432_微信24h热文榜_20260903.csv,唯一,未命中历史老年主题分类，保留待人工判断
T0063,2026-09-03,2026-09-03,1,100000,100000,观音持枪射击图：确实是300多年前的文物,,2026-09-03 14:00:10,https://mp.weixin.qq.com/s?__biz=MzI0Njc3MzY5OA==&mid=2247552785&idx=2&sn=3da91fd64516ed9452cf99fe8d77dd80,https://mmbiz.qpic.cn/mmbiz_jpg/eSw40rGgpOjWgvIianPicTAa99oJeAqKp5ia1l3AU52UahCVMwwuo7Iy42cDyeLV9G1ox9CcxE1VWb5x5df7bWPnkxBicyh9pHKEtZ3rMWTw21E/0?wx_fmt=jpeg,50岁以后,其他,熟龄人群的日常见闻,20,泛人群,通用,好奇/实用,获得信息,事件切入型,921432_微信24h热文榜_20260903.csv,唯一,未命中历史老年主题分类，保留待人工判断
T0064,2026-09-03,2026-09-03,1,100000,100000,有地铁或轻轨的城市,,2026-09-03 14:00:10,https://mp.weixin.qq.com/s?__biz=MzYzOTIzODg2OA==&mid=2247499679&idx=1&sn=07f91f8d0b0602ca942ed7797fdf1bbb,http://mmbiz.qpic.cn/mmbiz_jpg/yEawEics6ibEtsCooJWoIdW5Y5lry4RMgZ2IcV588piapV4r27Sk3D7tlkaknibBeXRUP309JLDo6OxxveG2K5M1EUq0MfY7hNjSL9iadUl3zuYI/0?wx_fmt=jpeg,50岁以后,其他,熟龄人群的日常见闻,20,泛人群,通用,好奇/实用,获得信息,事件切入型,921432_微信24h热文榜_20260903.csv,唯一,未命中历史老年主题分类，保留待人工判断
T0065,2026-09-03,2026-09-03,1,100000,100000,各省结婚人数排名,,2026-09-03 14:00:10,https://mp.weixin.qq.com/s?__biz=MzYzMjg3ODU3NA==&mid=2247488621&idx=1&sn=83f52d3aaabe7695b30fe805539be0f9,https://mmbiz.qpic.cn/sz_mmbiz_jpg/Nsoh7kwlptvXCldvoQoj3JKspicUFzPSCq4kbyfib6CqcreTh1aR6InWTjSMbiasz7r29micwOiatDicxCN5iaHQcwibqh1YDFAWFPYdmUcsHrUWWh8/0?wx_fmt=jpeg,50岁以后,晚年婚姻与亲密关系,晚年伴侣与亲密边界,85,50岁以上,通用,好奇/实用,关系处理,事件切入型,921432_微信24h热文榜_20260903.csv,唯一,引用历史老年主题分类或规则映射
T0066,2026-09-03,2026-09-03,1,100000,100000,幼儿园里其他人是杯子，就他还是奶瓶,,2026-09-03 14:00:10,https://mp.weixin.qq.com/s?__biz=MzYzMzg4MjE5Mw==&mid=2247485277&idx=1&sn=89586c313aa6ecbee985e67bb1d25bdc,http://mmbiz.qpic.cn/sz_mmbiz_jpg/4VjVWmL9vPdvYAp7BQSuOo7fbUdv4BhZR0IcCr7FFu7D3hoc4CTniavvdcL3HoGibHib4gKyUFyzjZBJmWI5tqtqdxW4EibIlrK33tDdWjBZsH0/0?wx_fmt=jpeg,50岁以后,其他,熟龄人群的日常见闻,20,泛人群,通用,好奇/实用,获得信息,事件切入型,921432_微信24h热文榜_20260903.csv,唯一,未命中历史老年主题分类，保留待人工判断
T0067,2026-09-03,2026-09-03,1,100000,100000,53岁穿牛仔裙回淄博农村，邻居一句“你怎么这么漂亮”，让我找回了自己,,2026-09-03 14:00:10,https://mp.weixin.qq.com/s?__biz=MzI5MzQ1MjY3OQ==&mid=2247496159&idx=1&sn=7dddd0e4e8cd865315c5dc1a971b77b7,https://mmbiz.qpic.cn/sz_mmbiz_jpg/Q4FXWcZ2Ott12xvic0lXokGtNPng96aDNsD680hiaC63Hsl9GkiaBWPN1PgcVy4fsoSI0e86PfuGibk7tHZJVhTjwib4CZXmJ1j9zkL9ugQiaWKeg/0?wx_fmt=jpeg,女人的下半场,女性年龄与自我认同,女人年龄与自我价值,85,50岁以上,通用,好奇/实用,自我认同,故事型,921432_微信24h热文榜_20260903.csv,唯一,引用历史老年主题分类或规则映射
T0068,2026-09-03,2026-09-03,1,100000,100000,惊天大案！PCB大厂高管集体被带走调查,,2026-09-03 14:00:10,https://mp.weixin.qq.com/s?__biz=MzkwOTQxOTI4NQ==&mid=2247495127&idx=1&sn=e131b9ad87a8e96c996abeda5b7899c0,https://mmbiz.qpic.cn/mmbiz_jpg/giaHouCicD4RAZHm8lHdYOVvBacEHFMqbemROxGvnnC6y5sJKnMibU8BMFLunRdGwFVagjtG8Ro9Jt4IjyFabH3yIooRwzPG7vgPoVRoT2pRrQ/0?wx_fmt=jpeg,50岁以后,其他,熟龄人群的日常见闻,20,泛人群,通用,好奇/实用,获得信息,事件切入型,921432_微信24h热文榜_20260903.csv,唯一,未命中历史老年主题分类，保留待人工判断
T0069,2026-09-03,2026-09-03,1,100000,100000,别过脑，相信你的眼睛,,2026-09-03 14:00:10,https://mp.weixin.qq.com/s?__biz=MzE5ODg0NjYwMQ==&mid=2247491920&idx=1&sn=c76e033bacbc788ad34ff7740a0b3475,http://mmbiz.qpic.cn/sz_mmbiz_jpg/SIRjHfJ4Zkx9tEsq36oEw85ywd9et30Y8FqHEwBgg3S5xzqcqic0ghcZOp8P79rfnmAjK0972v5Q1SzgXAPsSCsOhyUYicre64kHfsbRZSdJ4/0?wx_fmt=jpeg,50岁以后,其他,熟龄人群的日常见闻,20,泛人群,通用,好奇/实用,获得信息,提醒警示型,921432_微信24h热文榜_20260903.csv,唯一,未命中历史老年主题分类，保留待人工判断
T0070,2026-09-03,2026-09-03,1,100000,100000,又一网红“辛吉飞”宣布自己可能要失业，老板打算辞退他了，之后可能会去摆地摊。 他 已经在杭州深耕四年，巅峰时期全网粉丝突破600多万,,2026-09-03 14:00:10,https://mp.weixin.qq.com/s?__biz=MzY5MTMzMTg3MQ==&mid=2247484407&idx=1&sn=41f9687298ce1a72233fb8253486bee6,https://mmbiz.qpic.cn/mmbiz_jpg/NxZOMQq7xqcUv0aNf3JzF3HUJLvO7ITIKCgsqJAhBTIgibUWicV7icSDaaibbW70VDXNrBO2fw0hSj8qKhreEZjf4SP5jPIE06q8KFwLHvpJ8Iw/0?wx_fmt=jpeg,50岁以后,其他,熟龄人群的日常见闻,20,泛人群,通用,好奇/实用,获得信息,数字切入型,921432_微信24h热文榜_20260903.csv,唯一,未命中历史老年主题分类，保留待人工判断
T0071,2026-09-03,2026-09-03,1,100000,100000,怪就怪，停车位质量太差！,,2026-09-03 14:00:10,https://mp.weixin.qq.com/s?__biz=MzI0OTExNTgyNw==&mid=2649452127&idx=1&sn=2eab475da42dc33743c13fed6db3d570,http://mmbiz.qpic.cn/mmbiz_jpg/DG3szLvliaN1KcM0JLV98gKjRltUVmb0QUibdtRZBV9GU1MsG1VB0ypBOXRdGFgMYuryE6lZA8AhicYsNN6UjGJCiapRJMb1cicqeMlOOlYm8PFA/0?wx_fmt=jpeg,50岁以后,其他,熟龄人群的日常见闻,20,泛人群,通用,好奇/实用,获得信息,事件切入型,921432_微信24h热文榜_20260903.csv,唯一,未命中历史老年主题分类，保留待人工判断
T0072,2026-09-03,2026-09-03,1,100000,100000,贴图｜暖化的爱心：一份民间吉隆重建方案,,2026-09-03 14:00:10,https://mp.weixin.qq.com/s?__biz=MzYyMTI0NTYyMQ==&mid=2247487377&idx=1&sn=23c8c1876c19aecf7904608312f2af2e,http://mmbiz.qpic.cn/sz_mmbiz_jpg/7sETmqSDpgegjCtdAAtCvNXncRcm8xHGYsHdup1UKEk9TicZUglpyqVMWiaIQycCbcPsSPeyhkS3zf9TqZHfZq1kGLmIqqzvQ5cQbuML0jfRw/0?wx_fmt=jpeg,50岁以后,其他,熟龄人群的日常见闻,20,泛人群,通用,好奇/实用,获得信息,事件切入型,921432_微信24h热文榜_20260903.csv,唯一,未命中历史老年主题分类，保留待人工判断
T0073,2026-09-03,2026-09-03,1,100000,100000,入秋之后，多吃这些当季家常蔬菜，顺应时节养身体,,2026-09-03 14:00:10,https://mp.weixin.qq.com/s?__biz=Mzk1NzU1MDk4Ng==&mid=2247485986&idx=1&sn=29fb784d5e0722df88b9b64beb492684,http://mmbiz.qpic.cn/mmbiz_jpg/OKC8TDYhThP05tL6icrPefRyXtqjw0XCibTLvgpBibHqSs9wRnhfbNHzgDXMmW6ibW6wvBqdibhXcLKnVmKaFZKbBIaQEm2IThBy6p3pdibKClGsk/0?wx_fmt=jpeg,50岁以后,健康饮食与运动,50岁后的健康管理,85,50岁以上,通用,好奇/实用,改善身体,事件切入型,921432_微信24h热文榜_20260903.csv,唯一,引用历史老年主题分类或规则映射
T0074,2026-09-03,2026-09-03,1,100000,100000,全网都在数，黄景瑜有3只耳朵！,,2026-09-03 14:00:10,https://mp.weixin.qq.com/s?__biz=MzU2MTA3MTg2MA==&mid=2247555737&idx=1&sn=121ede75e0c0f841061d61af60aeccf2,https://mmbiz.qpic.cn/mmbiz_jpg/FfcQhWeOnVhW8bHlibR8yjbgibj7CS1UFUcR3VgnMdTibR8ZSHBz68bnBr1STwWN5WFnzf1LQPLmTx4iaahvTcbdIXK6V9blibkp19EOb4l1Giaicg/0?wx_fmt=jpeg,50岁以后,其他,熟龄人群的日常见闻,20,泛人群,通用,好奇/实用,获得信息,事件切入型,921432_微信24h热文榜_20260903.csv,唯一,未命中历史老年主题分类，保留待人工判断
T0075,2026-09-03,2026-09-03,1,100000,100000,这是怎样的一个姿势，让无数国人瞬间泪目。,,2026-09-03 14:00:10,https://mp.weixin.qq.com/s?__biz=MzY4MjAzNzU2Nw==&mid=2247485595&idx=1&sn=833ad0ad3bdfbedba355ad3c55794659,http://mmbiz.qpic.cn/mmbiz_jpg/om6VnVJLoDVorFWbjesI9delKRian96IXWX4Y2YozScDRJV4iaN4VB81wndXHZ8oQzonicusdCV6IIBlGAaSzrubQPvHgc0nu2jnl4aBwDVoA4/0?wx_fmt=jpeg,50岁以后,其他,熟龄人群的日常见闻,20,泛人群,通用,好奇/实用,获得信息,事件切入型,921432_微信24h热文榜_20260903.csv,唯一,未命中历史老年主题分类，保留待人工判断
T0076,2026-09-03,2026-09-03,1,100000,100000,宠妻狂魔,,2026-09-03 14:00:10,https://mp.weixin.qq.com/s?__biz=MzY5ODA3NTM0OQ==&mid=2247487763&idx=1&sn=8b663e26c16881cc0d7f81ac4c09fa48,http://mmbiz.qpic.cn/sz_mmbiz_jpg/DYmcO9MQb0KDobxSXCXxwbOx5qXhibxphL5FMUNMOUgN1wCFCcmKodbYSiaNd9ehDLtZwGdXYCMP8IlkRJ8Khqeo8FOd3Bdia2CYyH89gVMygI/0?wx_fmt=jpeg,50岁以后,其他,熟龄人群的日常见闻,20,泛人群,通用,好奇/实用,获得信息,事件切入型,921432_微信24h热文榜_20260903.csv,唯一,未命中历史老年主题分类，保留待人工判断
T0031,2026-09-02,2026-09-02,1,100000,100000,九月一日，早安！,,2026-09-02 14:00:10,https://mp.weixin.qq.com/s?__biz=Mzk4ODM4NjcxOA==&mid=2247485109&idx=1&sn=b1a3c0e19d05bd5b30e277dc8515b33e,http://mmbiz.qpic.cn/sz_mmbiz_jpg/HOFZ6HGCRJ9aS7UzjmSlNVaGaMcudtjs8EnwPmt45bFLJ4FQf4ZkA1eCnkgyGLj1BwtqVkqw0jTnWF2bj80MhvJV2xTUEhHezpnbSLugxz0/0?wx_fmt=jpeg,50岁以后,其他,熟龄人群的日常见闻,20,泛人群,通用,好奇/实用,获得信息,事件切入型,921432_微信24h热文榜_20260902.csv,唯一,未命中历史老年主题分类，保留待人工判断
T0032,2026-09-02,2026-09-02,1,100000,100000,其实王菲穿的也没那么贵,,2026-09-02 14:00:10,https://mp.weixin.qq.com/s?__biz=MzYzMTEzNzc4NQ==&mid=2247485958&idx=1&sn=e6c23d83e4824ef2a93c39f6352d08bc,http://mmbiz.qpic.cn/mmbiz_jpg/BCYmdusnfmlyksMjyDDiapibRlo0Oaib2kibmd8EvQmDjb4P9DZbLuo3uib7jukYY0sZ6XwYQ1nFZLlncqyzAWC6TsOpA9fD826MZBEz9ofTZQ8Y/0?wx_fmt=jpeg,50岁以后,其他,熟龄人群的日常见闻,20,泛人群,通用,好奇/实用,获得信息,事件切入型,921432_微信24h热文榜_20260902.csv,唯一,未命中历史老年主题分类，保留待人工判断
T0033,2026-09-02,2026-09-02,1,100000,100000,30元钥匙扣付出的巨大代价：一名驻港部队干部的惨痛教训,,2026-09-02 14:00:10,https://mp.weixin.qq.com/s?__biz=Mzk3NTk0NDkwMg==&mid=2247484167&idx=1&sn=af0ab0b040371fe829effa0fdaa3cc65,https://mmbiz.qpic.cn/sz_mmbiz_jpg/zBa7hDhYGJicibnPcEXZ88lrDlvmKkuWEm6IfaqfBINFWGTpZeWvRSTeRPvr7V5r70TKuGcuXP9JVVeTZCFtUeFl5kvUqKF0hRANJVa9HQ7kk/0?wx_fmt=jpeg,50岁以后,其他,熟龄人群的日常见闻,20,泛人群,通用,好奇/实用,获得信息,事件切入型,921432_微信24h热文榜_20260902.csv,唯一,未命中历史老年主题分类，保留待人工判断
T0034,2026-09-02,2026-09-02,1,100000,100000,受姐爱国的熏陶妹也选国防科大成战友好羡慕,,2026-09-02 14:00:10,https://mp.weixin.qq.com/s?__biz=Mzk4ODk0NjUwMQ==&mid=2247488602&idx=1&sn=0fd3482967c25425e02663bdfcc38bfb,http://mmbiz.qpic.cn/mmbiz_jpg/rH297VcX3CKMnEqiblVvok9kz5OdicGbiadwfN1X15KwyDftDSmgYiagI6ictv1spEbFN1cMyQZnrLlsqicPaJh1CyS1DaEnKaYb8RTXpjTaHoZkc/0?wx_fmt=jpeg,50岁以后,其他,熟龄人群的日常见闻,20,泛人群,通用,好奇/实用,获得信息,事件切入型,921432_微信24h热文榜_20260902.csv,唯一,未命中历史老年主题分类，保留待人工判断
T0035,2026-09-02,2026-09-02,1,100000,100000,央视《开学第一课》今晚开播！文末附观看入口,,2026-09-02 14:00:10,https://mp.weixin.qq.com/s?__biz=MzU3NDU5MzYxOQ==&mid=2247602713&idx=1&sn=6ed62848e4b8c5d0f797372e5ac8f4d4,https://mmbiz.qpic.cn/mmbiz_jpg/KwquGTUCeoEMhK83rmGmtW0adwHXmg65c7d2Jhia5spcs24BSZarpDAjfH5a2qS5Umg9lzuJ2Ixy3Z9A2PoLcFPGq0WYBQd5Yj3ibAAfA2ITQ/0?wx_fmt=jpeg,50岁以后,其他,熟龄人群的日常见闻,20,泛人群,通用,好奇/实用,获得信息,事件切入型,921432_微信24h热文榜_20260902.csv,唯一,未命中历史老年主题分类，保留待人工判断
T0036,2026-09-02,2026-09-02,1,100000,100000,74岁刘晓庆素颜遭群嘲，真相让人惭愧,,2026-09-02 14:00:10,https://mp.weixin.qq.com/s?__biz=MzY4NDM3MjQzMQ==&mid=2247486199&idx=1&sn=ac69dbe1506761d6a72ed5a9313d78f6,http://mmbiz.qpic.cn/mmbiz_jpg/ic34ib510k35lwVpahMYfcoUHA0siaxibAic1vqTWiaS0MwbepfsJHmMYbY1TdXbPShGmPXUV5sGkz1USbo8UC53cYBKU3HictKvl6oMpQnaPIEvII/0?wx_fmt=jpeg,50岁以后,女性年龄与自我认同,女人年龄与自我价值,85,50岁以上,通用,好奇/实用,自我认同,数字切入型,921432_微信24h热文榜_20260902.csv,唯一,引用历史老年主题分类或规则映射
T0037,2026-09-02,2026-09-02,1,100000,100000,吴柳芳：我没刘翔那命，只有16万买断,,2026-09-02 14:00:10,https://mp.weixin.qq.com/s?__biz=MzY5NjM4MTgwMA==&mid=2247484365&idx=1&sn=c9086b6a2e7fa33dc297cb4d7c0f69ef,https://mmbiz.qpic.cn/mmbiz_jpg/KsibqSTmD4HxpvwibQpV5DcIs8ldZ47IH3MMnItVT9z8NXrvDibDiaf0xiagylGAhNAOnTb0icBcMhMrsAbSzrvY6K38gyBiahEAlhEdqXu9hHK8o4/0?wx_fmt=jpeg,50岁以后,其他,熟龄人群的日常见闻,20,泛人群,通用,好奇/实用,获得信息,故事型,921432_微信24h热文榜_20260902.csv,唯一,未命中历史老年主题分类，保留待人工判断
T0038,2026-09-02,2026-09-02,1,100000,100000,触目惊心！耗资6.47亿美元、即将完工的尼泊尔最大在建水电站，被洪水彻底冲垮,,2026-09-02 14:00:10,https://mp.weixin.qq.com/s?__biz=Mzk0ODY4ODQzOA==&mid=2247486815&idx=1&sn=0894ffa7934c0ce5def2567f71758a91,https://mmbiz.qpic.cn/mmbiz_jpg/E7yKWWW639Pk9ibOCRA2JP8CCVkVu6H4z0Ye0d12jNq8EicRWTpb4NFs35Xe2ag1ceUgGrPmbViaGZMt1yKzosy0taEiceksTL7DiaO0Yz6B8aLY/0?wx_fmt=jpeg,50岁以后,其他,熟龄人群的日常见闻,20,泛人群,通用,好奇/实用,获得信息,事件切入型,921432_微信24h热文榜_20260902.csv,唯一,未命中历史老年主题分类，保留待人工判断
T0039,2026-09-02,2026-09-02,1,100000,100000,村姑,,2026-09-02 14:00:10,https://mp.weixin.qq.com/s?__biz=MzU1NDgyNzEzMA==&mid=2247501584&idx=1&sn=c6683a2e621588c12742bcc38bcc9f00,https://mmbiz.qpic.cn/mmbiz_jpg/XBy7Ht9zqUp7ddKs0IpiaqwsRZRxh2iaCF74mOGFWp0SDfiae19w3mRia6zibAXE5uibgc2NcS8SVUEZZodD8SuRWMzWmb7D4zgicQENZIqurA5x1s/0?wx_fmt=jpeg,50岁以后,其他,熟龄人群的日常见闻,20,泛人群,通用,好奇/实用,获得信息,事件切入型,921432_微信24h热文榜_20260902.csv,唯一,未命中历史老年主题分类，保留待人工判断
T0040,2026-09-02,2026-09-02,1,100000,100000,内地客吐槽香港商场全英文指示牌：对游客不友好！网友回怼：看图就行。,,2026-09-02 14:00:10,https://mp.weixin.qq.com/s?__biz=MzA3MTM1NzUyNA==&mid=2651279818&idx=2&sn=c051a7da8e5dab2cf98b8cce5a267e95,https://mmbiz.qpic.cn/sz_mmbiz_jpg/jDQcH0SBQwbJcoY8YF9NwV3icPoViaSHCRCErKZ0Yul7gAJGyKRLKdJiaZmglRAh8joLia8DjaGmuHTRA3gsBBeft2bG5IpOKI5bNKNhEf8Bibibc/0?wx_fmt=jpeg,50岁以后,其他,熟龄人群的日常见闻,20,泛人群,通用,好奇/实用,获得信息,事件切入型,921432_微信24h热文榜_20260902.csv,唯一,未命中历史老年主题分类，保留待人工判断
T0041,2026-09-02,2026-09-02,1,100000,100000,同卵双胞胎厮杀，只能活一个，另一个被挤扁,,2026-09-02 14:00:10,https://mp.weixin.qq.com/s?__biz=MzI3MjUxNDI4Ng==&mid=2247485151&idx=1&sn=243c227309e927034b8c6a1260eb11ae,http://mmbiz.qpic.cn/mmbiz_jpg/tatSG84GDqDFFlZKMF9lBulO7cprAKOmSFYTYGdggFmrR72yplo6N98STO6E6S2ia3c3SuX5OJH9gBicJmPhxX92TuaVPibWOfXt4UB2haSM5s/0?wx_fmt=jpeg,50岁以后,其他,熟龄人群的日常见闻,20,泛人群,通用,好奇/实用,获得信息,事件切入型,921432_微信24h热文榜_20260902.csv,唯一,未命中历史老年主题分类，保留待人工判断
T0001,2026-09-01,2026-09-01,1,100000,100000,许家印一审结束才几天，马巴巴出手铺后路，原来他和李嘉诚是同类人！,,2026-09-01 14:00:07,https://mp.weixin.qq.com/s?__biz=MzAwODA5NzYxNQ==&mid=2653297628&idx=2&sn=cf668b1febbfa0a968664b76361b3e13,https://mmbiz.qpic.cn/sz_mmbiz_jpg/TqnHQHMl6ZiakiaqKHN5nsd1I4ktcOcgwHwpvC4ezZD8mDxz6rZneUugbcPpWqQlAib0mjsUPwgSibmEEKqSINC7ibXiaTf5LWuLszf1YFyeSLLug/0?wx_fmt=jpeg,50岁以后,其他,熟龄人群的日常见闻,20,泛人群,通用,好奇/实用,获得信息,事件切入型,921432_微信24h热文榜_20260901.csv,唯一,未命中历史老年主题分类，保留待人工判断
T0002,2026-09-01,2026-09-01,1,100000,100000,笑问客从何处来,,2026-09-01 14:00:07,https://mp.weixin.qq.com/s?__biz=MzkyOTYwMTA2OA==&mid=2247487514&idx=1&sn=0d728e2c0d14d6c8b5fecdb4364aa405,http://mmbiz.qpic.cn/mmbiz_jpg/hV72kRe0iad5y2o32soWia3vfmfh9jQnrgzDqWEpE0Qibaj1icMbqHkCxV3iaxFfyOsytpIEiav8ias8egcyu2nicqDM6KoBOzNjnPJibR6e0FX5spWQ/0?wx_fmt=jpeg,50岁以后,其他,熟龄人群的日常见闻,20,泛人群,通用,好奇/实用,获得信息,事件切入型,921432_微信24h热文榜_20260901.csv,唯一,未命中历史老年主题分类，保留待人工判断
T0003,2026-09-01,2026-09-01,1,100000,100000,越南这一刀，砍得有点深,,2026-09-01 14:00:07,https://mp.weixin.qq.com/s?__biz=MzkwMDYyNzUxNQ==&mid=2247495084&idx=1&sn=0486352826b4b9e91b7b379fcd399338,https://mmbiz.qpic.cn/mmbiz_jpg/cSDeibm2peDBrwgciaPDliaQpu33sjJafd6Axict8ICWos6lLEP9huYPXBzCL7AjZFQ1OjeVXWOnrH3vCg9ia4YkkPak8aD1ZHDgaBpSicH4RicBcE/0?wx_fmt=jpeg,50岁以后,其他,熟龄人群的日常见闻,20,泛人群,通用,好奇/实用,获得信息,事件切入型,921432_微信24h热文榜_20260901.csv,唯一,未命中历史老年主题分类，保留待人工判断
T0004,2026-09-01,2026-09-01,1,100000,100000,09年，刘翔买下价值1450万上海独栋别墅，时隔17年，房子增值多少？,,2026-09-01 14:00:07,https://mp.weixin.qq.com/s?__biz=MzU1MDYxNzMzMA==&mid=2247548093&idx=1&sn=900a00ed0b3c3779a1794ff638257197,https://mmbiz.qpic.cn/mmbiz_jpg/GExApqht1Is790bcqSEVWibKQS2t94sJmgpj2xwic2kQCZTAOVZWhSbgJ3IfJaclKS4y2TPg0l91aWnEhTgXLnlB43zlYgv3xmXLQ4ez0Wk4s/0?wx_fmt=jpeg,50岁以后,养老照护与居住,晚年照护与居住选择,85,50岁以上,通用,好奇/实用,获得信息,问题型,921432_微信24h热文榜_20260901.csv,唯一,引用历史老年主题分类或规则映射
T0005,2026-09-01,2026-09-01,1,100000,100000,海口人民公园里的日占时期遗迹,,2026-09-01 14:00:07,https://mp.weixin.qq.com/s?__biz=MzIxMjc0NTAxOA==&mid=2247487170&idx=1&sn=efff4d1e0333d0a24613aecd946c496a,http://mmbiz.qpic.cn/sz_mmbiz_jpg/MzNANjUnjZLPQ087HCq3mzsWarLdIzcImCibcl1o5BFxvx64Giaicd5xia0TpCJ15NLfyWeT6k5L6yepjpsMzLZ0kQiadP11aJ1XcjzlK8xbLnZ8/0?wx_fmt=jpeg,50岁以后,其他,熟龄人群的日常见闻,20,泛人群,通用,好奇/实用,获得信息,事件切入型,921432_微信24h热文榜_20260901.csv,唯一,未命中历史老年主题分类，保留待人工判断
T0006,2026-09-01,2026-09-01,1,100000,100000,这哪是小学生上学，分明是霸总来了😄,,2026-09-01 14:00:07,https://mp.weixin.qq.com/s?__biz=MzAxMzEwOTk0NA==&mid=2247488605&idx=1&sn=7eac9a245494011a7fe5bde041bcbafe,http://mmbiz.qpic.cn/mmbiz_jpg/FEKwaXwD7icSTmfic0uiakpLwG9tpT0IibDafwO48icNQLJUB53wnuvianvhDribkqmh4mpm2jIvD7frAFguscad4ZE6ClCWbLic93UMtu6XZzAJPcw/0?wx_fmt=jpeg,50岁以后,其他,熟龄人群的日常见闻,20,泛人群,通用,好奇/实用,获得信息,事件切入型,921432_微信24h热文榜_20260901.csv,唯一,未命中历史老年主题分类，保留待人工判断
T0007,2026-09-01,2026-09-01,1,100000,100000,央视六公主盖章、胡锡进发声：孙宇晨和景甜小作文事件，迎来了反转,,2026-09-01 14:00:07,https://mp.weixin.qq.com/s?__biz=MzYyMjA0MzEzNQ==&mid=2247486500&idx=1&sn=9d722f07a12d3f476342c296eebe7d10,https://mmbiz.qpic.cn/mmbiz_jpg/icbhnD5oHvibol9nzfV8WiaibtxvxhXT7NoicRxeJK4AAJRwib1Zm7MAAmbqg8NmSEib8wyib5Uia8lY1rT3OI5s5gGnicofuFokHTTS4AFiakfRWjEEM8/0?wx_fmt=jpeg,50岁以后,其他,熟龄人群的日常见闻,20,泛人群,通用,好奇/实用,获得信息,事件切入型,921432_微信24h热文榜_20260901.csv,唯一,未命中历史老年主题分类，保留待人工判断
T0008,2026-09-01,2026-09-01,1,100000,100000,突发，孙宇晨重仓资产被欧盟制裁,,2026-09-01 14:00:07,https://mp.weixin.qq.com/s?__biz=MzI1NjEwOTAzOQ==&mid=2650689354&idx=1&sn=4cae4a01d7cfa3cd029aed67f61ce11c,https://mmbiz.qpic.cn/sz_mmbiz_jpg/g3V16EzNiacYjd6CXjr3S1KLS8M4NJ0Zic7icnFNZgsXhatibCtnh7FM0fkMJTfXg82vxxhPUsocnZfNW5iaMBNWHwqsKQfGYPxYdWcfD8cUWbjY/0?wx_fmt=jpeg,50岁以后,其他,熟龄人群的日常见闻,20,泛人群,通用,好奇/实用,获得信息,事件切入型,921432_微信24h热文榜_20260901.csv,唯一,未命中历史老年主题分类，保留待人工判断
T0009,2026-09-01,2026-09-01,1,100000,100000,天长地久，地久天长,,2026-09-01 14:00:07,https://mp.weixin.qq.com/s?__biz=MzkyOTY0NDAyNw==&mid=2247486793&idx=1&sn=97d0fcc54895e7b981f29ef863bc81c9,http://mmbiz.qpic.cn/sz_mmbiz_jpg/ibjM0hicUaMDzXTfzJiaiaT7VSeicDtHhzHy9yiaHCZickibhiaVJKagxNSEzp9fr7miaiamtgibowYhkknTeX1t8D3oVeXIeIaozKvpJ7onPnicegvSPRicA/0?wx_fmt=jpeg,50岁以后,其他,熟龄人群的日常见闻,20,泛人群,通用,好奇/实用,获得信息,事件切入型,921432_微信24h热文榜_20260901.csv,唯一,未命中历史老年主题分类，保留待人工判断
T0010,2026-09-01,2026-09-01,1,100000,100000,那些快被忘掉的早期网红,,2026-09-01 14:00:07,https://mp.weixin.qq.com/s?__biz=MzYyMTMzOTcxNA==&mid=2247485391&idx=1&sn=e2ea148d8eccaedd78053ad55972cf6a,https://mmbiz.qpic.cn/mmbiz_jpg/tibxjBxyVmnHV3Dze9wRboDVbnx1zX0HA4n2lqc3PG5a77o1ulicCoVjQE2K3PYscEQJcBd8tqZiaWI0KiaFgCibJNJCJoCLgDKNxETvB6BXBIgA/0?wx_fmt=jpeg,50岁以后,其他,熟龄人群的日常见闻,20,泛人群,通用,好奇/实用,获得信息,事件切入型,921432_微信24h热文榜_20260901.csv,唯一,未命中历史老年主题分类，保留待人工判断
T0011,2026-09-01,2026-09-01,1,100000,100000,他把自己变成了教具，站在讲台上继续救人,,2026-09-01 14:00:07,https://mp.weixin.qq.com/s?__biz=MjM5NDE0Mjg4OQ==&mid=2649990145&idx=1&sn=30cdedbc63b40dcb425f53a703d39285,http://mmbiz.qpic.cn/sz_mmbiz_jpg/QkVp7LP4ibNXumia7wJFTDpuiat9dtXwQjvu9AlfPjQZ0SkBLXUteZRqs9MGoebTeR9hBcuNEe49So1yXzAV26oDowIogVXg8f0IsBeib8iaz7K4/0?wx_fmt=jpeg,50岁以后,其他,熟龄人群的日常见闻,20,泛人群,通用,好奇/实用,获得信息,事件切入型,921432_微信24h热文榜_20260901.csv,唯一,未命中历史老年主题分类，保留待人工判断
T0012,2026-09-01,2026-09-01,1,100000,100000,中兴员工爆料: 中兴是我见过为数不多，午休园区里有很多孕妇，头发发白即将退休员工的企业，虽然也有加班，至少给了员工这样一份安全感,,2026-09-01 14:00:07,https://mp.weixin.qq.com/s?__biz=Mzg3OTgxMjMyNA==&mid=2247492615&idx=5&sn=be58d6b965fa07a3afefc86e36ed9641,https://mmbiz.qpic.cn/mmbiz_jpg/pP26pVtCuy2W7k9ejzBF5W8e6PBuVIkj3UAYz3picGYYibYKjX7SNAZfnx6iazDtUqfEgYia4VM7fPSWTjtJKrrq5zBcKPQB0iawvAojgg8ya2xk/0?wx_fmt=jpeg,50岁以后,退休适应与再就业,退休后的身份与第二曲线,85,50岁以上,通用,信息获得,获得信息,故事型,921432_微信24h热文榜_20260901.csv,唯一,引用历史老年主题分类或规则映射
T0013,2026-09-01,2026-09-01,1,100000,100000,陆毅一家四口出门游玩，颜值太高很难不注意,,2026-09-01 14:00:07,https://mp.weixin.qq.com/s?__biz=MzE5MTM1MTI5MQ==&mid=2247485200&idx=1&sn=602ef89775baf71f01559b419b41bfd3,https://mmbiz.qpic.cn/mmbiz_jpg/9wSobhpl8HOibyPJXnSiaEQVDBlumMrfTKnBGGYlmdv5QcMLocKg1vknLaqLM2KJYzicuwrIsdz4L1DXZsal9kiaYVnNdUhib7V0pyV4DQyiaBwPw/0?wx_fmt=jpeg,50岁以后,其他,熟龄人群的日常见闻,20,泛人群,通用,好奇/实用,获得信息,事件切入型,921432_微信24h热文榜_20260901.csv,唯一,未命中历史老年主题分类，保留待人工判断
T0014,2026-09-01,2026-09-01,1,100000,100000,还得是大学生，脑瓜就是灵活,,2026-09-01 14:00:07,https://mp.weixin.qq.com/s?__biz=MzYzNzkwNjEzMg==&mid=2247484721&idx=1&sn=85c98cedd366c4fa366f86df8b2d9e9d,http://mmbiz.qpic.cn/sz_mmbiz_jpg/dmohoJL4iaxD24c080iaVGO8W6V4mKaHHIQMDveOdyhb669akUfDSJVvqSlfsR1omdszlvAzJ6fVnymzggBvJYibjD1z1xFXHYjyhHbjSVQwpw/0?wx_fmt=jpeg,50岁以后,其他,熟龄人群的日常见闻,20,泛人群,通用,好奇/实用,获得信息,事件切入型,921432_微信24h热文榜_20260901.csv,唯一,未命中历史老年主题分类，保留待人工判断
T0015,2026-09-01,2026-09-01,1,100000,100000,《甄嬛传》全体人员变成小朋友 真可爱！,,2026-09-01 14:00:07,https://mp.weixin.qq.com/s?__biz=MzYyNTU4NzM4Ng==&mid=2247485624&idx=1&sn=9111d7c17c85901746158128163e4cee,http://mmbiz.qpic.cn/sz_mmbiz_jpg/97Bx8JKrib1Nhgj78RMDz4XvuKyW8UnqOH9EicnuxiaMhN8ENNwv1cibG5zQwOdabAIHCXfNmcvpiammbqWboE2ic47peMaibRelobU7saGXfPnfA0/0?wx_fmt=jpeg,50岁以后,其他,熟龄人群的日常见闻,20,泛人群,通用,好奇/实用,获得信息,事件切入型,921432_微信24h热文榜_20260901.csv,唯一,未命中历史老年主题分类，保留待人工判断
T0016,2026-09-01,2026-09-01,1,100000,100000,这就是工作不认真造成的结果,,2026-09-01 14:00:07,https://mp.weixin.qq.com/s?__biz=MzcwNzEyMzUxMQ==&mid=2247487717&idx=1&sn=65c4cad004c1b49478e04f1067af253f,http://mmbiz.qpic.cn/mmbiz_jpg/kXEichrsekQnicEZEcibGFK8FhV5T2LVvQD5aMX92WibUElUibYgL6T5r45PAWBubDOEwbHyicKzkoejmHqog6mjuckGmzicKx8hw5ibpRVl9QAbFqM/0?wx_fmt=jpeg,50岁以后,退休适应与再就业,退休后的身份与第二曲线,85,50岁以上,通用,好奇/实用,获得信息,事件切入型,921432_微信24h热文榜_20260901.csv,唯一,引用历史老年主题分类或规则映射
T0459,2026-09-21,2026-09-21,2,99000,99000,我老公这人正经到什么程度，说出来你们都得好笑,,2026-09-21 14:00:09,https://mp.weixin.qq.com/s?__biz=MjM5NzQ2MTgyMA==&mid=2651119607&idx=1&sn=f8a37f7bfda9552fb4477aa08efd44c6,http://mmbiz.qpic.cn/mmbiz_jpg/t4haibqc1hicDricMciaDfYAy2LyAQ3S5xqeOcnBFBI1DYCu4n0xFeJkQHmWWAVSVTvPLTZfFxXaTelBr50tT9XQra97E00Eo9ibX2bIpxjzJXe8/0?wx_fmt=jpeg,50岁以后,其他,熟龄人群的日常见闻,20,泛人群,男性偏强,好奇/实用,获得信息,故事型,921432_微信24h热文榜_20260921.csv;921432_微信24h热文榜_20260921.xlsx,重复上榜：保留最高热度,未命中历史老年主题分类，保留待人工判断
T0077,2026-09-03,2026-09-03,1,99000,99000,9月1日实施！人民币使用新规定,,2026-09-03 14:00:10,https://mp.weixin.qq.com/s?__biz=MzYzMzk2ODQzMA==&mid=2247484631&idx=1&sn=42e67ba22d39724e5f847743fb3d97ab,http://mmbiz.qpic.cn/sz_mmbiz_jpg/Fk0MR36uSrVic2GialcfskfngHUyqGJdjQIvynULhL7mzBWgictmDfDDc6EK7zrs2I4wfPEJ4N1L7ic4GxusrahmZgsz0FQlnXetLQ0jU0cswho/0?wx_fmt=jpeg,50岁以后,财务安全与防骗,老年财务安全,85,50岁以上,通用,好奇/实用,降低风险,事件切入型,921432_微信24h热文榜_20260903.csv,唯一,引用历史老年主题分类或规则映射
T0370,2026-09-14,2026-09-14,1,98000,98000,1300多万人赴约《山歌万里》，有遗憾，更有震撼,,2026-09-14 14:00:08,https://mp.weixin.qq.com/s?__biz=MzkxNzc1NTk1MA==&mid=2247484121&idx=1&sn=713039299c0dbb9c026d8a9b3dfba8da,https://mmbiz.qpic.cn/sz_mmbiz_jpg/lFGu0DZ213XrVNMEib6QLQQruYiaamba2gWuoIv3t6fT02CD6Zjt0aExwCSw9khHF2cPHD5fpql0YSzdxFrOoibicGZGJ6wf0eaK1tpGibickUWiaA/0?wx_fmt=jpeg,50岁以后,其他,熟龄人群的日常见闻,20,泛人群,通用,好奇/实用,获得信息,数字切入型,921432_微信24h热文榜_20260914.csv,唯一,未命中历史老年主题分类，保留待人工判断
T0222,2026-09-08,2026-09-08,1,98000,98000,白露至，秋风凉，保重身体，岁岁安康,,2026-09-08 14:00:10,https://mp.weixin.qq.com/s?__biz=MzY4MzA4MzYwNw==&mid=2247488067&idx=1&sn=ac6ce9a3bf0a05fb43494c1645afb194,http://mmbiz.qpic.cn/sz_mmbiz_jpg/zdGECOppHFsWon02PQUnkhCH1phOY85PUUAHuGDE4D4XPMmQARh9SuXwsr0crjJgzN4edicdExNGqXTkhEt480kKweeWYhAk3raDF0cvcK08/0?wx_fmt=jpeg,50岁以后,人情往来与情绪生活,熟龄人群的日常见闻,85,50岁以上,通用,好奇/实用,获得信息,数字切入型,921432_微信24h热文榜_20260908.csv,唯一,引用历史老年主题分类或规则映射
T0189,2026-09-07,2026-09-07,1,98000,98000,杨振宁离世9月，翁帆新身份为何轰动全网？,,2026-09-07 14:00:14,https://mp.weixin.qq.com/s?__biz=MzYyMjk4MTc1MA==&mid=2247485804&idx=1&sn=d3d0d2c3bf4bd29207bdb3f2f75a8f4b,https://mmbiz.qpic.cn/sz_mmbiz_jpg/xibL9cksQicW7tWre1UoUoKPh7aVibwPzPCiazXFauLpPn17DbfKlm7zpUIFf7LTTSbEzIleWya1UHr0pias40h7j7ysuR7EMvZJAMZyQwhFDia0M/0?wx_fmt=jpeg,50岁以后,身后安排与告别,晚年告别与身后安排,85,50岁以上,通用,情感共鸣,获得信息,问题型,921432_微信24h热文榜_20260907.csv,唯一,引用历史老年主题分类或规则映射
T0042,2026-09-02,2026-09-02,1,98000,98000,这名字有意思,,2026-09-02 14:00:10,https://mp.weixin.qq.com/s?__biz=MzU1OTMyMjI1Ng==&mid=2247486923&idx=1&sn=3b725b527ff2153aac39bad6c4ce7ce2,http://mmbiz.qpic.cn/mmbiz_jpg/vyEZ6a2VKjJJEOYfzibJ7nxXMYED17wdCb4wouA8halL66uHvfukhWxNl6h1GEB4HRX3UGc7WtviacWrB1j4LLEC1QNTUOZ69fdic82IszkheQ/0?wx_fmt=jpeg,50岁以后,其他,熟龄人群的日常见闻,20,泛人群,通用,好奇/实用,获得信息,事件切入型,921432_微信24h热文榜_20260902.csv,唯一,未命中历史老年主题分类，保留待人工判断
T0043,2026-09-02,2026-09-02,1,98000,98000,梨形身材，是老天给的曲线剧本,,2026-09-02 14:00:10,https://mp.weixin.qq.com/s?__biz=MzU3MDI4NDMzNw==&mid=2247785523&idx=2&sn=c467d497f71b1b3d93b04a883145142b,https://mmbiz.qpic.cn/sz_mmbiz_jpg/pvZcaaICq2C97xN6MQib1QpmxkfbrEXesjyUTbfcwRLhBDt7eseruXlTma6JWhu8z1qTnzNLTSibL3p4PGWZplaiaAQd6J6LvmuTI1nSpUCDjE/0?wx_fmt=jpeg,50岁以后,其他,熟龄人群的日常见闻,20,泛人群,通用,好奇/实用,获得信息,事件切入型,921432_微信24h热文榜_20260902.csv,唯一,未命中历史老年主题分类，保留待人工判断
T0017,2026-09-01,2026-09-01,1,97000,97000,“一是仙，二是魔，三是八戒的七个老姨”,,2026-09-01 14:00:07,https://mp.weixin.qq.com/s?__biz=MzY4ODA0MDM5MQ==&mid=2247485771&idx=1&sn=952ca96c9a7fac094652c34f83fb50b1,http://mmbiz.qpic.cn/sz_mmbiz_jpg/RCgtXod1WxPod5vibLaPwMfXYd5OOBR5k5AAHQYFOv6FmdKFafs4dbgMsUDEicLN4jkoV5DejnKBqU2S5NFfk5EA5wibuOAdNnSrYNqufkf8FM/0?wx_fmt=jpeg,50岁以后,其他,熟龄人群的日常见闻,20,泛人群,通用,好奇/实用,获得信息,事件切入型,921432_微信24h热文榜_20260901.csv,唯一,未命中历史老年主题分类，保留待人工判断
T0371,2026-09-14,2026-09-14,1,96000,96000,把娃从我的医保共济账户里踢出去了！,,2026-09-14 14:00:08,https://mp.weixin.qq.com/s?__biz=MzYzNzI0MTA2Mg==&mid=2247488486&idx=1&sn=9d7281f8353abc8a783afb562aa20cfa,https://mmbiz.qpic.cn/sz_mmbiz_jpg/fVy7fR86VfBBvB2Ov4wuVZYs9TaOveeicTQ3N99b1tjbcg3jicicTUlFQ8BCXkyaEmDmd1ibibZUsqoNMYSbltaLXfeexZa81nh08Lr3D10yFEYM/0?wx_fmt=jpeg,50岁以后,养老金与医保,退休后的钱与保障,85,50岁以上,通用,信息获得,降低风险,故事型,921432_微信24h热文榜_20260914.csv,唯一,引用历史老年主题分类或规则映射
T0190,2026-09-07,2026-09-07,1,96000,96000,9月4日，加拿大总理卡尼公开就台湾问题作出明确表态，直接挑明了加方的政策底线,,2026-09-07 14:00:14,https://mp.weixin.qq.com/s?__biz=MzY4OTAzOTU2Nw==&mid=2247484676&idx=1&sn=888b36e97aeeeb91bf03fe99b5eaf55a,https://mmbiz.qpic.cn/sz_mmbiz_jpg/kgdjj972oicL5EHIofLU3SF1l160bOAbQfrFYhzapTluCC97KNsCqIWIicNo7Z4FlJrGUufKQ55tibzzKz0NC5h0wmn7AhYB2phqRNODxMMZc0/0?wx_fmt=jpeg,50岁以后,其他,熟龄人群的日常见闻,20,泛人群,通用,信息获得,获得信息,事件切入型,921432_微信24h热文榜_20260907.csv,唯一,未命中历史老年主题分类，保留待人工判断
T0078,2026-09-03,2026-09-03,1,96000,96000,美官员：要确保中国无法参与ISS，天宫将从3舱升级到6舱，为何？,,2026-09-03 14:00:10,https://mp.weixin.qq.com/s?__biz=MzAwNzA4Mzk2MQ==&mid=2448137911&idx=1&sn=642b711f2b7543ed19ff5c4d5e110076,https://mmbiz.qpic.cn/sz_mmbiz_jpg/1ib8OkiaJ0aF4sM1YKOQLUz6Pqvsn5aau3vbD9kyfc7jgEA7m4jLvCCuxW9GHYQmaMyAq1qjxL9FKEhuMQPP92STQP9glgjicYt4kicPPvRBxqk/0?wx_fmt=jpeg,50岁以后,其他,熟龄人群的日常见闻,20,泛人群,通用,好奇/实用,获得信息,问题型,921432_微信24h热文榜_20260903.csv,唯一,未命中历史老年主题分类，保留待人工判断
T0044,2026-09-02,2026-09-02,1,96000,96000,警察叔叔：以后禁止山上打架,,2026-09-02 14:00:10,https://mp.weixin.qq.com/s?__biz=Mzg4MTEyODM4Nw==&mid=2247486768&idx=1&sn=cf2449a553cf6f4249c5b318ee1c4397,https://mmbiz.qpic.cn/mmbiz_jpg/0Gmbr4u0UFGdbjoiaj8wS8JHiaIELIr81GFiaBDCKM2ueXBRPaiaw2Du7Vlu3995yWqic23d41nnT8I1WouD7tuW8MBHojse5m2xS7S3icyB9xzUA/0?wx_fmt=jpeg,50岁以后,其他,熟龄人群的日常见闻,20,泛人群,通用,好奇/实用,获得信息,事件切入型,921432_微信24h热文榜_20260902.csv,唯一,未命中历史老年主题分类，保留待人工判断
T0018,2026-09-01,2026-09-01,1,96000,96000,横店群演女生的真实宿舍，月入过万原来是骗人的。,,2026-09-01 14:00:07,https://mp.weixin.qq.com/s?__biz=MzkxOTMzNzUyNw==&mid=2247494387&idx=1&sn=3edbe30797b66808f5523bebb5504fbb,https://mmbiz.qpic.cn/mmbiz_jpg/qOD0qhBDTEnFJ3FRibht73GT34tiaibicTuoTJI6ickQ1DhlSBD7xJWx98lT2dGHnkLopiaLLjibwpleibmL91FiazEW1IAr42HuaWtYAcbIpJ7juKicU/0?wx_fmt=jpeg,50岁以后,其他,熟龄人群的日常见闻,20,泛人群,通用,好奇/实用,获得信息,提醒警示型,921432_微信24h热文榜_20260901.csv,唯一,未命中历史老年主题分类，保留待人工判断
T0372,2026-09-14,2026-09-14,1,95000,95000,莱巴金娜：轻轻一握很倾城,,2026-09-14 14:00:08,https://mp.weixin.qq.com/s?__biz=MzU1OTA5NjY2OA==&mid=2247499401&idx=1&sn=3ecc4d76782d3a26aa3866b0bbf01e70,https://mmbiz.qpic.cn/sz_mmbiz_jpg/WCtibmYn046jtgPdk2u00C0ib2qveKykSDWylJxjH3ibAs5OwescwChiawI8TSpiarf79FEF8hNsLtjf3a0BiamMRTld8778TsuUCJYqasDG36xlc/0?wx_fmt=jpeg,50岁以后,其他,熟龄人群的日常见闻,20,泛人群,通用,好奇/实用,获得信息,事件切入型,921432_微信24h热文榜_20260914.csv,唯一,未命中历史老年主题分类，保留待人工判断
T0285,2026-09-10,2026-09-10,1,95000,95000,为什么小米，能‎轻松拿到高通最先进的芯片？答案很简单，因为小米不构成威胁。华为呢？芯片被卡、手机断供，到现在还用自研麒麟苦苦支撑,,2026-09-10 14:00:08,https://mp.weixin.qq.com/s?__biz=MzkyNzY0NzcwNQ==&mid=2247507498&idx=2&sn=56476492e28cce705051f500fcf0ef4b,https://mmbiz.qpic.cn/sz_mmbiz_jpg/xhmqtGYgpmGpwJhezdib3b9GVtHTTibwcFRSP4EbpYe3s1b9o1wI9MORgib8BvRMpjJvywCnF8nOURFXxtfYN9bzibsUrHicwKFsfpRZ3nXz7WQA/0?wx_fmt=jpeg,50岁以后,其他,熟龄人群的日常见闻,20,泛人群,通用,好奇/实用,获得信息,问题型,921432_微信24h热文榜_20260910.csv,唯一,未命中历史老年主题分类，保留待人工判断
T0250,2026-09-09,2026-09-09,1,95000,95000,有个同事，她的公公是副县级干部,,2026-09-09 14:00:09,https://mp.weixin.qq.com/s?__biz=MzYzODMwNzY5OA==&mid=2247486537&idx=1&sn=e58a7bcb79bd990939fd008cc3daf048,http://mmbiz.qpic.cn/mmbiz_jpg/1rs1NmWLfqzDYyUCWKQZAuOeOKeice2L8icaFQvQMfQGda563zDQ8frlupaQQoFgiaf4IhhDq8GRrr1gOJhFZWmGNiaSLs7aO3OFN3GW01icaENs/0?wx_fmt=jpeg,50岁以后,其他,熟龄人群的日常见闻,20,泛人群,通用,好奇/实用,获得信息,事件切入型,921432_微信24h热文榜_20260909.csv,唯一,未命中历史老年主题分类，保留待人工判断
T0098,2026-09-04,2026-09-04,1,95000,95000,给你看看我家1998年2024年和25年中考成绩,,2026-09-04 14:00:08,https://mp.weixin.qq.com/s?__biz=MzY0MDEzNDQxOQ==&mid=2247484450&idx=1&sn=3dd402d2a544f8f28746e51c5b965fb7,http://mmbiz.qpic.cn/mmbiz_jpg/juzfkgibWzicQfKxOicjceiba7J4yeAZtB8fRc4bbibqjicBD2TAaWUibr8dEZURxCffTr7TBxUUj9ga9F7zH3IqickJ9FkU3aiapiaeGI7mPatia44EvA/0?wx_fmt=jpeg,50岁以后,其他,熟龄人群的日常见闻,20,泛人群,通用,好奇/实用,获得信息,故事型,921432_微信24h热文榜_20260904.csv,唯一,未命中历史老年主题分类，保留待人工判断
T0045,2026-09-02,2026-09-02,1,95000,95000,9月第一天，求个上上签🌻🌻🌻,,2026-09-02 14:00:10,https://mp.weixin.qq.com/s?__biz=MzYzMzU2NzYyMA==&mid=2247484364&idx=1&sn=be13e2b7c9a1018fe44e8c5a718fcc19,http://mmbiz.qpic.cn/sz_mmbiz_jpg/50DVxq9r6moBY1RVTrjlFtp2EoEbqTkTMnRwKrlq2ty7JEuPFV7ZOYIwulHNtZicCOoyIbJoEoCnE1FrPLxfFZ5otnGzsBCVmUwE1ygO4PRo/0?wx_fmt=jpeg,50岁以后,其他,熟龄人群的日常见闻,20,泛人群,通用,好奇/实用,获得信息,事件切入型,921432_微信24h热文榜_20260902.csv,唯一,未命中历史老年主题分类，保留待人工判断
T0046,2026-09-02,2026-09-02,1,94000,94000,不出十年，乡镇公职人员的好日子即将到来,,2026-09-02 14:00:10,https://mp.weixin.qq.com/s?__biz=MzE5OTM0NTk5Ng==&mid=2247484749&idx=1&sn=be591d0420a2b3a9d0da5e9448d3d9a0,https://mmbiz.qpic.cn/mmbiz_jpg/NoXF7jpgHVA7AG1SXBNmDOLxU4PjoYhcfEFgqKKR6g3YVG9UlgiahPUwAUOy5OSSd8O9yEd4SEzDlicnYIe2aibb7kO4LLcwjaFXicc48wriaWLE/0?wx_fmt=jpeg,50岁以后,其他,熟龄人群的日常见闻,20,泛人群,通用,好奇/实用,获得信息,数字切入型,921432_微信24h热文榜_20260902.csv,唯一,未命中历史老年主题分类，保留待人工判断
T0223,2026-09-08,2026-09-08,1,93000,93000,市场爷爷的葫芦娃 摘了卖不出去,,2026-09-08 14:00:10,https://mp.weixin.qq.com/s?__biz=Mzg3MDkzOTA1Ng==&mid=2247488282&idx=1&sn=066094faed8795ab9731d970ab42468f,http://mmbiz.qpic.cn/mmbiz_jpg/4UibetV4gOUs5bupYsPBWwQsJ4qzTic6Jwy0aSX9tvVthkg74UdxWAQxNmbTS5HozrgeXoEiaAia6XhrX1oudk4sVe7ryZZI1qpIbNtiaa3f7bJc/0?wx_fmt=jpeg,50岁以后,其他,熟龄人群的日常见闻,20,泛人群,通用,好奇/实用,获得信息,事件切入型,921432_微信24h热文榜_20260908.csv,唯一,未命中历史老年主题分类，保留待人工判断
T0099,2026-09-04,2026-09-04,1,93000,93000,什么叫做爱，爱是什么？,,2026-09-04 14:00:08,https://mp.weixin.qq.com/s?__biz=MzY5ODA3NTM0OQ==&mid=2247487792&idx=1&sn=56829451d7515f2a858c4f4488ba165c,http://mmbiz.qpic.cn/mmbiz_jpg/DYmcO9MQb0Kib98BcBfjo0fziaGs9Jls5zzJ95KDxzibs5oAgiaS2GWOgnp3Jy1yo8cicuLXiaibFrHyxFiasw0GdXpmpiaibeNobXsIWrr6LvNb6uqW4/0?wx_fmt=jpeg,50岁以后,其他,熟龄人群的日常见闻,20,泛人群,通用,好奇/实用,获得信息,问题型,921432_微信24h热文榜_20260904.csv,唯一,未命中历史老年主题分类，保留待人工判断
T0100,2026-09-04,2026-09-04,1,93000,93000,三年级课程表，现在的孩子们挺幸福的,,2026-09-04 14:00:08,https://mp.weixin.qq.com/s?__biz=MzYzNzIxMjMwOA==&mid=2247485672&idx=1&sn=d5572a2a77e09ea58263cf5a62e951c2,http://mmbiz.qpic.cn/sz_mmbiz_jpg/IDZH0RhanA65HIM3IdvpWaS832f31Pic3Nxia6uIATt621uHRS3ZNRh7nMo9f33UktLicmNlEzlmTpZQfIejtNiauWEErTenUOOjMSZGz428B1E/0?wx_fmt=jpeg,50岁以后,代际关系与家庭边界,子女关系与家庭边界,85,50岁以上,通用,情感共鸣,关系处理,事件切入型,921432_微信24h热文榜_20260904.csv,唯一,引用历史老年主题分类或规则映射
T0286,2026-09-10,2026-09-10,1,92000,92000,网传China GT上海站安保、秩序岗的最初预算，其实是240元一天 ，但是经过主办方总包、多级分包，最后招的普通临时安保到手才60多,,2026-09-10 14:00:08,https://mp.weixin.qq.com/s?__biz=MzY5MTMzMTg3MQ==&mid=2247484475&idx=1&sn=2758e82c0439da14e53c58c660067e22,https://mmbiz.qpic.cn/sz_mmbiz_jpg/NxZOMQq7xqevyiaNYuaORTibTZsYLq6q6iaAbCEeOA1RmjAy2rGu8ByJZ4pgHKlZ5bWzZAGxibrO6uHTNicORZutCtxQT81RQ9KEvtXGloFCicOss/0?wx_fmt=jpeg,50岁以后,其他,熟龄人群的日常见闻,20,泛人群,通用,好奇/实用,获得信息,事件切入型,921432_微信24h热文榜_20260910.csv,唯一,未命中历史老年主题分类，保留待人工判断
T0251,2026-09-09,2026-09-09,1,92000,92000,哈萨克斯坦为什么把紧挨中国的首都，迁到1000公里外？要知道那时候的哈萨克斯坦经济一片萧条，可为何砸重金举国搬家，他到底在怕什么？,,2026-09-09 14:00:09,https://mp.weixin.qq.com/s?__biz=Mzg5NDk3ODc1OQ==&mid=2247489539&idx=1&sn=1865d24f1fe0ba37306965f72f9d1a1c,https://mmbiz.qpic.cn/sz_mmbiz_jpg/1kncKbM0koPkibYXl91vpQB8C63wpptb1LZc1owTsibsDlVQIMmjgPFlhaV0IP1RoQmfjZ2gIdOMHT1icBcya8BumdQ9SI4iaibH0fBibE7mrH5P8/0?wx_fmt=jpeg,50岁以后,其他,熟龄人群的日常见闻,20,泛人群,通用,好奇/实用,获得信息,问题型,921432_微信24h热文榜_20260909.csv,唯一,未命中历史老年主题分类，保留待人工判断
T0224,2026-09-08,2026-09-08,1,92000,92000,能拿60分的男人好像真的很少,,2026-09-08 14:00:10,https://mp.weixin.qq.com/s?__biz=Mzk1NzkzNDI5OA==&mid=2247485713&idx=1&sn=89bf91a9b9ac77814c385cefb1942689,http://mmbiz.qpic.cn/mmbiz_jpg/6RSMDlvTeMUHibG0WglFkF2BqXq9suDja86dDUdrPc4zQQzlET2mBheZp8Fsw69tCHXKz1E5pophicY8jAfkHYOria2SUqzvFLC2aaO8AaPavw/0?wx_fmt=jpeg,50岁以后,其他,熟龄人群的日常见闻,20,泛人群,男性偏强,好奇/实用,获得信息,事件切入型,921432_微信24h热文榜_20260908.csv,唯一,未命中历史老年主题分类，保留待人工判断
T0047,2026-09-02,2026-09-02,1,92000,92000,为什么说960万平方公里的中国是地球上“老天爷最偏心”的国家？不是某一处拔尖，而是几乎把亚洲最好的土地一股脑全塞进了同一片国土里,,2026-09-02 14:00:10,https://mp.weixin.qq.com/s?__biz=Mzg5NDk3ODc1OQ==&mid=2247489479&idx=1&sn=feaf8e209ff1fac866d4846098d776c0,https://mmbiz.qpic.cn/mmbiz_jpg/1kncKbM0koMRPG7gU6Kic9rjJLwhfCyJo71I6Il3Ns0IKyEdHw18EZQBYaaiaMFlCkEUFIFHmmaxluYV42lEzjJ1Z7ZE2bon2EJ9BPuf01G4Y/0?wx_fmt=jpeg,50岁以后,其他,熟龄人群的日常见闻,20,泛人群,通用,好奇/实用,获得信息,问题型,921432_微信24h热文榜_20260902.csv,唯一,未命中历史老年主题分类，保留待人工判断
T0048,2026-09-02,2026-09-02,1,92000,92000,今天聊的话题是还有几年退休[坏笑][坏笑],,2026-09-02 14:00:10,https://mp.weixin.qq.com/s?__biz=MzYzODU0MDkyOA==&mid=2247484507&idx=1&sn=3c984d7b820f45e2a26dd36d6e401fed,http://mmbiz.qpic.cn/sz_mmbiz_jpg/NvwBGxoQyVz6nLpkkYKlHsBXicu47qfIGkHbNpe6XBlhwg7unia2HEf90EdFspRmxKeBfZfQHKJFNPPEcTHoIr1YrJPaLK0qSP5icxibCB7IlGg/0?wx_fmt=jpeg,50岁以后,退休适应与再就业,退休后的身份与第二曲线,85,50岁以上,通用,信息获得,获得信息,事件切入型,921432_微信24h热文榜_20260902.csv,唯一,引用历史老年主题分类或规则映射
T0019,2026-09-01,2026-09-01,1,92000,92000,大型施工现场，你们家谁上阵？,,2026-09-01 14:00:07,https://mp.weixin.qq.com/s?__biz=MzY5OTM4MjI3Ng==&mid=2247484213&idx=1&sn=4de0b49b1f15f9f85949b34363b92373,http://mmbiz.qpic.cn/mmbiz_jpg/1ZuyHNP26h9xKRmmp6dzcSGdXUCM1fT4syVr6tQH09arD2NeGuCCvB3bz4QgkiavFUgHtaV0DRb9OSkewe6demu0JVP3AButlbMegWJlMgF4/0?wx_fmt=jpeg,50岁以后,其他,熟龄人群的日常见闻,20,泛人群,通用,好奇/实用,获得信息,问题型,921432_微信24h热文榜_20260901.csv,唯一,未命中历史老年主题分类，保留待人工判断
T0079,2026-09-03,2026-09-03,1,91000,91000,“小杂鱼”“吐泥去腥”土方法,,2026-09-03 14:00:10,https://mp.weixin.qq.com/s?__biz=MzY4NzM0NzA0Mw==&mid=2247485263&idx=1&sn=ee7dce6f3bd76a8b0d7ee04edc474068,http://mmbiz.qpic.cn/mmbiz_jpg/6bFnlYCHN0grS3znrRrRLcfC4TS73u35aHWG0RXPYibbjOfe314xiak5Yw71x7PMroic5cfTxeDePI7KVXABrHB2BiaTum67ML2aVPy6E4v0n3Y/0?wx_fmt=jpeg,50岁以后,其他,熟龄人群的日常见闻,20,泛人群,通用,好奇/实用,获得信息,事件切入型,921432_微信24h热文榜_20260903.csv,唯一,未命中历史老年主题分类，保留待人工判断
T0460,2026-09-21,2026-09-21,2,90000,90000,拆解武汉卡萨帝思享荟：最好的产品说明书，是用户的生活,,2026-09-21 14:00:09,https://mp.weixin.qq.com/s?__biz=MzIyNDE2NjkzMQ==&mid=2650516176&idx=1&sn=52184ab25fb2f402ed2e61f262457806,https://mmbiz.qpic.cn/mmbiz_jpg/weRbcTOEtpfialvP2NYgSJibplia9vdtrSvBCKFc4efBOhp1lCsxvMfMWRuia0vVAfUQibW4gBMCroMiaO0YqzBoGHGfA6E6sYAT6xXBQ2tPwqnGg/0?wx_fmt=jpeg,50岁以后,其他,熟龄人群的日常见闻,20,泛人群,通用,好奇/实用,获得信息,事件切入型,921432_微信24h热文榜_20260921.csv;921432_微信24h热文榜_20260921.xlsx,重复上榜：保留最高热度,未命中历史老年主题分类，保留待人工判断
T0461,2026-09-21,2026-09-21,2,90000,90000,华为和赛力斯闹矛盾的主要原因就是问界销量不太好，问界销量不行的原因就是鸿蒙智行2026年的战略决策和营销太差了,,2026-09-21 14:00:09,https://mp.weixin.qq.com/s?__biz=MzUyMTkzMDc1OQ==&mid=2247484650&idx=1&sn=34d378b7365e2b5cac02e1720fe2e028,https://mmbiz.qpic.cn/mmbiz_jpg/qWsViblibflK0UxBXK4RyRKIUwWWcZtzZLLvMy41nQlltZKksJ3wv8pl9S8CcpWYgWsfFG9LbbfGjicqibpkESd105QXg696b6StBKiaibxCySP2U/0?wx_fmt=jpeg,50岁以后,其他,熟龄人群的日常见闻,20,泛人群,通用,好奇/实用,获得信息,事件切入型,921432_微信24h热文榜_20260921.csv;921432_微信24h热文榜_20260921.xlsx,重复上榜：保留最高热度,未命中历史老年主题分类，保留待人工判断
T0312,2026-09-12,2026-09-12,1,90000,90000,这老板真会做生意啊,,2026-09-12 14:00:08,https://mp.weixin.qq.com/s?__biz=MzcwNTI0NDQyMQ==&mid=2247486565&idx=1&sn=99721d7d7db8eba59a1420876b7adb7d,https://mmbiz.qpic.cn/mmbiz_jpg/L6wu6KgUjjQajC2ib9OILSDnnDZzYbB3DiaIv16ZuFJqwy9On4zFallkFe4ibXVlB8Aka4myVDQGEcTuDBjRhnByE7I21h6DCpabQlAvHmASjo/0?wx_fmt=jpeg,50岁以后,其他,熟龄人群的日常见闻,20,泛人群,通用,好奇/实用,获得信息,事件切入型,921432_微信24h热文榜_20260912.csv,唯一,未命中历史老年主题分类，保留待人工判断
T0252,2026-09-09,2026-09-09,1,90000,90000,电车和油车哪个更省钱？,,2026-09-09 14:00:09,https://mp.weixin.qq.com/s?__biz=MzY4NjMwNDY1NA==&mid=2247484009&idx=1&sn=9a2968af64d2aa3c622cc6f13db87add,http://mmbiz.qpic.cn/mmbiz_jpg/TiagI92C6O0rTbHGej3dibbwIOcW4oJqz24z5lVSTEYrNsGzZ0qyTA4WxznpkLjhUA4e5sm6ykFh9Mo21NlEYeVJVMm8otGySPXK1DmsFic4LY/0?wx_fmt=jpeg,50岁以后,其他,熟龄人群的日常见闻,20,泛人群,通用,好奇/实用,获得信息,问题型,921432_微信24h热文榜_20260909.csv,唯一,未命中历史老年主题分类，保留待人工判断
T0373,2026-09-14,2026-09-14,1,89000,89000,《兰香如故》两位小演员直接把我看破防了,,2026-09-14 14:00:08,https://mp.weixin.qq.com/s?__biz=MzYyMjE2MTEwOQ==&mid=2247486645&idx=1&sn=fde1f816704f9bc540a446dfe7cdf14c,http://mmbiz.qpic.cn/mmbiz_jpg/0v8Z3XfO21wOe7nOEkLFpGkviaeu34Z7jmCeVK2xA9IvIYEXo2Cf5cyR94JUSGL19fUGoQQGg4mgxHcwQkWicayrvHeZ9PnPuG2VZjqtDF1H8/0?wx_fmt=jpeg,50岁以后,其他,熟龄人群的日常见闻,20,泛人群,通用,好奇/实用,获得信息,故事型,921432_微信24h热文榜_20260914.csv,唯一,未命中历史老年主题分类，保留待人工判断
T0374,2026-09-14,2026-09-14,1,89000,89000,男人过了六十多岁，基本上没以下4个需求…,,2026-09-14 14:00:08,https://mp.weixin.qq.com/s?__biz=MzYzNDc5Mjc4Mw==&mid=2247486330&idx=1&sn=e407470a255030b275807945e8e038a8,http://mmbiz.qpic.cn/sz_mmbiz_jpg/iaPvNvr0EwOfLfdPtjqlPLNCafxbK6qabg714XAwfxdWia0V83aiaWkgzJH0PPekIAurYVQYBu9ibjEfrdibbxyxUsER4EvicZIy76Xq530nyqAo8/0?wx_fmt=jpeg,50岁以后,晚年婚姻与亲密关系,晚年伴侣与亲密边界,85,50岁以上,男性偏强,好奇/实用,关系处理,数字切入型,921432_微信24h热文榜_20260914.csv,唯一,引用历史老年主题分类或规则映射
T0287,2026-09-10,2026-09-10,1,87000,87000,92岁堂伯一生好吃懒做，走时儿女到齐葬礼风光,,2026-09-10 14:00:08,https://mp.weixin.qq.com/s?__biz=Mzk3NTcyMDkyOQ==&mid=2247486617&idx=1&sn=a6bdad10145efdf0cd50f64355426d3a,http://mmbiz.qpic.cn/mmbiz_jpg/wYbofhyia8MMYRexG93nvCePKmu8xQmC3AnZJKzCicThsU0HYEIVaJvMM0RA5ia2F9MWFaAVCoK4zO58o2ucDmsYeAomTloTDVt7H46w23GNPw/0?wx_fmt=jpeg,50岁以后,身后安排与告别,晚年告别与身后安排,85,50岁以上,通用,情感共鸣,获得信息,数字切入型,921432_微信24h热文榜_20260910.csv,唯一,引用历史老年主题分类或规则映射
T0101,2026-09-04,2026-09-04,1,87000,87000,台风“沙德尔”，第三次登陆！,,2026-09-04 14:00:08,https://mp.weixin.qq.com/s?__biz=MzI3NjMzMjEwMQ==&mid=2247601682&idx=1&sn=71be0b7e0eafdd3f713672f0ae233175,https://mmbiz.qpic.cn/sz_mmbiz_jpg/MuibG5XwJNVefMPop2ia7RkVbHQOXV0PH8lV24gwsGWiaAtlbcL6S1XMvfoef8VcqoxyokjrpkAY1Xh99NAgvwWGM5bOa08lO5aCHAeuG9kVIc/0?wx_fmt=jpeg,50岁以后,其他,熟龄人群的日常见闻,20,泛人群,通用,好奇/实用,获得信息,事件切入型,921432_微信24h热文榜_20260904.csv,唯一,未命中历史老年主题分类，保留待人工判断
T0080,2026-09-03,2026-09-03,1,87000,87000,从库页湖返程路上的海钓,,2026-09-03 14:00:10,https://mp.weixin.qq.com/s?__biz=Mzk0MzczMTgwNg==&mid=2247490271&idx=1&sn=579980104a5cf2f11f8bddb062d964e2,http://mmbiz.qpic.cn/mmbiz_jpg/duiaD0MbsyTI7VU9DkZj0cCElOCicrt5dxvpesg8FJZtOdoPBicn3r4z4HVeibicOicZFYBiafXMXQko0adKFbKP0rAkZWmIjHrewvKmia7hrsicNSic0/0?wx_fmt=jpeg,50岁以后,其他,熟龄人群的日常见闻,20,泛人群,通用,好奇/实用,获得信息,事件切入型,921432_微信24h热文榜_20260903.csv,唯一,未命中历史老年主题分类，保留待人工判断
T0462,2026-09-21,2026-09-21,2,86000,86000,45岁配音演员赵然去世：他配活了我们的童年，却没人记住他的名字,,2026-09-21 14:00:09,https://mp.weixin.qq.com/s?__biz=MzcwNTM4Mzg5MQ==&mid=2247483824&idx=1&sn=b5d3c5e314310fd6cb18983454f1b793,https://mmbiz.qpic.cn/mmbiz_jpg/icMM012GMo5icAAwdl1yKTLR1ooMZDh1Pe2qFr9HiacOXeyEOMZIxjJV9wnpzABO08ia7D7xkClG7dSU5AzmYwT9mV2FOhQ2zRecybocWcxgGsI/0?wx_fmt=jpeg,50岁以后,身后安排与告别,晚年告别与身后安排,85,50岁以上,通用,情感共鸣,获得信息,故事型,921432_微信24h热文榜_20260921.csv;921432_微信24h热文榜_20260921.xlsx,重复上榜：保留最高热度,引用历史老年主题分类或规则映射
T0020,2026-09-01,2026-09-01,1,86000,86000,是谁在香港商场逛街，遇到了佘诗曼？,,2026-09-01 14:00:07,https://mp.weixin.qq.com/s?__biz=MzY0MDc0MzQ3OQ==&mid=2247492553&idx=1&sn=869f240c32775f95b60abca9ea7455d8,http://mmbiz.qpic.cn/mmbiz_jpg/VB1NaZTLFbEBmmQT8TXfgOrPq9NQYWW8EW0mN7iaCVQib2Nqv7uiaecB1P2axCoAXic9RibUDusibEqANu1afOcYnWDDmibWoD42Vtj94wmDblGEFk/0?wx_fmt=jpeg,50岁以后,其他,熟龄人群的日常见闻,20,泛人群,通用,好奇/实用,获得信息,问题型,921432_微信24h热文榜_20260901.csv,唯一,未命中历史老年主题分类，保留待人工判断
T0463,2026-09-21,2026-09-21,2,85000,85000,好想搬来成都啊🍜一座宜吃城市,,2026-09-21 14:00:09,https://mp.weixin.qq.com/s?__biz=MzA4MDQzNDk0MQ==&mid=2650639040&idx=1&sn=cdb04d635de12795688b7c344c7347f3,http://mmbiz.qpic.cn/mmbiz_jpg/fM6sfMeWmfPUcKoE7Zjc7Dg3bsQX96PlEAVvONiabjNxeVWkWFdx7j8epar7keqVGicDuianqnsyA7B4iaogsmnOibdAxLMymEmNMARibloO2iaq10/0?wx_fmt=jpeg,50岁以后,其他,熟龄人群的日常见闻,20,泛人群,通用,好奇/实用,获得信息,事件切入型,921432_微信24h热文榜_20260921.csv;921432_微信24h热文榜_20260921.xlsx,重复上榜：保留最高热度,未命中历史老年主题分类，保留待人工判断
T0375,2026-09-14,2026-09-14,1,85000,85000,据说有鹤吻痕的宝宝都是来报恩的,,2026-09-14 14:00:08,https://mp.weixin.qq.com/s?__biz=MzYzNDkyMDgzOQ==&mid=2247484139&idx=1&sn=91a8f22dc6caf184bba310db130f0b5e,http://mmbiz.qpic.cn/sz_mmbiz_jpg/M2q2sdRSu6Ruqfoyz10438Q91w8uCmPUTqjxPACibXJZ2opqLTn642zJMnmSSwO8PazkszG0h9kkz0cx9nt4JA25jDnjZlaiaAxygugRHNlrE/0?wx_fmt=jpeg,50岁以后,其他,熟龄人群的日常见闻,20,泛人群,通用,好奇/实用,获得信息,事件切入型,921432_微信24h热文榜_20260914.csv,唯一,未命中历史老年主题分类，保留待人工判断
T0288,2026-09-10,2026-09-10,1,85000,85000,农村老家里的一场葬礼，实现上也是一场大聚会，很奇怪，明明有人去世了，主家的院子里却很热闹,,2026-09-10 14:00:08,https://mp.weixin.qq.com/s?__biz=MzYzODM0NzYwOA==&mid=2247484663&idx=1&sn=bc009d5d89b4131368d869eeb5ff5394,https://mmbiz.qpic.cn/sz_mmbiz_jpg/zOmk2ByzMqvSAicEk58jYHzeckMAGAJxRkF7WO8SU1zFnDoIGDYK95tvgwmnaz9Zz2y9ptYoSLtaC98enJHX7fnrLtzYuHsk0qSyicRMtbrMA/0?wx_fmt=jpeg,50岁以后,身后安排与告别,晚年告别与身后安排,85,50岁以上,通用,情感共鸣,获得信息,事件切入型,921432_微信24h热文榜_20260910.csv,唯一,引用历史老年主题分类或规则映射
T0161,2026-09-06,2026-09-06,1,85000,85000,陈建斌侧身让路吴越目不斜视，六年只剩避让,,2026-09-06 14:00:09,https://mp.weixin.qq.com/s?__biz=MzkzMzY0NzMzMg==&mid=2247486104&idx=1&sn=2dcf38329963836765a766ef57e5c904,https://mmbiz.qpic.cn/sz_mmbiz_jpg/TPOMnGBl8nYnaGgCeR4XbQlyZB1btQ1fKK4nEvM3QqsxAH21jkMnd4MHO32Xt6maIxXWS7HYFQQHFGwYJB2pntbkvd3tAMUE5Okvmj12KrI/0?wx_fmt=jpeg,50岁以后,其他,熟龄人群的日常见闻,20,泛人群,通用,好奇/实用,获得信息,事件切入型,921432_微信24h热文榜_20260906.csv,唯一,未命中历史老年主题分类，保留待人工判断
T0162,2026-09-06,2026-09-06,1,85000,85000,Luke穿成这样，尚之桃还会喜欢吗？,,2026-09-06 14:00:09,https://mp.weixin.qq.com/s?__biz=Mzk3NTk4NTE1Mg==&mid=2247490090&idx=1&sn=12cac3b4c2f52cdef61712eb831fb00d,http://mmbiz.qpic.cn/mmbiz_jpg/P20DxHBic5vvH68bMvNHpgHxjWLIv8jRibnQ0pHv4VbQqYVjj7cZtQVem6SibPUFH4COJup5a8Voahy9LFUMlsD7jHH3N8DRUxF70ibIZ7LFq0o/0?wx_fmt=jpeg,50岁以后,其他,熟龄人群的日常见闻,20,泛人群,通用,好奇/实用,获得信息,问题型,921432_微信24h热文榜_20260906.csv,唯一,未命中历史老年主题分类，保留待人工判断
T0137,2026-09-05,2026-09-05,1,85000,85000,14岁离家闯世界，21岁登顶央视歌后，24岁全网封杀远走异国，患癌晚期涅槃重生，90 年代顶流歌后张咪,,2026-09-05 14:00:09,https://mp.weixin.qq.com/s?__biz=MzU3OTA5NzU4Nw==&mid=2247487360&idx=1&sn=6eb69414c6ab15758a5cdaab2e684489,https://mmbiz.qpic.cn/sz_mmbiz_jpg/D4tQSFSBZbDpmRKDNsSP6S21JxAVQqs4SsPRCichPbBxw05PeFBujhXFyTPWTd2zDTOGiao5U9QdsOfnrm3mEwOicmibPWn5EiaQ2UAWza5o9Hw4/0?wx_fmt=jpeg,50岁以后,其他,熟龄人群的日常见闻,20,泛人群,通用,好奇/实用,获得信息,数字切入型,921432_微信24h热文榜_20260905.csv,唯一,未命中历史老年主题分类，保留待人工判断
T0397,2026-09-15,2026-09-15,1,84000,84000,一个人对王石的态度，代表着他的认知,,2026-09-15 14:00:08,https://mp.weixin.qq.com/s?__biz=MzI3NjA5NTY4NA==&mid=2247493645&idx=1&sn=159b30e22d1f1ab010938d9783edfde7,http://mmbiz.qpic.cn/sz_mmbiz_jpg/FHywwbibbYalupT1b6lvZbdlk6HsiacbsWTvajookJLMiazia0wq4OHGGgCgzszaHzOSqNxb5dwD1hEjaspjCL9AKlYXDM4icricfdYGhQo2wDpr0/0?wx_fmt=jpeg,50岁以后,其他,熟龄人群的日常见闻,20,泛人群,通用,好奇/实用,获得信息,事件切入型,921432_微信24h热文榜_20260915.csv,唯一,未命中历史老年主题分类，保留待人工判断
T0313,2026-09-12,2026-09-12,1,84000,84000,一只不知被啥咬了的可怜猫，遇到好心人救助,,2026-09-12 14:00:08,https://mp.weixin.qq.com/s?__biz=MzYyMTQyOTM4NA==&mid=2247498165&idx=1&sn=e252d8cf86c4c5489e5ef7f7e2ee64fc,http://mmbiz.qpic.cn/mmbiz_jpg/WSvPeDtUkU8Rfiaib6URKTZQJiclZSu8d6GHWMlhZW5KgQNfa1da5wUvN9Bu0v6ibW2XQg7Tyu1ykE06TgsJvSst7txLWYcX8Ioj4Diblcje8Rr4/0?wx_fmt=jpeg,50岁以后,其他,熟龄人群的日常见闻,20,泛人群,通用,好奇/实用,获得信息,事件切入型,921432_微信24h热文榜_20260912.csv,唯一,未命中历史老年主题分类，保留待人工判断
T0314,2026-09-12,2026-09-12,1,83000,83000,52岁周迅，也满头白发了，你我还焦虑啥？,,2026-09-12 14:00:08,https://mp.weixin.qq.com/s?__biz=Mzk1NzU3OTI5OQ==&mid=2247487201&idx=1&sn=56b67a71cb0540a6a504639b8e381b8d,http://mmbiz.qpic.cn/sz_mmbiz_jpg/yw8FGTgjrfoRjcCZG4aKIao84a8SGEiclaoiaDhMmib1B2lNcrjXBRYkXNVOQzToHVtLtDhQIEFXHhFre8UqS2CdASVm9RPDrzQKFfLpINoB44/0?wx_fmt=jpeg,50岁以后,女性年龄与自我认同,女人年龄与自我价值,85,50岁以上,通用,好奇/实用,自我认同,问题型,921432_微信24h热文榜_20260912.csv,唯一,引用历史老年主题分类或规则映射
T0225,2026-09-08,2026-09-08,1,83000,83000,看看你们的健身搭子！？🏋️💪,,2026-09-08 14:00:10,https://mp.weixin.qq.com/s?__biz=Mzk5MDUzMTM1Mw==&mid=2247498396&idx=1&sn=fe161908ec0b698c9d40a184f023e79e,https://mmbiz.qpic.cn/mmbiz_jpg/B08ty3LnnDMSS3oibSBP8DicTEdn1wIUpyAeAdtic1nvVxphEFjhtFZqrU4q4cHZ40Mao463E9vKtWMib2eHdRJqtWKuJFfVUHuIQ5GEGQaBKm4/0?wx_fmt=jpeg,50岁以后,其他,熟龄人群的日常见闻,20,泛人群,通用,好奇/实用,获得信息,问题型,921432_微信24h热文榜_20260908.csv,唯一,未命中历史老年主题分类，保留待人工判断
T0049,2026-09-02,2026-09-02,1,83000,83000,我55岁在建行退休，工龄35年，看一下我的退休工资,,2026-09-02 14:00:10,https://mp.weixin.qq.com/s?__biz=Mzk2NDc1OTk1OA==&mid=2247496097&idx=1&sn=4c20d008a16fd966c1c5847663242d3c,https://mmbiz.qpic.cn/mmbiz_jpg/krwad74cGrib07XXpaayobsA5dLJeg4liadbPWUY982UiazV8EFULARqxu0ekXnFDU3f4kt5XNTm08QS9m2cHPprKLWYlKicrrlwcvicObO5H55s/0?wx_fmt=jpeg,50岁以后,养老金与医保,退休后的钱与保障,85,50岁以上,通用,信息获得,降低风险,故事型,921432_微信24h热文榜_20260902.csv,唯一,引用历史老年主题分类或规则映射
T0315,2026-09-12,2026-09-12,1,82000,82000,前一秒坐栏杆，拍照，比剪刀手，下一秒……,,2026-09-12 14:00:08,https://mp.weixin.qq.com/s?__biz=MzE5OTE2MDg2NQ==&mid=2247500210&idx=1&sn=e12b1d51afea7be700755c1ec0e230e1,http://mmbiz.qpic.cn/mmbiz_jpg/shCGOjdSGYDhponeclMwzfqNqFyJqD9KJXGuL6a5oOdyicocNJC4qokk0Q2zdialP1tIjic3EQAPyjXrIicxuq6KV263zGq60ma5P55YoFYJbBw/0?wx_fmt=jpeg,50岁以后,其他,熟龄人群的日常见闻,20,泛人群,通用,好奇/实用,获得信息,事件切入型,921432_微信24h热文榜_20260912.csv,唯一,未命中历史老年主题分类，保留待人工判断
T0081,2026-09-03,2026-09-03,1,82000,82000,看哭！张柏芝抱大三个儿子现实比剧本更动人,,2026-09-03 14:00:10,https://mp.weixin.qq.com/s?__biz=MzYzMTk2MDc1Ng==&mid=2247484051&idx=1&sn=707d1e3524d3ddf99e15318d978f208a,http://mmbiz.qpic.cn/mmbiz_jpg/3Gy1IERwKk04X0V6mRhCpkJI3Uednx2atAGG2WvISUtPNItpBtCLOz1prw1jvIIeXb66huEdbnTUGjkF4SX9s5SIW6eqQ4ahxTUYQIYLCK8/0?wx_fmt=jpeg,50岁以后,代际关系与家庭边界,子女关系与家庭边界,85,50岁以上,男性偏强,好奇/实用,关系处理,事件切入型,921432_微信24h热文榜_20260903.csv,唯一,引用历史老年主题分类或规则映射
T0050,2026-09-02,2026-09-02,1,82000,82000,骗10岁的女孩用糖，骗20岁的女孩用花，骗30岁的女人用钱，骗40岁的女人用钱用花还得用心，骗60岁的女人，用免费鸡蛋。骗术在变，欲望不变,,2026-09-02 14:00:10,https://mp.weixin.qq.com/s?__biz=MzU1Mjg0MjQ1MQ==&mid=2247490331&idx=1&sn=db383ba5e2fface4312419233ffb532d,https://mmbiz.qpic.cn/sz_mmbiz_jpg/cl9LE4wfXBkoSnrk7VLs4AibfGQvxPYJkl9U7k0BTr4VGNelN8sLZTlegk4EoV0ibGQWdwhlHFSriaQpdY4Jndk32eIz0kSXWXvdiag2icBJPzT8/0?wx_fmt=jpeg,女人的下半场,财务安全与防骗,老年财务安全,85,50岁以上,女性偏强,好奇/实用,降低风险,提醒警示型,921432_微信24h热文榜_20260902.csv,唯一,引用历史老年主题分类或规则映射
T0051,2026-09-02,2026-09-02,1,82000,82000,被骂上热搜的清华美院跟清华什么关系？清华需要背锅吗？,,2026-09-02 14:00:10,https://mp.weixin.qq.com/s?__biz=MzE5MTAzNDEyNw==&mid=2247487162&idx=1&sn=c3af628d6c46aa3c7d4f028ba83c6928,https://mmbiz.qpic.cn/mmbiz_jpg/MSicnHibuj8okliclqPACicv5Z7A1rxpsEpy7NPdZeGeLJDGh4tLicScuXfGsw6e6canJibznMibshULzT5So28EgBYUbQAGrjqTJXEKvxahibw7ASY/0?wx_fmt=jpeg,50岁以后,其他,熟龄人群的日常见闻,20,泛人群,通用,好奇/实用,获得信息,问题型,921432_微信24h热文榜_20260902.csv,唯一,未命中历史老年主题分类，保留待人工判断
T0398,2026-09-15,2026-09-15,1,81000,81000,恭喜我们曼昱登顶世一,,2026-09-15 14:00:08,https://mp.weixin.qq.com/s?__biz=MzkyNTc0MjEwNQ==&mid=2247491169&idx=1&sn=264b06c550fa4074172d085d6cc73574,http://mmbiz.qpic.cn/sz_mmbiz_jpg/zJJvUN2PLKG5XdibbqdExl0Nqb0ahziatt2eGTYyf4Piaa09lgU5xtsTmtJqhAkCppN93VdkyfrurUpnXQQxOmnUlh1cdbJibjaHjqEc1roP3HU/0?wx_fmt=jpeg,50岁以后,其他,熟龄人群的日常见闻,20,泛人群,通用,好奇/实用,获得信息,故事型,921432_微信24h热文榜_20260915.csv,唯一,未命中历史老年主题分类，保留待人工判断
T0399,2026-09-15,2026-09-15,1,81000,81000,他终于直播带货了但是不太像“他”,,2026-09-15 14:00:08,https://mp.weixin.qq.com/s?__biz=MzU0MjM4OTMyNg==&mid=2247489221&idx=1&sn=f96bdbd0a087bbbc693835b8fc302c48,http://mmbiz.qpic.cn/mmbiz_jpg/yGJKFUASYIBMxKRnwlACg4mJ3ibiccRt0aX5Kv4ImQXjKNDReBRJIXzRichKLACMWy7buXtjbDmSogDcoeRlVQiaQT8TxFlx0kN9b00NwxJ5KB0/0?wx_fmt=jpeg,50岁以后,其他,熟龄人群的日常见闻,20,泛人群,通用,好奇/实用,获得信息,事件切入型,921432_微信24h热文榜_20260915.csv,唯一,未命中历史老年主题分类，保留待人工判断
T0316,2026-09-12,2026-09-12,1,81000,81000,“80后”首位将军！三夺“金头盔”的王牌飞行员蒋佳冀已晋升少将！！,,2026-09-12 14:00:08,https://mp.weixin.qq.com/s?__biz=MzcwODM3NjA3MQ==&mid=2247484227&idx=1&sn=00c97c6afd4748f5c62e52c2ce45cd06,https://mmbiz.qpic.cn/mmbiz_jpg/HibXt6aTMo1Uqb4VBJUa6Mx0OgVBujsAdkc2KrXSeFIrJJa8JRJnDxzlDG4ZsdibfnQVUepiarGwQf58FHKibH6rZmgbZbN3GCWWxZAclgRYVia8/0?wx_fmt=jpeg,50岁以后,其他,熟龄人群的日常见闻,20,泛人群,通用,好奇/实用,获得信息,事件切入型,921432_微信24h热文榜_20260912.csv,唯一,未命中历史老年主题分类，保留待人工判断
T0317,2026-09-12,2026-09-12,1,81000,81000,69 岁张瑜走进公证处，签完字，将北京的四合院、上海的江景大平层，国外几处房产，连化工厂和金矿的收益，全公证给了外甥。,,2026-09-12 14:00:08,https://mp.weixin.qq.com/s?__biz=MzkzOTI3MjUxOQ==&mid=2247506942&idx=1&sn=e760dabd74cf4c1d678c269881199a52,https://mmbiz.qpic.cn/mmbiz_jpg/VnwOz8XYCTYD2QlPJrquPqnGtWVPPKXDallfCqGgchas80bvQ7gdpe2kG7EBHoed7E2pqdmEVGPy2hn2Ps77ibIvEb0JfDzmia8hdUrBicdDqo/0?wx_fmt=jpeg,50岁以后,身后安排与告别,晚年告别与身后安排,85,50岁以上,通用,好奇/实用,获得信息,数字切入型,921432_微信24h热文榜_20260912.csv,唯一,引用历史老年主题分类或规则映射
T0318,2026-09-12,2026-09-12,1,79000,79000,76岁王石狂秀肌肉，跟张丰毅却是两种状态,,2026-09-12 14:00:08,https://mp.weixin.qq.com/s?__biz=Mzk2NDMwMzY3Nw==&mid=2247485137&idx=1&sn=9c69cf64b6a06a2424e7250692d3fb5f,https://mmbiz.qpic.cn/mmbiz_jpg/bm55ZdbqAzibd9NIb0MzlSVq9JcIFsDNaNwGQp2QMjok7RDbeGIKM5ib8xauvKALHp9KKEqcIWmQ6ZGkgOO0uia17pxibVEGiaOG5XzlhWOjicleQ/0?wx_fmt=jpeg,50岁以后,健康饮食与运动,50岁后的健康管理,85,50岁以上,通用,好奇/实用,改善身体,数字切入型,921432_微信24h热文榜_20260912.csv,唯一,引用历史老年主题分类或规则映射
T0138,2026-09-05,2026-09-05,1,79000,79000,欧盟规定：凡是销往欧洲的产品生产链条中任何一个环节被查出用工方面的问题，都将被禁止入境并全面封杀。,,2026-09-05 14:00:09,https://mp.weixin.qq.com/s?__biz=MzY4NDM4MjMwOA==&mid=2247484163&idx=1&sn=515f84704b1cd8d2ca158bca0dcf3cbc,https://mmbiz.qpic.cn/mmbiz_jpg/LKobbCDiaD2WUQx5rk3R3ACto1Su54l3ZBO8UKaKSGgBKKNGaxmyF2EJxtgT5mMWz0DaQGvT6PbE1yYNwvAL9J5fDvrP6dITSIYPh0LjCIJM/0?wx_fmt=jpeg,50岁以后,其他,熟龄人群的日常见闻,20,泛人群,通用,好奇/实用,获得信息,事件切入型,921432_微信24h热文榜_20260905.csv,唯一,未命中历史老年主题分类，保留待人工判断
T0139,2026-09-05,2026-09-05,1,79000,79000,当年迷倒半个亚洲的男神，如今笑得像大叔,,2026-09-05 14:00:09,https://mp.weixin.qq.com/s?__biz=Mzk0NDg2MDk4Mw==&mid=2247485433&idx=1&sn=19e8c120e33fb16c03779e03349276ba,http://mmbiz.qpic.cn/sz_mmbiz_jpg/FPf39Yricu0xTcdlSicIKuBBxxf4SmHLpevMSB99fAo2pwz2Y0APfVYsqUwdfK27MYINqIL6SQEeHlVib8vccsibBUfh7I0T2YYG1BG1aSwN6iac/0?wx_fmt=jpeg,50岁以后,其他,熟龄人群的日常见闻,20,泛人群,通用,好奇/实用,获得信息,事件切入型,921432_微信24h热文榜_20260905.csv,唯一,未命中历史老年主题分类，保留待人工判断
T0102,2026-09-04,2026-09-04,1,79000,79000,小冷军蔡杰画的这碗草莓，都不知道是几千万像素了！,,2026-09-04 14:00:08,https://mp.weixin.qq.com/s?__biz=MzYzNDk3NTc4Ng==&mid=2247485428&idx=1&sn=8883b2cccb142bb97ffb5bf8338ccaa8,https://mmbiz.qpic.cn/sz_mmbiz_jpg/L2FV9qk1tlgkRcEDgqGIBRrrffnSt8icOjABnxTfh6ljg8icr0qwpFpB8DpHt11ZnxHz7iamJQyjoJRmBCMPiaGb7bUjRCmDe1xD3XGpYJM64jM/0?wx_fmt=jpeg,50岁以后,其他,熟龄人群的日常见闻,20,泛人群,通用,好奇/实用,获得信息,数字切入型,921432_微信24h热文榜_20260904.csv,唯一,未命中历史老年主题分类，保留待人工判断
T0376,2026-09-14,2026-09-14,1,78000,78000,黄金“大崩盘”！华尔街空头狂欢，全球韭菜又在山顶站岗？,,2026-09-14 14:00:08,https://mp.weixin.qq.com/s?__biz=MzU1MDYxNzMzMA==&mid=2247549278&idx=4&sn=93885a8d216722603c41caf9873a056f,https://mmbiz.qpic.cn/sz_mmbiz_jpg/GExApqht1ItH3xIMMbkNXsRdCg5Jgv0zQzs6wlRtj1UjXaNDLur8icCEmjE5hwghGabicndFyHFJL1RU7RiadribRz85FKOKMJ937dAmQ5M09vg/0?wx_fmt=jpeg,50岁以后,其他,熟龄人群的日常见闻,20,泛人群,通用,好奇/实用,获得信息,问题型,921432_微信24h热文榜_20260914.csv,唯一,未命中历史老年主题分类，保留待人工判断
T0082,2026-09-03,2026-09-03,1,78000,78000,黄景瑜海报出现“三只耳”？网友：周六福设计师天塌了！,,2026-09-03 14:00:10,https://mp.weixin.qq.com/s?__biz=MzAxODA0NDg5OA==&mid=2650120072&idx=1&sn=576405b55d793e142998c3bc26ac97eb,https://mmbiz.qpic.cn/mmbiz_jpg/8pL1nKPicia0ezQgrg0iae03kdRMbdU0e1ZrX5VpicYyAdTj6YVUEB3zib5t4Xx9tQgKzLzdGPDZ2KJtlzYPlnGgtlicgevJzZN5ybnZSL6NqTx9k/0?wx_fmt=jpeg,50岁以后,其他,熟龄人群的日常见闻,20,泛人群,通用,好奇/实用,获得信息,问题型,921432_微信24h热文榜_20260903.csv,唯一,未命中历史老年主题分类，保留待人工判断
T0021,2026-09-01,2026-09-01,1,78000,78000,头戴两朵花的王菲,,2026-09-01 14:00:07,https://mp.weixin.qq.com/s?__biz=MzI0Njk0OTI4Mw==&mid=2247491487&idx=1&sn=c7d7cb83c9b5f243e74e800d901833ea,http://mmbiz.qpic.cn/mmbiz_jpg/IDAowq2eepMbOppIX4yVQ7RJ5eERT8LaVk6kFvVfHOHWlB0mYtVm2yRfwVGtP6ArQeic8kvLNd9oiaXP7JicNMIsITNmLSHNP6SJCibKBynR6rM/0?wx_fmt=jpeg,50岁以后,其他,熟龄人群的日常见闻,20,泛人群,通用,好奇/实用,获得信息,事件切入型,921432_微信24h热文榜_20260901.csv,唯一,未命中历史老年主题分类，保留待人工判断
T0400,2026-09-15,2026-09-15,1,77000,77000,哪个好看一点呢🧐,,2026-09-15 14:00:08,https://mp.weixin.qq.com/s?__biz=MzY5MTI4NjU2NA==&mid=2247485024&idx=1&sn=12ce3787087d8984261ee4033f4cfd84,http://mmbiz.qpic.cn/mmbiz_jpg/qtfMfqaWtBge2v5NaD9WcQu9FSFSKDWcpTTmz1KsnlREfN1ibsxlZsUFMSZ3hlnOn4WcrIHe0gp81II8Sh37mhib0PqIl1NB2JQTVX8lngr5M/0?wx_fmt=jpeg,50岁以后,其他,熟龄人群的日常见闻,20,泛人群,通用,好奇/实用,获得信息,事件切入型,921432_微信24h热文榜_20260915.csv,唯一,未命中历史老年主题分类，保留待人工判断
T0319,2026-09-12,2026-09-12,1,77000,77000,163中年老阿姨适合哪一款？,,2026-09-12 14:00:08,https://mp.weixin.qq.com/s?__biz=MzI4Mzc5MTc0Nw==&mid=2247491574&idx=1&sn=41a6a71a411d5ac0e3c12ff30b8d75d4,http://mmbiz.qpic.cn/mmbiz_jpg/Wfz4nrwCUtsjhHD7HZO7iaeLTVV9buk2SnflQkkqk1YKCAbpFEHTfX9Zicd4xIU3EUJtkSqvGgjfmaoia3IibO2Pb3Ky10CKHkNeO7ticws0OlzI/0?wx_fmt=jpeg,50岁以后,女性年龄与自我认同,女人年龄与自我价值,85,50岁以上,通用,好奇/实用,自我认同,问题型,921432_微信24h热文榜_20260912.csv,唯一,引用历史老年主题分类或规则映射
T0022,2026-09-01,2026-09-01,1,77000,77000,冈仁波齐，回不去了,,2026-09-01 14:00:07,https://mp.weixin.qq.com/s?__biz=MzIxNTU4MjQwMg==&mid=2247487549&idx=1&sn=0146263011ab667589a607f47487ffb8,https://mmbiz.qpic.cn/mmbiz_jpg/lYicg5KDceXNicRaRicof8tqGfic7xy3IYEu2osVfiapXOAGYcpcgkuNBE31arYuXPKZHvGk3xibrmsG9iaGedJdyCiadofSzeq0LrLs8adRhwQ2SMc/0?wx_fmt=jpeg,50岁以后,其他,熟龄人群的日常见闻,20,泛人群,通用,好奇/实用,获得信息,事件切入型,921432_微信24h热文榜_20260901.csv,唯一,未命中历史老年主题分类，保留待人工判断
T0191,2026-09-07,2026-09-07,1,76000,76000,李若彤的 60 歲,,2026-09-07 14:00:14,https://mp.weixin.qq.com/s?__biz=MzY0MDY3OTcwNA==&mid=2247485148&idx=1&sn=2cd2dfabd414dd8c3d8afe85a4bf7406,https://mmbiz.qpic.cn/sz_mmbiz_jpg/7uicYhIzejyj9aet0r1gUOeY5PWl7BLibugbOnvVslFGwOpxKAGtGqiaKamkzI8meoWGAia70tFdwHuol0fLEjep2iaArQrXnerg2yZ0NBdPT8PY/0?wx_fmt=jpeg,50岁以后,女性年龄与自我认同,女人年龄与自我价值,85,50岁以上,通用,好奇/实用,自我认同,事件切入型,921432_微信24h热文榜_20260907.csv,唯一,引用历史老年主题分类或规则映射
T0083,2026-09-03,2026-09-03,1,76000,76000,苹果新CEO上任首日送福利？新iPhone被曝恢复赠送充电头、有线耳机，官方回应！,,2026-09-03 14:00:10,https://mp.weixin.qq.com/s?__biz=MzUyMDA5OTI3OA==&mid=2247545752&idx=1&sn=d46b716b638092b98e115376b5a664fc,https://mmbiz.qpic.cn/mmbiz_jpg/3qFF1HAWh0dbQSlib9yg82aVd3ZOIXeFSylOfibSEhLfpmNglmGU7icrQlZ8VFoZOml7BcvC7hoDysAXEW76wZrEkBmXXibmDUdMoGsSf8cpyJU/0?wx_fmt=jpeg,50岁以后,其他,熟龄人群的日常见闻,20,泛人群,通用,好奇/实用,获得信息,问题型,921432_微信24h热文榜_20260903.csv,唯一,未命中历史老年主题分类，保留待人工判断
T0464,2026-09-21,2026-09-21,2,75000,75000,这十三类的人，尽量别深交,,2026-09-21 14:00:09,https://mp.weixin.qq.com/s?__biz=MzY4MTM0NDA4NA==&mid=2247485477&idx=1&sn=2a06f14a2303f7dd402f6867faa055ec,http://mmbiz.qpic.cn/mmbiz_jpg/QytN7H61Gj6OJ6y5tzxGUEfSibJZefovprCibib2VAo0JWwH6b5zMDONy2B0UG59dYDRExxucMaPxEs4wAicZGVkMQ7Q0y98AAwmkWpb4Gprf2o/0?wx_fmt=jpeg,50岁以后,其他,熟龄人群的日常见闻,20,泛人群,通用,好奇/实用,获得信息,提醒警示型,921432_微信24h热文榜_20260921.csv;921432_微信24h热文榜_20260921.xlsx,重复上榜：保留最高热度,未命中历史老年主题分类，保留待人工判断
T0433,2026-09-20,2026-09-20,1,75000,75000,印度给中美俄上了一课：粮食产量不到中国一半，却养活了同样14亿人。印度粮食总产量还不到咱们中国的一半，人口却差不多都是14亿人。,,2026-09-20 14:00:07,https://mp.weixin.qq.com/s?__biz=MjM5NDI5MDE1MQ==&mid=2450687357&idx=1&sn=2a1ce12684a99e2ea5dbd86309025d61,https://mmbiz.qpic.cn/mmbiz_jpg/VOIPuNtvIVoSjZ7npfKGg0IDL144AEqHwzWibCG4bnLUNmrBrHic5YuOvGalvEcFh1CoeU2006eltkybZ9l6ClIiacRdP6BnVsDDiaK0JNU6icMI/0?wx_fmt=jpeg,50岁以后,其他,熟龄人群的日常见闻,20,泛人群,通用,好奇/实用,获得信息,事件切入型,921432_微信24h热文榜_20260920.xlsx,唯一,未命中历史老年主题分类，保留待人工判断
T0338,2026-09-13,2026-09-13,1,75000,75000,昨晚，陈幸同惊天逆转，进入女单8强！,,2026-09-13 14:00:07,https://mp.weixin.qq.com/s?__biz=Mzg3NDIzNDk1Ng==&mid=2247485978&idx=1&sn=ade5d44b5bf987d33503eca4ea671b56,http://mmbiz.qpic.cn/mmbiz_jpg/Xp8ufLkvuvpaXvTck8bO1kAXH4V4ISSY2L1sia322Sus69wdRST1VnJyWnTswM7ps2ibAlE4bAlyvZ96iaH0plkb1l88LeeCPhHcq5dcHibxVj4/0?wx_fmt=jpeg,50岁以后,其他,熟龄人群的日常见闻,20,泛人群,通用,好奇/实用,获得信息,事件切入型,921432_微信24h热文榜_20260913.csv,唯一,未命中历史老年主题分类，保留待人工判断
T0163,2026-09-06,2026-09-06,1,75000,75000,好一个“杀人”于无形的料汁 😂😂😂😂,,2026-09-06 14:00:09,https://mp.weixin.qq.com/s?__biz=Mzk4ODA5MDY2MQ==&mid=2247486161&idx=1&sn=21c3bac9077d9da68030c3f4b2395eb6,http://mmbiz.qpic.cn/sz_mmbiz_jpg/gZxLBAVSf8y0n5SrgaOhOfHunBl8YJohvdWJML8lPicZFzroT8dU7flykYzsFKBG3Kaj6ibgIUOt5icIHOJDpJQJocQVLz8icld0bjQQeO3ByUo/0?wx_fmt=jpeg,50岁以后,其他,熟龄人群的日常见闻,20,泛人群,通用,好奇/实用,获得信息,事件切入型,921432_微信24h热文榜_20260906.csv,唯一,未命中历史老年主题分类，保留待人工判断
T0103,2026-09-04,2026-09-04,1,75000,75000,三个日本鬼子打败了八路军一个连,,2026-09-04 14:00:08,https://mp.weixin.qq.com/s?__biz=Mzg4MDk3MzY5NA==&mid=2247489454&idx=1&sn=9998b1b18cd660444e21eb357901afeb,https://mmbiz.qpic.cn/sz_mmbiz_jpg/2Pztb6bhjePjrFL8r1KWZPt3yOOPYjgqXUhYRdG22wPOL1HvyXP2MicBhBUiaBqwVbJV2jcPMWlEClaPrgpQVqAFuP66ABW67yycr6Yjxs3qg/0?wx_fmt=jpeg,50岁以后,其他,熟龄人群的日常见闻,20,泛人群,通用,好奇/实用,获得信息,事件切入型,921432_微信24h热文榜_20260904.csv,唯一,未命中历史老年主题分类，保留待人工判断
T0104,2026-09-04,2026-09-04,1,75000,75000,耿同学硕士论文也被挂上PubPeer：细胞系“张冠李戴”、数据矛盾、方法学存疑——网友连发三条评论逐条拆解，速来观摩！,,2026-09-04 14:00:08,https://mp.weixin.qq.com/s?__biz=MzU5ODUwMjQxMw==&mid=2247490994&idx=1&sn=48bd6939699aaf441338fc94cf49271a,https://mmbiz.qpic.cn/mmbiz_jpg/X23vYWNoS3KyGZ1xTiaLe58GukHBCEXjuaSmk9POXC6IcgbiayKcv5jny3Zj89koXEj77PbtFlJa337nNsiaicTqQXNHCr2uvcFpXvrAZtd4RyU/0?wx_fmt=jpeg,50岁以后,其他,熟龄人群的日常见闻,20,泛人群,通用,好奇/实用,获得信息,事件切入型,921432_微信24h热文榜_20260904.csv,唯一,未命中历史老年主题分类，保留待人工判断
T0084,2026-09-03,2026-09-03,1,75000,75000,一时兴起查无犯罪记录证明，还好是良好公民,,2026-09-03 14:00:10,https://mp.weixin.qq.com/s?__biz=MzcwMDIxNjc0Ng==&mid=2247485679&idx=1&sn=5381c335f0c737e2dbcf832ac64b1824,http://mmbiz.qpic.cn/sz_mmbiz_jpg/tXMYA9P21R5KnTzHFhUQgJMOQLJll7HKnHINS9EZJPUAYASGhwPoFQic0aEoq2D4mQ7d9iaWtSMoJD04hic8iaMo9oZkwnIEvCREMlFCw35ia8y4/0?wx_fmt=jpeg,50岁以后,其他,熟龄人群的日常见闻,20,泛人群,通用,好奇/实用,获得信息,事件切入型,921432_微信24h热文榜_20260903.csv,唯一,未命中历史老年主题分类，保留待人工判断
T0052,2026-09-02,2026-09-02,1,75000,75000,寻找最适合的内裤中……女士内裤缝合步骤,,2026-09-02 14:00:10,https://mp.weixin.qq.com/s?__biz=MzYzNzU1MzgzMA==&mid=2247486255&idx=1&sn=280fa3a6f972d8b0688be09c23fae2ba,http://mmbiz.qpic.cn/mmbiz_jpg/FwYDCd89Mrf9TB8L80l7Umt8LckvKYlfn5Picn5OaMSVJL7EmhOgNqSpoLdantdA5w53wLePE02fOjbgBIbsd3wT0kqK5jKdYEtibo4eSEsRc/0?wx_fmt=jpeg,50岁以后,其他,熟龄人群的日常见闻,20,泛人群,通用,好奇/实用,获得信息,事件切入型,921432_微信24h热文榜_20260902.csv,唯一,未命中历史老年主题分类，保留待人工判断
T0226,2026-09-08,2026-09-08,1,74000,74000,广州图书馆承担了所有:无处可去的失业者,,2026-09-08 14:00:10,https://mp.weixin.qq.com/s?__biz=MzUyOTE2MTE5Mw==&mid=2247488779&idx=1&sn=eb84aa320d04820827f726f40026fcc9,http://mmbiz.qpic.cn/mmbiz_jpg/8QapjyqG9g2licPj4ic6x2tMU5E7YqLaiaz8LL8Upm6QGIGrxM3ow5ANwwv5zlB3SicRD6Na9l9GPXKLPEwq4bIKwwzZiaZOh7r5d5nGtOV8icQia0/0?wx_fmt=jpeg,50岁以后,其他,熟龄人群的日常见闻,20,泛人群,通用,好奇/实用,获得信息,事件切入型,921432_微信24h热文榜_20260908.csv,唯一,未命中历史老年主题分类，保留待人工判断
T0192,2026-09-07,2026-09-07,1,74000,74000,他的生日，永远停在了24岁,,2026-09-07 14:00:14,https://mp.weixin.qq.com/s?__biz=MzcwNjEyNjAwMw==&mid=2247488905&idx=1&sn=6e22c95e149db02096b3bba4315f193e,http://mmbiz.qpic.cn/mmbiz_jpg/049dFBmhic78BVHp0L8AWVwTXDic7TQFZxfI69FUBZQZ1eS3N5OLqAIMB5UIggjA0mJDq8GMKskkEibteyibIYqOOYotKEVO3KiabsghbLwwcn6I/0?wx_fmt=jpeg,50岁以后,其他,熟龄人群的日常见闻,20,泛人群,通用,好奇/实用,获得信息,数字切入型,921432_微信24h热文榜_20260907.csv,唯一,未命中历史老年主题分类，保留待人工判断
T0465,2026-09-21,2026-09-21,2,73000,73000,@全体内师er，喜迎双节，万元好礼免费送！,,2026-09-21 14:00:09,https://mp.weixin.qq.com/s?__biz=MzIwNDg5NDc3Mg==&mid=2247493728&idx=1&sn=7b308858d21d908c0351980c975963bc,https://mmbiz.qpic.cn/sz_mmbiz_jpg/FlMEHquAr5CWk0N3mkribDtJYjCLWTTglgo4huwfOx6xxPICgibeOiaIrGAdheBwKZ52NRgFjV9pIYmMbCFlZziahIuicxnGI6ZJf9kystc6fCDs/0?wx_fmt=jpeg,50岁以后,其他,熟龄人群的日常见闻,20,泛人群,通用,好奇/实用,获得信息,数字切入型,921432_微信24h热文榜_20260921.csv;921432_微信24h热文榜_20260921.xlsx,重复上榜：保留最高热度,未命中历史老年主题分类，保留待人工判断
T0434,2026-09-20,2026-09-20,1,73000,73000,复出了！陈冠希+港毒黄XX主演贺岁片，片方好大胆！可两人连横店实拍都进不去！,,2026-09-20 14:00:07,https://mp.weixin.qq.com/s?__biz=MzY5MjM4NDA3NA==&mid=2247483906&idx=1&sn=b3d4dc1aa81205df6fb79020bff52619,https://mmbiz.qpic.cn/mmbiz_jpg/dmeicypa6t7ia1tZ83WpdpLnaiakK0Diauy3iaVTaJ1QETsZxjK82hm8UztrX88qcOklx02DtQvRgOPL5WHvuzicCV9DVPlyDx5q7POYDfDFD4iaVc/0?wx_fmt=jpeg,50岁以后,其他,熟龄人群的日常见闻,20,泛人群,通用,好奇/实用,获得信息,数字切入型,921432_微信24h热文榜_20260920.xlsx,唯一,未命中历史老年主题分类，保留待人工判断
T0377,2026-09-14,2026-09-14,1,73000,73000,那个替同学挡8刀的女孩，现在每天守护别人,,2026-09-14 14:00:08,https://mp.weixin.qq.com/s?__biz=Mzk2NDc0Mzg0Nw==&mid=2247501521&idx=1&sn=e3cb21145957c7ff0adce4c1969c97f5,http://mmbiz.qpic.cn/sz_mmbiz_jpg/lNPZmWMP5V6Eicap3946rhSDfSyhiapCr9Zw2RLicoxNFiacJGW2L64JneYInUvYWatNuCjyCoLTmHNol8KcBWibdr8ib7gpOHHEnQDibJ26C3cxUQ/0?wx_fmt=jpeg,50岁以后,其他,熟龄人群的日常见闻,20,泛人群,通用,好奇/实用,获得信息,提醒警示型,921432_微信24h热文榜_20260914.csv,唯一,未命中历史老年主题分类，保留待人工判断
T0253,2026-09-09,2026-09-09,1,73000,73000,奇迹发生,,2026-09-09 14:00:09,https://mp.weixin.qq.com/s?__biz=MzcxMDE3MTY5MA==&mid=2247485718&idx=1&sn=8cb56b7fce50f06c65d68654f5ab8cde,http://mmbiz.qpic.cn/sz_mmbiz_jpg/nGq6IV2aiagTOH0HJnH8icFVTlWT3Bu6Zp9kx1tFUDZHlwM9vYiaZrkIl48kGqGhGGRnFpqd2WMico1kllHfOTEaBEYVLj0kODLeBe7xyI78EFc/0?wx_fmt=jpeg,50岁以后,其他,熟龄人群的日常见闻,20,泛人群,通用,好奇/实用,获得信息,事件切入型,921432_微信24h热文榜_20260909.csv,唯一,未命中历史老年主题分类，保留待人工判断
T0254,2026-09-09,2026-09-09,1,73000,73000,人走了，你藏了半辈子的宝贝，全成了子女的麻烦,,2026-09-09 14:00:09,https://mp.weixin.qq.com/s?__biz=Mzk3NTcyMDkyOQ==&mid=2247486594&idx=1&sn=a982af7203454b43a10f9150f986cd46,http://mmbiz.qpic.cn/sz_mmbiz_jpg/wYbofhyia8MNz2HtM6b05TVtmve50oyiar8GdaGGIPUNpkdA5CXSHp9ogQBfIzHyYBNGL8YtmI24QU42HZMic9SESev4IH6K0SQx0FRShG7SYs/0?wx_fmt=jpeg,50岁以后,身后安排与告别,晚年告别与身后安排,85,50岁以上,通用,好奇/实用,获得信息,事件切入型,921432_微信24h热文榜_20260909.csv,唯一,引用历史老年主题分类或规则映射
T0227,2026-09-08,2026-09-08,1,73000,73000,中国女篮 超燃的奇迹 丑陋的胜利,,2026-09-08 14:00:10,https://mp.weixin.qq.com/s?__biz=MjM5MzY0NDI4OA==&mid=2650623380&idx=1&sn=998cefd70ee39a37ecc99d68b45cd9a5,https://mmbiz.qpic.cn/mmbiz_jpg/jib4rIUIG4UaQVBZxQfzoec4AjUJsZ6qGeMGtPwF1hzUKuj1xjWIfIPmTI66yFHgMpBXB9o1n6tpvWxfticwVxDPAsiaah8Rj05oaQvxu4LsMU/0?wx_fmt=jpeg,50岁以后,其他,熟龄人群的日常见闻,20,泛人群,通用,好奇/实用,获得信息,事件切入型,921432_微信24h热文榜_20260908.csv,唯一,未命中历史老年主题分类，保留待人工判断
T0085,2026-09-03,2026-09-03,1,73000,73000,这个职业，越来越不好干了！,,2026-09-03 14:00:10,https://mp.weixin.qq.com/s?__biz=Mzg4ODY1NDAwNg==&mid=2247496076&idx=1&sn=7e28dd6212a2f574cf65228037a62a6a,http://mmbiz.qpic.cn/mmbiz_jpg/hmVib2415L2H9fiaL2IK2rXCIiaicKL7pXdtGWh99kuEPecJAaMlKdZZIJp0SY7eeajuJXDCwYML2EylvcbNiaUXkrLHeISdfoWtA3ZqtQ7cLmKQ/0?wx_fmt=jpeg,50岁以后,退休适应与再就业,退休后的身份与第二曲线,85,50岁以上,通用,好奇/实用,获得信息,事件切入型,921432_微信24h热文榜_20260903.csv,唯一,引用历史老年主题分类或规则映射
T0053,2026-09-02,2026-09-02,1,73000,73000,耿同学打假后半场：拳拳落空,,2026-09-02 14:00:10,https://mp.weixin.qq.com/s?__biz=MzUxMjc0MjkzNQ==&mid=2247674034&idx=1&sn=89d8a534607b8600138b6b1094ab9d73,https://mmbiz.qpic.cn/mmbiz_jpg/6gPFjvocPcCT34s690SFiaCB65glibrCKicPMHnB3EMicSGbEM3HYhWdgv4ib5xbpdeKcnGQNA8JmrbPgo6u4tGwqMLIa0Lvw8A6dL1HHKZfWXxU/0?wx_fmt=jpeg,50岁以后,其他,熟龄人群的日常见闻,20,泛人群,通用,好奇/实用,获得信息,事件切入型,921432_微信24h热文榜_20260902.csv,唯一,未命中历史老年主题分类，保留待人工判断
T0023,2026-09-01,2026-09-01,1,73000,73000,算完养车成本，我沉默了,,2026-09-01 14:00:07,https://mp.weixin.qq.com/s?__biz=MzIxODA3NzAyNA==&mid=2649444791&idx=1&sn=6f82120131c696fbc2eccf9e2a5899a0,http://mmbiz.qpic.cn/sz_mmbiz_jpg/gfMNVzbTqyHhagUVUSySyZwP5oFjVEKQcjm9IqZE61XsgyDVXVwfWuia2Adq34MkdibGztgmWeDhe2RrAb51L1JaicGR6ZSwVEZShdfEJCrfq0/0?wx_fmt=jpeg,50岁以后,旅游消费与兴趣,退休后的兴趣与生活方式,85,50岁以上,通用,好奇/实用,获得信息,故事型,921432_微信24h热文榜_20260901.csv,唯一,引用历史老年主题分类或规则映射
T0401,2026-09-15,2026-09-15,1,72000,72000,母亲敬一丹，父亲亿万身家，她却活成最干净的豪门千金,,2026-09-15 14:00:08,https://mp.weixin.qq.com/s?__biz=Mzk1NzE1NzQzOA==&mid=2247487745&idx=1&sn=ed20e728cbe9c98b177ade684dd80353,https://mmbiz.qpic.cn/sz_mmbiz_jpg/RwSfPhRhIiae0Q5ExHhagXfnkxVxRFzn2SFoSpF27dGZ1Un747Kfr3pnNl4biaHQ2RVGLpibe21rhcyXsZ15dA3usRf9gM7N6B3Msicc77d7vL0/0?wx_fmt=jpeg,50岁以后,其他,熟龄人群的日常见闻,20,泛人群,通用,好奇/实用,获得信息,数字切入型,921432_微信24h热文榜_20260915.csv,唯一,未命中历史老年主题分类，保留待人工判断
T0320,2026-09-12,2026-09-12,1,72000,72000,这4种老人往往长寿，看看有你吗？,,2026-09-12 14:00:08,https://mp.weixin.qq.com/s?__biz=MzYzODM3MTIwNw==&mid=2247486829&idx=1&sn=3c29c10596e2e476bbe997b9163f1746,http://mmbiz.qpic.cn/mmbiz_jpg/yhUibBDvnJFvvrFWzYnpdJicxMLIrtzbSbNaHhjZ7hjoGy9G8z9Lq0AuxtKJunCaXdcxF5AIQGqzSPfAZZiaopamULDq6rFGPXw71sVlUiaOQyc/0?wx_fmt=jpeg,50岁以后,健康饮食与运动,50岁后的健康管理,85,50岁以上,通用,好奇/实用,改善身体,问题型,921432_微信24h热文榜_20260912.csv,唯一,引用历史老年主题分类或规则映射
T0321,2026-09-12,2026-09-12,1,72000,72000,9月11日，八月初一，早安！,,2026-09-12 14:00:08,https://mp.weixin.qq.com/s?__biz=MzcwNTAxMjYxOA==&mid=2247487263&idx=1&sn=1423fb3cf1f097d095a7ae6770b52ab2,http://mmbiz.qpic.cn/mmbiz_jpg/tolX9TNpO64ZCv2ib3bTwJAKMGF4trgg1iaibeeu3ic1dxk4rdrtd8aKNcvWkqJBwGRwscKgyiaWfQFRDrYGMLRUic3o9lPM1YTL6Tb8EicicoEZriaI/0?wx_fmt=jpeg,50岁以后,其他,熟龄人群的日常见闻,20,泛人群,通用,好奇/实用,获得信息,事件切入型,921432_微信24h热文榜_20260912.csv,唯一,未命中历史老年主题分类，保留待人工判断
T0024,2026-09-01,2026-09-01,1,72000,72000,坚守13年西藏吉隆口岸女警失联，期待平安！,,2026-09-01 14:00:07,https://mp.weixin.qq.com/s?__biz=MzYyMjA0MTIxNQ==&mid=2247486682&idx=1&sn=162ddae17a416eb364b1cea629982447,http://mmbiz.qpic.cn/sz_mmbiz_jpg/HL9htOd3icB2hkgJV2GG60bv6icSzgzFG2nv0CJMkibfOPVRqtXjtibUw0icbEcWWbiaEX2nzaZibXRZOXRRqqRzLX9uQbPYLmST1ibAOYgziaiagibJEc/0?wx_fmt=jpeg,50岁以后,其他,熟龄人群的日常见闻,20,泛人群,通用,好奇/实用,获得信息,事件切入型,921432_微信24h热文榜_20260901.csv,唯一,未命中历史老年主题分类，保留待人工判断
T0378,2026-09-14,2026-09-14,1,71000,71000,很多人问我你总穿高跟鞋不累吗？,,2026-09-14 14:00:08,https://mp.weixin.qq.com/s?__biz=Mzk0NDY1MjYzMw==&mid=2247486539&idx=1&sn=c36710d566d7fe61a38d9b612119e114,https://mmbiz.qpic.cn/sz_mmbiz_jpg/C4U7nJPpnGA0jWecl3ZM7sRP9uGB5pEaYOicOF6OWUWBgHDUVLpM4NYEoFVFE782rZdQXRyF0OjMTIqe99LPaoXCEJdWwIeSPa1dPicsn3BKI/0?wx_fmt=jpeg,50岁以后,其他,熟龄人群的日常见闻,20,泛人群,通用,好奇/实用,获得信息,问题型,921432_微信24h热文榜_20260914.csv,唯一,未命中历史老年主题分类，保留待人工判断
T0193,2026-09-07,2026-09-07,1,71000,71000,葫芦爷爷割掉了七个葫芦,,2026-09-07 14:00:14,https://mp.weixin.qq.com/s?__biz=MzY5NjE3NzMxMQ==&mid=2247484923&idx=1&sn=51542e705ce8a9247487fd8ee72df7eb,http://mmbiz.qpic.cn/sz_mmbiz_jpg/ne7st7osWQuaI8cfs6WzokfLUqLywJ3et1e23O2RAwgia8gia2ERjpPPt63ibXSJlA5Id4kbQ3tN6EzBHRuQ4ZyA8uX3ojT8UsNyemN3nWkFU8/0?wx_fmt=jpeg,50岁以后,其他,熟龄人群的日常见闻,20,泛人群,通用,好奇/实用,获得信息,事件切入型,921432_微信24h热文榜_20260907.csv,唯一,未命中历史老年主题分类，保留待人工判断
T0194,2026-09-07,2026-09-07,1,71000,71000,😂坐小武僧身旁被海盗船晃得靠拢该如何刹车,,2026-09-07 14:00:14,https://mp.weixin.qq.com/s?__biz=Mzk4ODA5MDY2MQ==&mid=2247486184&idx=1&sn=1bb29b9d6664f2d21fc2d2fcc6044a72,http://mmbiz.qpic.cn/mmbiz_jpg/gZxLBAVSf8xffNFTh01mHMvCJZYrfE8CCauXYD12XCj2iciarqM3ejtpQ3m61ePyhxyib8V8ibib5PZZv2hOHnUclUPpY5OmEvMzmz8bzOa9SsBA/0?wx_fmt=jpeg,50岁以后,其他,熟龄人群的日常见闻,20,泛人群,通用,好奇/实用,获得信息,事件切入型,921432_微信24h热文榜_20260907.csv,唯一,未命中历史老年主题分类，保留待人工判断
T0164,2026-09-06,2026-09-06,1,71000,71000,你很好，一直都很好,,2026-09-06 14:00:09,https://mp.weixin.qq.com/s?__biz=MzY5MTA1OTQxMg==&mid=2247484091&idx=1&sn=5367e99d5281e7c10cdc7c0eaa7de77f,http://mmbiz.qpic.cn/sz_mmbiz_jpg/0EAxzqWSDXrBGu2d326pynBvYKase1htA8kFtgd1usSytqHVbgP3QGratD5qapyRiaHpvWQbrfcRAHdqPsGCfB0QCtiaaaKIUskk6KR8MnvBQ/0?wx_fmt=jpeg,50岁以后,其他,熟龄人群的日常见闻,20,泛人群,通用,好奇/实用,获得信息,事件切入型,921432_微信24h热文榜_20260906.csv,唯一,未命中历史老年主题分类，保留待人工判断
T0165,2026-09-06,2026-09-06,1,71000,71000,2016年，印度女孩在车祸中丧失双臂，在移植了黑人男子捐献的手臂后，女孩的身体出现了连资深外科医生都觉得罕见的身体变化！,,2026-09-06 14:00:09,https://mp.weixin.qq.com/s?__biz=MzkzMDUyODEwMw==&mid=2247485039&idx=1&sn=ddac42122ffd77eb88fdcb497c2a2fa6,https://mmbiz.qpic.cn/sz_mmbiz_jpg/kQKMibabG5C8libGcuRicO41piaP0zo1xdibE8CpYZyibywUFLHuHaw4Oc8qUsjZhCGuREibUibqBLl9eUIMdsSPKSFsgd2IDqp6Kn70105skY5fs6c/0?wx_fmt=jpeg,50岁以后,健康饮食与运动,50岁后的健康管理,85,50岁以上,通用,好奇/实用,改善身体,事件切入型,921432_微信24h热文榜_20260906.csv,唯一,引用历史老年主题分类或规则映射
T0140,2026-09-05,2026-09-05,1,71000,71000,以前芯片叫芯片，内存叫内存，存储叫存储。最近为了给华为扣帽子，内存也叫芯片，存储也叫芯片？,,2026-09-05 14:00:09,https://mp.weixin.qq.com/s?__biz=MzUyMTkzMDc1OQ==&mid=2247484495&idx=1&sn=760ab747516470e4722032497ba9bcac,https://mmbiz.qpic.cn/mmbiz_jpg/qWsViblibflK1yxRibicpVmhDffbwwhzvEcQLfKhsXUsLiaO5IwRcArAriaj4NlYztQrTO71TMdpMww7jzX9jNLLzBeQ2fNHbAE384WFtc6r3pL4E/0?wx_fmt=jpeg,50岁以后,其他,熟龄人群的日常见闻,20,泛人群,通用,好奇/实用,获得信息,问题型,921432_微信24h热文榜_20260905.csv,唯一,未命中历史老年主题分类，保留待人工判断
T0105,2026-09-04,2026-09-04,1,71000,71000,"74岁的朱琳老师, 美得依旧大方且优雅",,2026-09-04 14:00:08,https://mp.weixin.qq.com/s?__biz=Mzk1Nzg3ODY1OA==&mid=2247485464&idx=1&sn=af5c19fe20e9564b32187a5c1848163a,https://mmbiz.qpic.cn/sz_mmbiz_jpg/ZPASQjDibnzJKSRHBeyPQwM1ibkx44w2dxBgtDibCwHwdJsYkFibnpH2OpreXNjAJEpfTLw4mbV5vUmc3gRCOeEQtKd4obp5POBicCgNQzj3z7UM/0?wx_fmt=jpeg,女人的下半场,女性年龄与自我认同,女人年龄与自我价值,85,50岁以上,通用,好奇/实用,自我认同,数字切入型,921432_微信24h热文榜_20260904.csv,唯一,引用历史老年主题分类或规则映射
T0106,2026-09-04,2026-09-04,1,71000,71000,今日轻松看：乾隆问刘墉：“朕34岁属马，你也34岁，属什么？”刘墉答：“臣属驴。”乾隆皱眉：“同岁怎会不同属相？”刘墉跪下笑道：,,2026-09-04 14:00:08,https://mp.weixin.qq.com/s?__biz=MzcwMzM0MDYwNg==&mid=2247485191&idx=1&sn=3c747de92191d093b93d759949d00a49,https://mmbiz.qpic.cn/mmbiz_jpg/wiad5ZM7iayZpo9tw35WCoib0EK5Kia2vSR1vUU7biaWkcSsEB6jFf3fksxUAjcvEyUdGKYMXGVl2omPQTHL9Gc5RLicDxhpNSM5n05TSetjlnyBE/0?wx_fmt=jpeg,50岁以后,其他,熟龄人群的日常见闻,20,泛人群,通用,好奇/实用,获得信息,问题型,921432_微信24h热文榜_20260904.csv,唯一,未命中历史老年主题分类，保留待人工判断
T0086,2026-09-03,2026-09-03,1,71000,71000,在香港还能看到这个标语，真是太亲切了[破涕为笑],,2026-09-03 14:00:10,https://mp.weixin.qq.com/s?__biz=MzkwMzc1OTE5Nw==&mid=2247484516&idx=1&sn=a01d80e8126053f626b9907b48e9ceb0,http://mmbiz.qpic.cn/mmbiz_jpg/14mPDtaVdw6ZZibMdLEUJfgYEic90Ooz8CVlPlxHzwqnB84Bxawq4vfLACMb8rKdLgx4LqicYZnHY86HpDhyBTUU7kat7arMJ4TMwCqm6CQm34/0?wx_fmt=jpeg,50岁以后,其他,熟龄人群的日常见闻,20,泛人群,通用,好奇/实用,获得信息,事件切入型,921432_微信24h热文榜_20260903.csv,唯一,未命中历史老年主题分类，保留待人工判断
T0025,2026-09-01,2026-09-01,1,71000,71000,这一碗菜绝对能要了北方人的命，碗里啥都有,,2026-09-01 14:00:07,https://mp.weixin.qq.com/s?__biz=MzYzNDIxNDA5Ng==&mid=2247486981&idx=1&sn=342831e827cc599def0db796634a19e1,https://mmbiz.qpic.cn/sz_mmbiz_jpg/icykLCjXVUIoZprf2LhorVZgDwcKCicLoAmFwqys3icZAnL6IoAXbIRTEicMCd5Gn2oCQpDIPMr2B6WFP8I1OCmGlkBX1TVnY07Jt9HAwpqiboxU/0?wx_fmt=jpeg,50岁以后,其他,熟龄人群的日常见闻,20,泛人群,通用,好奇/实用,获得信息,事件切入型,921432_微信24h热文榜_20260901.csv,唯一,未命中历史老年主题分类，保留待人工判断
T0435,2026-09-20,2026-09-20,1,70000,70000,达到发达国家水平的31个城市，快看看有你的家乡吗？,,2026-09-20 14:00:07,https://mp.weixin.qq.com/s?__biz=MzY4MjE0ODY1OQ==&mid=2247485392&idx=1&sn=819c8b87d661ec5239a5fb2141720a50,https://mmbiz.qpic.cn/mmbiz_jpg/0SdWMw9p7NAhR2gUibHoxkEZ4PsUItXMwqxCBHgAq5lTu0WPGibNwredsr5Z7ugIH8wS02ic3S0POCtFFdJUfAdY0hIJ4K3feK52Lg9plwsmHY/0?wx_fmt=jpeg,50岁以后,其他,熟龄人群的日常见闻,20,泛人群,通用,好奇/实用,获得信息,问题型,921432_微信24h热文榜_20260920.xlsx,唯一,未命中历史老年主题分类，保留待人工判断
T0379,2026-09-14,2026-09-14,1,70000,70000,岸 | 幸福家庭三件套：爱、欢笑和尊重,,2026-09-14 14:00:08,https://mp.weixin.qq.com/s?__biz=MzI3OTMyOTEwNw==&mid=2247487978&idx=1&sn=367dc533dd303b11becd0c3ee861479e,http://mmbiz.qpic.cn/sz_mmbiz_jpg/FcRgpBtNqlDTVwpicRibYb5YG8HgJxElqxp249G72cCE9LAP22YQEE2icPgM7J2VOINITklpxCDibTJR7f0WMVujI9I1ibzTMMiapFZxRyCJdVpwM/0?wx_fmt=jpeg,50岁以后,代际关系与家庭边界,子女关系与家庭边界,85,50岁以上,通用,好奇/实用,关系处理,事件切入型,921432_微信24h热文榜_20260914.csv,唯一,引用历史老年主题分类或规则映射
T0255,2026-09-09,2026-09-09,1,70000,70000,北美观众认定的烂片，中国观众当成宝,,2026-09-09 14:00:09,https://mp.weixin.qq.com/s?__biz=MzcwOTM0MzMwNw==&mid=2247485481&idx=1&sn=79612e884179f50a92956559168765d7,https://mmbiz.qpic.cn/mmbiz_jpg/7icMibmicfoDyMhDvxsyn5gPwNjSNmfNWcEPNFbZdOPQvhASrnaicue8iccKBhsUSshib2ficUgMJdT0O1qxu1KRvUA76JECgnP1ZlSP7NfibGCC2nc/0?wx_fmt=jpeg,50岁以后,其他,熟龄人群的日常见闻,20,泛人群,通用,好奇/实用,获得信息,事件切入型,921432_微信24h热文榜_20260909.csv,唯一,未命中历史老年主题分类，保留待人工判断
T0195,2026-09-07,2026-09-07,1,70000,70000,片方选择放弃，沈腾《欢迎来龙餐馆》输了,,2026-09-07 14:00:14,https://mp.weixin.qq.com/s?__biz=MzI5OTI2ODE5MA==&mid=2247512250&idx=1&sn=874497aa490414458a97928254d72b43,https://mmbiz.qpic.cn/sz_mmbiz_jpg/oOVRc15wXNgsgnYR4YcOzXFQlRNEjfArD88TzTPqicRTO2Dv7g1SftRmibogQUH2oKtyCmLkJTmPichuwJMoctxgIdp4bJRcmxoicvfmcUkWenM/0?wx_fmt=jpeg,50岁以后,其他,熟龄人群的日常见闻,20,泛人群,通用,好奇/实用,获得信息,事件切入型,921432_微信24h热文榜_20260907.csv,唯一,未命中历史老年主题分类，保留待人工判断
T0166,2026-09-06,2026-09-06,1,70000,70000,美国男篮界评张子宇：她连一张纸都跳不过,,2026-09-06 14:00:09,https://mp.weixin.qq.com/s?__biz=MzIyNzkzOTI5Mg==&mid=2247493316&idx=1&sn=62edf03bbe5f379d8db457bd4268ac3a,https://mmbiz.qpic.cn/sz_mmbiz_jpg/QKicAks0yiaVhKdosib3YaRtFicfv4nV1IDs8vh8XgcZwExBqQJ8pxYXwLodxHS5FjXE1WENyTVAqDbSibELMdRIpCCNed8HckbfDGVY0mmkt2aY/0?wx_fmt=jpeg,50岁以后,其他,熟龄人群的日常见闻,20,泛人群,通用,好奇/实用,获得信息,事件切入型,921432_微信24h热文榜_20260906.csv,唯一,未命中历史老年主题分类，保留待人工判断
T0380,2026-09-14,2026-09-14,1,69000,69000,北京无人机不能放家里了？11月15日新规实施，4种处置方式+回收点位请收好！,,2026-09-14 14:00:08,https://mp.weixin.qq.com/s?__biz=MzI4ODY1NzY3NA==&mid=2247492544&idx=1&sn=6f5a2caf5f00544d489d7947a47fd372,https://mmbiz.qpic.cn/mmbiz_jpg/IbeJ0BKUl14iaQQicmzatfvzqxrXJNfVx2pLDLfHIG8jC18AccFMxibUq0iaj6qzhnt2uBFV7GCJMAGqVthGRVYS8JOa1rAQf7HXjqnOSGwgoGM/0?wx_fmt=jpeg,50岁以后,其他,熟龄人群的日常见闻,20,泛人群,通用,焦虑提醒,获得信息,问题型,921432_微信24h热文榜_20260914.csv,唯一,未命中历史老年主题分类，保留待人工判断
T0289,2026-09-10,2026-09-10,1,69000,69000,这一盘的含金量,,2026-09-10 14:00:08,https://mp.weixin.qq.com/s?__biz=MzU1NTQ5NDg1MQ==&mid=2247486640&idx=1&sn=641654819148d0eef7f680b42beecbcf,http://mmbiz.qpic.cn/mmbiz_jpg/vpicUkQ8ZNovicqA9Z6ErnqKfS64HhLJThH4wOsA8zAQwODc4XZzcNARppyckwLgiae01GQ1dicGoqmvbv3IePCekj6GiapWSHk0Rd0n06e7dviag/0?wx_fmt=jpeg,50岁以后,其他,熟龄人群的日常见闻,20,泛人群,通用,好奇/实用,获得信息,事件切入型,921432_微信24h热文榜_20260910.csv,唯一,未命中历史老年主题分类，保留待人工判断
T0290,2026-09-10,2026-09-10,1,69000,69000,星宇这张罚单，和79张被撤销的3C证书,,2026-09-10 14:00:08,https://mp.weixin.qq.com/s?__biz=Mzk3NTA5OTM4Mg==&mid=2247485099&idx=1&sn=3fdbbe440714ad5e1e2e301291a381a8,https://mmbiz.qpic.cn/mmbiz_jpg/E0V2Dz1WDq6icYGSaXfPqOA205icjO4HON98Z1tDavV7tAq55rQ1YAcZMYarhPmYL7fP3Snl2aeu6jZibtC2IMO7YzlMHnqEGXhaWL2YKArtP8/0?wx_fmt=jpeg,50岁以后,其他,熟龄人群的日常见闻,20,泛人群,通用,好奇/实用,获得信息,事件切入型,921432_微信24h热文榜_20260910.csv,唯一,未命中历史老年主题分类，保留待人工判断
T0167,2026-09-06,2026-09-06,1,69000,69000,“仙王裹尸布”？新型厌女名词又多了一个？,,2026-09-06 14:00:09,https://mp.weixin.qq.com/s?__biz=MzA3MDA3OTk0NQ==&mid=2648604299&idx=1&sn=a640931c3981f0aa91a1b3c2a8b4f39e,https://mmbiz.qpic.cn/sz_mmbiz_jpg/SWvW6rcaTTuWZUhTiasvykQBWgqqFwoRSGibpz1RKOEia0aZCpxbFoXzgLiasx6GGzIIo4drufib5AGe2jeJQkiaia8rcfM6jicuLkuPhtxFK1gRnI0/0?wx_fmt=jpeg,50岁以后,其他,熟龄人群的日常见闻,20,泛人群,通用,好奇/实用,获得信息,问题型,921432_微信24h热文榜_20260906.csv,唯一,未命中历史老年主题分类，保留待人工判断
T0141,2026-09-05,2026-09-05,1,69000,69000,数一数，图里一共有多少个2？,,2026-09-05 14:00:09,https://mp.weixin.qq.com/s?__biz=MzcwMjIxMzY0Mg==&mid=2247490703&idx=1&sn=ec246b93a7a2bd80bc29b6c46761575d,http://mmbiz.qpic.cn/sz_mmbiz_jpg/1RV1ibzqaYGsN65ibNtfib7Qw9JAhW81UvNvcuEb2F6XcrricwZibD0EgoIrvzu3FzicVq4oQZQVSuWoZzfOo7AmicPWU7WpWAacichIcHKBlKGjvrY/0?wx_fmt=jpeg,50岁以后,其他,熟龄人群的日常见闻,20,泛人群,通用,好奇/实用,获得信息,问题型,921432_微信24h热文榜_20260905.csv,唯一,未命中历史老年主题分类，保留待人工判断
T0054,2026-09-02,2026-09-02,1,69000,69000,内心不够强大的人都不敢看,,2026-09-02 14:00:10,https://mp.weixin.qq.com/s?__biz=MzYzMzI4NjE5Nw==&mid=2247484549&idx=1&sn=f97561f03ee7e8604ab62fc5403b1c77,http://mmbiz.qpic.cn/mmbiz_jpg/sjvsmCRMh7TTZtTp75VUHHzh5mpjTHQ7CMrMaDFYc3mIMFTqsIKT2iazoS4xkzd2jKicbz8V7uBJYQvGsQ2MOZroCiaM0Nds7czkvvhI0PgnOk/0?wx_fmt=jpeg,50岁以后,其他,熟龄人群的日常见闻,20,泛人群,通用,好奇/实用,获得信息,事件切入型,921432_微信24h热文榜_20260902.csv,唯一,未命中历史老年主题分类，保留待人工判断
T0466,2026-09-21,2026-09-21,2,68000,68000,“TES世界赛签证被拒，曝郭皓不会投诉DYS”，白本太严格，赛制七人组,,2026-09-21 14:00:09,https://mp.weixin.qq.com/s?__biz=Mzg4ODkzMjg4MQ==&mid=2247501857&idx=1&sn=acf75becbbf3c4416dbf4ed58f9e50ff,https://mmbiz.qpic.cn/mmbiz_jpg/Kg8t9l66baP2DgCyQm4G6XtBSLJm4UEAtKmTHRjCPvq7hDCjuQLzI5V2rkcXibym2rTtzOt0iaVxpIFMHHhowPwqzKcmNDULdEj5cW3BK83k0/0?wx_fmt=jpeg,50岁以后,其他,熟龄人群的日常见闻,20,泛人群,通用,好奇/实用,获得信息,事件切入型,921432_微信24h热文榜_20260921.csv;921432_微信24h热文榜_20260921.xlsx,重复上榜：保留最高热度,未命中历史老年主题分类，保留待人工判断
T0381,2026-09-14,2026-09-14,1,68000,68000,一大早收到这张图后，心情有点激动,,2026-09-14 14:00:08,https://mp.weixin.qq.com/s?__biz=MzIwNDEyNzAyMA==&mid=2247486471&idx=1&sn=a2badf177b5f447b4c0f4dd4f9f8caa1,http://mmbiz.qpic.cn/mmbiz_jpg/6mAKRHsymlc7OL1QFSy8icdQdyI1iampJ0tdpFFFybsKfx9zt4vC6iaur5FqEIB1TQMavsT22M8IlkicmEBicz6o34XObSJiagoYzEfNDB776xQpw/0?wx_fmt=jpeg,50岁以后,其他,熟龄人群的日常见闻,20,泛人群,通用,好奇/实用,获得信息,事件切入型,921432_微信24h热文榜_20260914.csv,唯一,未命中历史老年主题分类，保留待人工判断
T0322,2026-09-12,2026-09-12,1,68000,68000,19 岁武警战士张豪：抓捕歹徒身中 13 弹 18 处枪伤！如今已是一名民警,,2026-09-12 14:00:08,https://mp.weixin.qq.com/s?__biz=MzkzOTUwODc3Mg==&mid=2247485604&idx=1&sn=e012ecf9ee53fe831c02735f8e5b6cee,http://mmbiz.qpic.cn/mmbiz_jpg/4vJq7gSyjeia0Svia8rgj3RlemuVY1DxVkNCXghypK65NDI6rfGFXGWPZNY82s5QsCypcQiar2bM2xwXofxYiaYbyJiaRVGBQy56C71hiaauP0tFQ/0?wx_fmt=jpeg,50岁以后,其他,熟龄人群的日常见闻,20,泛人群,通用,好奇/实用,获得信息,数字切入型,921432_微信24h热文榜_20260912.csv,唯一,未命中历史老年主题分类，保留待人工判断
T0087,2026-09-03,2026-09-03,1,68000,68000,选择亲家，这三种家庭千万不要考虑,,2026-09-03 14:00:10,https://mp.weixin.qq.com/s?__biz=MzYzMTM4NDE5NA==&mid=2247486617&idx=1&sn=e9a6a7a9df03f4b661ade115a180ec4f,https://mmbiz.qpic.cn/sz_mmbiz_jpg/ry30dqlHewUEor1DibuTAo7F1w1layT6O3ZGeBV4bdLcdxkY2OvCPwyvJ3ja4YNKbqBwibic257B9HsWJZXwGKP2k5jpq6rUM83f4ZPGiaiaSL9E/0?wx_fmt=jpeg,50岁以后,代际关系与家庭边界,子女关系与家庭边界,85,50岁以上,通用,焦虑提醒,关系处理,提醒警示型,921432_微信24h热文榜_20260903.csv,唯一,引用历史老年主题分类或规则映射
T0382,2026-09-14,2026-09-14,1,67000,67000,女性为什么不能分开腿坐？,,2026-09-14 14:00:08,https://mp.weixin.qq.com/s?__biz=MzkyOTE3Njk3Mg==&mid=2247484811&idx=1&sn=daac0b8752cd5bacfd434abc77483024,https://mmbiz.qpic.cn/sz_mmbiz_jpg/xIezULmjhOVfwlJGzjMQ551KB949CMZwLqvR1nqSlcaaWCAgTThmcDo4fthUw9Z2WTArg3QG0BCXF15oyo5kD5hOqIQib84ibf2iaia2uLKIQD0/0?wx_fmt=jpeg,女人的下半场,女性年龄与自我认同,女人年龄与自我价值,85,50岁以上,女性偏强,焦虑提醒,自我认同,问题型,921432_微信24h热文榜_20260914.csv,唯一,引用历史老年主题分类或规则映射
T0383,2026-09-14,2026-09-14,1,67000,67000,共享电车：我承受了这个年纪不该承受的重量,,2026-09-14 14:00:08,https://mp.weixin.qq.com/s?__biz=MzA4Mzk3NzA2NQ==&mid=2649626401&idx=1&sn=f5ac44b6e38d57ed59245cba3c7d7f6c,http://mmbiz.qpic.cn/sz_mmbiz_jpg/H4BaxVdmTK03j8xEZ2zXR8u5aMJaUWTdhIXpwXPUmZUYIct2oALxPU4MCEYoUJskq0NCZrn5q4ls4JVxWU69euHetR5J2PRt6eEOQySOpNI/0?wx_fmt=jpeg,50岁以后,其他,熟龄人群的日常见闻,20,泛人群,通用,好奇/实用,获得信息,故事型,921432_微信24h热文榜_20260914.csv,唯一,未命中历史老年主题分类，保留待人工判断
T0323,2026-09-12,2026-09-12,1,67000,67000,葫芦爷爷的两难：摘是善意，挂回也是善意,,2026-09-12 14:00:08,https://mp.weixin.qq.com/s?__biz=MzkxNzY1MDI0NQ==&mid=2247488462&idx=1&sn=abfd9d94fd2237976aff6a35a1a2cba7,http://mmbiz.qpic.cn/mmbiz_jpg/eFx3g4ySAmaqDsHcPY8DEQ00d37KicOqyU91KupZqeKktIOeGibzyPTqW2C2zLl0GKfMmxyOiagdypjuNI65GLRekwXOH6GdhfDEGlGg3tlYPk/0?wx_fmt=jpeg,50岁以后,其他,熟龄人群的日常见闻,20,泛人群,通用,好奇/实用,获得信息,事件切入型,921432_微信24h热文榜_20260912.csv,唯一,未命中历史老年主题分类，保留待人工判断
T0291,2026-09-10,2026-09-10,1,67000,67000,终于知道短剧为什么只拍上半身！沉思被叫撅腚哥，理由笑哭我,,2026-09-10 14:00:08,https://mp.weixin.qq.com/s?__biz=Mzk2ODAzMzQ3Nw==&mid=2247487280&idx=1&sn=fd0ed41312af38e22bcd8295a81b235b,https://mmbiz.qpic.cn/mmbiz_jpg/6OUCJKYMHDLSnIo06DqjJzTIAZ23NqggcVBVrcibHvEOhyWzDh1f6UrEHRLp5cp5yicVgsOQctzqQMia8RESrkELJCTVrLpSCchQtyAwTvXNAU/0?wx_fmt=jpeg,50岁以后,其他,熟龄人群的日常见闻,20,泛人群,通用,好奇/实用,获得信息,故事型,921432_微信24h热文榜_20260910.csv,唯一,未命中历史老年主题分类，保留待人工判断
T0228,2026-09-08,2026-09-08,1,67000,67000,学校里有2个奇怪的岗位，不是代课老师，不是校工，却每月都能在镇上领到工资,,2026-09-08 14:00:10,https://mp.weixin.qq.com/s?__biz=MzkzNzY2NjU3Nw==&mid=2247486908&idx=1&sn=031c63bf940068b563f8f101ba09996e,https://mmbiz.qpic.cn/sz_mmbiz_jpg/kB4Ha2IrvzUeuPhwWDJedqPibTCPnfsPyT0wXCMaLjVPVuTOV4qFV5ACAV1LjUdRFX0YzslayXuE2USAuDqOyY87apibpgjPEyfkHYhAAqKuI/0?wx_fmt=jpeg,50岁以后,其他,熟龄人群的日常见闻,20,泛人群,通用,好奇/实用,获得信息,事件切入型,921432_微信24h热文榜_20260908.csv,唯一,未命中历史老年主题分类，保留待人工判断
T0229,2026-09-08,2026-09-08,1,67000,67000,他是于东来的独子，却不是胖东来的少东家！,,2026-09-08 14:00:10,https://mp.weixin.qq.com/s?__biz=Mzk0MDYxMDk5Mg==&mid=2247496164&idx=1&sn=d084f51fd1fd1839d5d8d2df7910a3c6,http://mmbiz.qpic.cn/mmbiz_jpg/Z42AqQ1eBY0Q26VNALPAC1OicN3b9fqCcpicia2gSkdcz047HhTMp41bQKF31KiaKia06EReqxzjFdb7ZA63QWyZrSHX7MO8GuQpTCKdJqv57bia0/0?wx_fmt=jpeg,50岁以后,其他,熟龄人群的日常见闻,20,泛人群,通用,好奇/实用,获得信息,事件切入型,921432_微信24h热文榜_20260908.csv,唯一,未命中历史老年主题分类，保留待人工判断
T0107,2026-09-04,2026-09-04,1,67000,67000,我和市长合个影,,2026-09-04 14:00:08,https://mp.weixin.qq.com/s?__biz=MzYzMzQ2NzcyMg==&mid=2247489997&idx=1&sn=7927b8963f39b72c9239073843a3c032,http://mmbiz.qpic.cn/mmbiz_jpg/Nv5E9KVL3rfMeWQhEKUU6SIEf1td7m0SL0chDgcKfQYHad8S4ITn06l0yQHSgFsM2kJ6rVZOUxHkpTvia6xMdTNG1EcjIsQ5K5YQib5PUr8LE/0?wx_fmt=jpeg,50岁以后,其他,熟龄人群的日常见闻,20,泛人群,通用,好奇/实用,获得信息,故事型,921432_微信24h热文榜_20260904.csv,唯一,未命中历史老年主题分类，保留待人工判断
T0108,2026-09-04,2026-09-04,1,67000,67000,随手一拍，就是大片,,2026-09-04 14:00:08,https://mp.weixin.qq.com/s?__biz=MzcwNjI3NDI4Mw==&mid=2247484239&idx=1&sn=5adc2738bf1e19c9d2cb34c3325bf40f,http://mmbiz.qpic.cn/mmbiz_jpg/rX2cA51fDp7lnCBRxbMibUfI0gQr7SRFBozGuC5XnEguic2wSYx7of8CibxpfFgG32qHSyMIfbScaRVEnCfbLlqPAOajL7nQzVSjYT5nZibs86Q/0?wx_fmt=jpeg,50岁以后,其他,熟龄人群的日常见闻,20,泛人群,通用,好奇/实用,获得信息,事件切入型,921432_微信24h热文榜_20260904.csv,唯一,未命中历史老年主题分类，保留待人工判断
T0055,2026-09-02,2026-09-02,1,67000,67000,警花与孩童,,2026-09-02 14:00:10,https://mp.weixin.qq.com/s?__biz=MzcwODA2OTUzOA==&mid=2247484843&idx=1&sn=a7e2d1bb1438a139864f1f783a720989,http://mmbiz.qpic.cn/sz_mmbiz_jpg/60Iian1EayG1vrIkPuuzH8PgNDrsgdkzgI85HAqbBxgIGGPkXfYKKqp2EJPJE08gAmbHuYtWtK37VP3Qr2XRfKJ3zibZBgd8F5xMF317VVbWg/0?wx_fmt=jpeg,50岁以后,其他,熟龄人群的日常见闻,20,泛人群,通用,好奇/实用,获得信息,事件切入型,921432_微信24h热文榜_20260902.csv,唯一,未命中历史老年主题分类，保留待人工判断
T0026,2026-09-01,2026-09-01,1,67000,67000,南大教授开学第一课：没有token的CS学生应该立即退学,,2026-09-01 14:00:07,https://mp.weixin.qq.com/s?__biz=MzUxNzk2MTMwNw==&mid=2247542322&idx=1&sn=c7efbb548e0e16f73a9315dd61bc26a9,https://mmbiz.qpic.cn/sz_mmbiz_jpg/j4BbDyAdUfOES9N6cOceIr96aKErprsHHAmDicEruibicib0cnG440BTqNgv8pDqUe098UhegicbwCE8ThtwsaxYUWmBlx0La1K8jYU5ib57LQuOQ/0?wx_fmt=jpeg,50岁以后,其他,熟龄人群的日常见闻,20,泛人群,通用,好奇/实用,获得信息,事件切入型,921432_微信24h热文榜_20260901.csv,唯一,未命中历史老年主题分类，保留待人工判断
T0339,2026-09-13,2026-09-13,1,66000,66000,假性亲密关系是指，在两个人相处时,,2026-09-13 14:00:07,https://mp.weixin.qq.com/s?__biz=MzY4ODM4ODU5NQ==&mid=2247484339&idx=1&sn=591aff8590bee1ef45f4080dd0356c1b,http://mmbiz.qpic.cn/sz_mmbiz_jpg/5DxBFXLnd2rS94ZAe2qMH6IqYBzxbRCkDSgXRbibEjEGju6oaIr7gNHLzObaC5iaKFKdqiamd9ajgLibPzuia16gI9Nv6fDXJkaPmZrH6RTokF2U/0?wx_fmt=jpeg,50岁以后,晚年婚姻与亲密关系,晚年伴侣与亲密边界,85,50岁以上,通用,好奇/实用,关系处理,事件切入型,921432_微信24h热文榜_20260913.csv,唯一,引用历史老年主题分类或规则映射
T0324,2026-09-12,2026-09-12,1,66000,66000,一个开了21年的古董车,,2026-09-12 14:00:08,https://mp.weixin.qq.com/s?__biz=Mzg3NDU2NTI5OQ==&mid=2247487175&idx=1&sn=7f3716b3967e6910c62576566e589961,http://mmbiz.qpic.cn/sz_mmbiz_jpg/VtU3yJBccl7NSBdufNfrTsPbV4HJFAMzNANL9GulNqPuiaYlYEnSuldEjV8QRXOV5Dz3hicGEU8D40EKyPoXOp0pbY7icaziaLVGRHsqQMG8RaE/0?wx_fmt=jpeg,50岁以后,其他,熟龄人群的日常见闻,20,泛人群,通用,好奇/实用,获得信息,事件切入型,921432_微信24h热文榜_20260912.csv,唯一,未命中历史老年主题分类，保留待人工判断
T0230,2026-09-08,2026-09-08,1,66000,66000,逛一次胖东来，堪比洗脑一次,,2026-09-08 14:00:10,https://mp.weixin.qq.com/s?__biz=MzYyNDQwNzExMQ==&mid=2247485912&idx=1&sn=0b38140e7948541ea5567a3de3416c8c,https://mmbiz.qpic.cn/sz_mmbiz_jpg/fsMlgPI9WpoBuww1CicSVhciavzAhsVx269P919DYdr2BnhtamHyptnlGywDv7eogarLcLxkwnCtzZ26iaEhic8I5xGgYibJ25FL5IE66HBeeGRM/0?wx_fmt=jpeg,50岁以后,其他,熟龄人群的日常见闻,20,泛人群,通用,好奇/实用,获得信息,事件切入型,921432_微信24h热文榜_20260908.csv,唯一,未命中历史老年主题分类，保留待人工判断
T0088,2026-09-03,2026-09-03,1,66000,66000,小狗被送人，狗妈妈依依不舍抱住孩子,,2026-09-03 14:00:10,https://mp.weixin.qq.com/s?__biz=MzY4NTM2MTM4Ng==&mid=2247486178&idx=1&sn=4d466eb64cc6173ff6965518a0afea09,http://mmbiz.qpic.cn/sz_mmbiz_jpg/wpQbPx0pKP6eh0qAJclCjcxKrp0TovXT4xzYB14GDMpLb0O9PFv7k9Rhaoruug6icx5oDIybfq8g2rKwQ1p6oFJ97KItyGZAezdsroicy6oBM/0?wx_fmt=jpeg,50岁以后,代际关系与家庭边界,子女关系与家庭边界,85,50岁以上,通用,情感共鸣,关系处理,事件切入型,921432_微信24h热文榜_20260903.csv,唯一,引用历史老年主题分类或规则映射
T0056,2026-09-02,2026-09-02,1,66000,66000,今晚20：00央视《开学第一课》！（附观看地址）,,2026-09-02 14:00:10,https://mp.weixin.qq.com/s?__biz=Mzg3MDUyMDI4Nw==&mid=2247552157&idx=1&sn=ad412bc7d24c6f05485398a966de006c,https://mmbiz.qpic.cn/mmbiz_jpg/n4iaQjlOL7qSomJUB1SUgrWBOWAUdS9AwXbpQiccPibtM4wXYPshCWMqmMgrQAKhhVnoZnsz49n9JQPk4HoZMDzX0HQwkmmjvWESasicoF3ic12E/0?wx_fmt=jpeg,50岁以后,其他,熟龄人群的日常见闻,20,泛人群,通用,好奇/实用,获得信息,事件切入型,921432_微信24h热文榜_20260902.csv,唯一,未命中历史老年主题分类，保留待人工判断
T0325,2026-09-12,2026-09-12,1,65000,65000,赵晗心梗去世，仅40岁！凡事强求，万事皆休,,2026-09-12 14:00:08,https://mp.weixin.qq.com/s?__biz=MzIyMzIyMTkyNw==&mid=2651722608&idx=3&sn=d33b3597ea15b7c269a3daefcaed9cc7,https://mmbiz.qpic.cn/sz_mmbiz_jpg/IUtuzmaIOc8QiaLiaKBUsc9DotrBFeogrZZPNhDaVanO4Z2Ap1XyWpial7bBOHERtEhDgqWcazlKtg8ksKiaGic86IQ/0?wx_fmt=jpeg,50岁以后,身后安排与告别,晚年告别与身后安排,85,50岁以上,通用,情感共鸣,获得信息,数字切入型,921432_微信24h热文榜_20260912.csv,唯一,引用历史老年主题分类或规则映射
T0326,2026-09-12,2026-09-12,1,65000,65000,大厂凌晨又发工资了,,2026-09-12 14:00:08,https://mp.weixin.qq.com/s?__biz=MzU2MzY0MDMwNA==&mid=2247486625&idx=1&sn=998abbe2f28ff31d14eb00a40e0a82a3,https://mmbiz.qpic.cn/sz_mmbiz_jpg/WMQOFl469lsKADWEAdkkHNYDAxJtPuXZPc16ajFlycuVPu6jibHdFa9lK9HETjOicVE1MoeEUF4SGicyk9AKrUO80qWbAa359QZS5NQxU81eY4/0?wx_fmt=jpeg,50岁以后,其他,熟龄人群的日常见闻,20,泛人群,通用,好奇/实用,获得信息,事件切入型,921432_微信24h热文榜_20260912.csv,唯一,未命中历史老年主题分类，保留待人工判断
T0292,2026-09-10,2026-09-10,1,65000,65000,出生越来越少，很多人还没意识到这事的影响,,2026-09-10 14:00:08,https://mp.weixin.qq.com/s?__biz=MzY4NjI1OTQ2OA==&mid=2247485993&idx=1&sn=a149f8c94f7ec4795d604dab205c2fcf,http://mmbiz.qpic.cn/mmbiz_jpg/0uzic3Ux9NHdGdXicoTOURVy9QhgqncsCAmVlibXEM4iab4o167zsx0lYLJn9hkougmA27ankLibgt15Zm8ID7aUgHeF5pyys7hOp4Y178N5FBcc/0?wx_fmt=jpeg,50岁以后,其他,熟龄人群的日常见闻,20,泛人群,通用,好奇/实用,获得信息,事件切入型,921432_微信24h热文榜_20260910.csv,唯一,未命中历史老年主题分类，保留待人工判断
T0196,2026-09-07,2026-09-07,1,65000,65000,电压相同电池容量相同的两辆电动车，金箭卖2600元，九号卖5000多差距在哪里,,2026-09-07 14:00:14,https://mp.weixin.qq.com/s?__biz=MzI2Mjc0OTQ0Nw==&mid=2247499703&idx=1&sn=9eadc086486acf0ea6bd46de2a084bdb,https://mmbiz.qpic.cn/mmbiz_jpg/kiawnlaSTBcFtZiaTUjJJgXDSP2y1VaTVVW825zIZZR9ZNNPzicdicrE4XkKUFaBHqWkgmnlDa1cIUicfkyDrhNDosWxZIAGneo1iaMibfkhMgWcck/0?wx_fmt=jpeg,50岁以后,其他,熟龄人群的日常见闻,20,泛人群,通用,好奇/实用,获得信息,事件切入型,921432_微信24h热文榜_20260907.csv,唯一,未命中历史老年主题分类，保留待人工判断
T0168,2026-09-06,2026-09-06,1,65000,65000,幸福范儿 | 2026员工中秋礼开始兑换啦！,,2026-09-06 14:00:09,https://mp.weixin.qq.com/s?__biz=MzUzNTA0NTg2OQ==&mid=2247512676&idx=1&sn=1cfdb889a75496159435098c45b77e29,https://mmbiz.qpic.cn/sz_mmbiz_jpg/BooI9tYibAlAKCnTGkicEZgoYH8GWU25YTLguLxbQvUH6bCFdo6SgFcgAGsnHeTOEia1oJBpqcUtrQl0WTpy7b8jCLhc5ocpJ1bb1LXpAFvRbg/0?wx_fmt=jpeg,50岁以后,其他,熟龄人群的日常见闻,20,泛人群,通用,好奇/实用,获得信息,事件切入型,921432_微信24h热文榜_20260906.csv,唯一,未命中历史老年主题分类，保留待人工判断
T0089,2026-09-03,2026-09-03,1,65000,65000,出大事了！中方2大邻国突然交火，51人当场死亡？局势严峻！,,2026-09-03 14:00:10,https://mp.weixin.qq.com/s?__biz=MzY5MjM4MzYyOA==&mid=2247484867&idx=1&sn=81f64a3b47010953a7d33cd369356e65,https://mmbiz.qpic.cn/mmbiz_jpg/1B9afV9Zymayic847Qq1NuGMnIeHCFtFXqv0ib8GI9oP4LTQAYrt29ae6UJCK7uxibOJF4Oh0EBUZdDZrvG2zDFgDW7GW2bldO6JsCj6pEbbIA/0?wx_fmt=jpeg,50岁以后,其他,熟龄人群的日常见闻,20,泛人群,通用,好奇/实用,获得信息,问题型,921432_微信24h热文榜_20260903.csv,唯一,未命中历史老年主题分类，保留待人工判断
T0327,2026-09-12,2026-09-12,1,64000,64000,上海某事业单位编外人员工资待遇,,2026-09-12 14:00:08,https://mp.weixin.qq.com/s?__biz=MzkxODYzNDg1OQ==&mid=2247485921&idx=1&sn=a86c7549f5b64c60630190c249d96248,https://mmbiz.qpic.cn/mmbiz_jpg/IOCke3X52Q3TiaCo3HTYP6Ziaic9m45cxP6UTXMfh09fxuPyh7piaQ2hicicnxcPBJv8nw1H8xTwgDVXVoROXyyop11DuC20RibNicLsTfGFozibP5jo/0?wx_fmt=jpeg,50岁以后,其他,熟龄人群的日常见闻,20,泛人群,通用,好奇/实用,获得信息,事件切入型,921432_微信24h热文榜_20260912.csv,唯一,未命中历史老年主题分类，保留待人工判断
T0328,2026-09-12,2026-09-12,1,64000,64000,宇树科技大跌，高位套牢股民开骂,,2026-09-12 14:00:08,https://mp.weixin.qq.com/s?__biz=MzkyNTExMzcwNQ==&mid=2247487710&idx=1&sn=0bffd0e81739248820f9edeb2a555258,https://mmbiz.qpic.cn/mmbiz_jpg/gBd1wGVMF6niaEhSmSOGg5Kt5uL3GBX1bvXgyg7qmJFkf7icnOMQn4SmZYUFlvMN8nDDfhXgDDGwjApQDSpCXFwT0MwIRbib5DxVJZibMicTI4ibs/0?wx_fmt=jpeg,50岁以后,其他,熟龄人群的日常见闻,20,泛人群,通用,好奇/实用,获得信息,事件切入型,921432_微信24h热文榜_20260912.csv,唯一,未命中历史老年主题分类，保留待人工判断
T0256,2026-09-09,2026-09-09,1,64000,64000,茅台自营店7款产品零售价调整，有升有降,,2026-09-09 14:00:09,https://mp.weixin.qq.com/s?__biz=MzA3MzQxOTQwMg==&mid=2683718049&idx=1&sn=4301f2218be8e168ba7915564618cc03,https://mmbiz.qpic.cn/mmbiz_jpg/E2b2CUGQk6WVLcLak364lmDUnFZtPD43KS6q5avXc7cJDw1KXX0Te9b4yfGHTgRwDqicibbDlh3aNvO9pDPwe4yjmw18JhgLRVRLcECWbQS3M/0?wx_fmt=jpeg,50岁以后,其他,熟龄人群的日常见闻,20,泛人群,通用,好奇/实用,获得信息,事件切入型,921432_微信24h热文榜_20260909.csv,唯一,未命中历史老年主题分类，保留待人工判断
T0257,2026-09-09,2026-09-09,1,64000,64000,两口子谁先离世，结婚就有征兆，别不信，这六个细节早就给出暗示,,2026-09-09 14:00:09,https://mp.weixin.qq.com/s?__biz=Mzk0ODg2NjM2OA==&mid=2247484190&idx=1&sn=10ff7a465d20ff6b6c1c512ea169506b,https://mmbiz.qpic.cn/mmbiz_jpg/5PLIiamheiaQWqXT1U4gjteBn5sHkYNWeDkibGQOg43EGC7XjRmYpEQWL7U5N8RunLIQGBACB2ouCLnIc8pic7rjEmINswSicQJq0IfTsIJyk3OA/0?wx_fmt=jpeg,50岁以后,晚年婚姻与亲密关系,晚年伴侣与亲密边界,85,50岁以上,通用,情感共鸣,关系处理,提醒警示型,921432_微信24h热文榜_20260909.csv,唯一,引用历史老年主题分类或规则映射
T0169,2026-09-06,2026-09-06,1,64000,64000,就让西方文明去非洲认祖归宗吧，中国的考古学家已经找到了中国人自己的祖先，就在我们华夏自己的土地上,,2026-09-06 14:00:09,https://mp.weixin.qq.com/s?__biz=MzkzMDY3NTc0Mg==&mid=2247485857&idx=1&sn=e4db3fbec3f2dad149dd318f2d41d304,https://mmbiz.qpic.cn/mmbiz_jpg/DfwicyibR5icjVV0XAX2ooj9aBZOIA237zrYDIico5WyzB6ib4tuMVEAicOBvxALmz2KVqBWx6PprRJER7hguz28OLwbjTnTCNRafgAgeEGtxQWys/0?wx_fmt=jpeg,50岁以后,其他,熟龄人群的日常见闻,20,泛人群,通用,好奇/实用,获得信息,故事型,921432_微信24h热文榜_20260906.csv,唯一,未命中历史老年主题分类，保留待人工判断
T0142,2026-09-05,2026-09-05,1,64000,64000,女排亚运名单出炉，三大国手开启海外征程,,2026-09-05 14:00:09,https://mp.weixin.qq.com/s?__biz=MzYzOTUzNjg1MQ==&mid=2247484206&idx=1&sn=e9535f2e7a05be5ca1c8949dc8ec720a,https://mmbiz.qpic.cn/mmbiz_jpg/vwteiaJbI60K0fOQuw670BgGaKCNn9QheicVUKr2q1Q7vynC9CyrL2Pfs1hDntj1d13Bb9FH4ibQpNx02nkcX5BJqteCHl74WIOvCib1Fzp4WbA/0?wx_fmt=jpeg,50岁以后,其他,熟龄人群的日常见闻,20,泛人群,通用,好奇/实用,获得信息,事件切入型,921432_微信24h热文榜_20260905.csv,唯一,未命中历史老年主题分类，保留待人工判断
T0109,2026-09-04,2026-09-04,1,64000,64000,官媒痛批演唱会乱象：衣不蔽体！演唱会票价越来越贵，歌声却输给了几块布料，多位女星被推上风口,,2026-09-04 14:00:08,https://mp.weixin.qq.com/s?__biz=MzA4NjcyNTEwOQ==&mid=2448338005&idx=2&sn=6af65ada16eed8a341c981b36e545f3e,https://mmbiz.qpic.cn/sz_mmbiz_jpg/cTNXC7MEygzxmvw6iagHJOW6Cfq8yFuKiaicn0z0kcolQAZJfJXWploiaWXgib9YfIenNkia4Gdk02t5CQMlECzsdvdpCRTSBvX6KbRz0FjOU2xB0/0?wx_fmt=jpeg,50岁以后,其他,熟龄人群的日常见闻,20,泛人群,通用,好奇/实用,获得信息,事件切入型,921432_微信24h热文榜_20260904.csv,唯一,未命中历史老年主题分类，保留待人工判断
T0090,2026-09-03,2026-09-03,1,64000,64000,古代风月女子天天接客，却很少怀孕，到底是为啥？,,2026-09-03 14:00:10,https://mp.weixin.qq.com/s?__biz=MzY4MzMyMTU1MA==&mid=2247484711&idx=1&sn=837c819dc4aa1ce78bfc5e83a192b6b3,https://mmbiz.qpic.cn/mmbiz_jpg/jRPRYsibGKWdfNBYEia2MpAVbWiaSf1iaInOyoQVCBXa5X0ibvODnLXT0N1hKw6s7cOaFVSQkXR973DwiaqjNXbXcHrjtvDhUBqZ1eyUYg6ut3JaA/0?wx_fmt=jpeg,50岁以后,其他,熟龄人群的日常见闻,20,泛人群,通用,好奇/实用,获得信息,问题型,921432_微信24h热文榜_20260903.csv,唯一,未命中历史老年主题分类，保留待人工判断
T0027,2026-09-01,2026-09-01,1,64000,64000,未来三年，大家要小心，要特别的小心。由于当前国内外形势和一些不能公开的原因，我建议你在未来三年一定要牢记这16个忠告（上）,,2026-09-01 14:00:07,https://mp.weixin.qq.com/s?__biz=MzYyNTc2MjI5NA==&mid=2247485912&idx=1&sn=2b8da6331716a70e22550b175fdfbedc,https://mmbiz.qpic.cn/mmbiz_jpg/VeTzjGkCYs2V3s2qiagZd98otRrtrghL9Fhd2ZNzpbdfSWEQGdyibj8ibxlLxbaOe9aGwP34vSwtdabyP0Xs4ENOcCEsHPc9Ig6ib0x4tM3xdOA/0?wx_fmt=jpeg,50岁以后,其他,熟龄人群的日常见闻,20,泛人群,通用,焦虑提醒,获得信息,故事型,921432_微信24h热文榜_20260901.csv,唯一,未命中历史老年主题分类，保留待人工判断
T0028,2026-09-01,2026-09-01,1,64000,64000,这天冬，成精了，3人挖了2天,,2026-09-01 14:00:07,https://mp.weixin.qq.com/s?__biz=MjM5NDY3MTE3NQ==&mid=2447562452&idx=1&sn=1b15d325bfc3f24f3a62304e710a81d3,http://mmbiz.qpic.cn/sz_mmbiz_jpg/2Zp0BzOhibiaRXcJyB153J6UHDPtvNhic61cPMuHLVUMv8mSqgAibZeuT3IKkP7SKQDlgOmlI77VdicLGicZeyGBcwR1zmXaLkeDibtly8FNicpfB2E/0?wx_fmt=jpeg,50岁以后,其他,熟龄人群的日常见闻,20,泛人群,通用,好奇/实用,获得信息,事件切入型,921432_微信24h热文榜_20260901.csv,唯一,未命中历史老年主题分类，保留待人工判断
T0029,2026-09-01,2026-09-01,1,64000,64000,送大儿返校,,2026-09-01 14:00:07,https://mp.weixin.qq.com/s?__biz=MzYyMjU4MTE2NA==&mid=2247491464&idx=1&sn=7fce14b8c0193e138c96c60639ae7e6d,http://mmbiz.qpic.cn/sz_mmbiz_jpg/OGnjq58ia2tslM8NicZt9RmzQ28mqQ23Ny4034lkzAlWfUk5NmQ84D5AANFKPR2HkaM9wlMeUznPAPg8NRwa4t1icl6pGQZwZX3roEsI4Gj5po/0?wx_fmt=jpeg,50岁以后,其他,熟龄人群的日常见闻,20,泛人群,通用,好奇/实用,获得信息,事件切入型,921432_微信24h热文榜_20260901.csv,唯一,未命中历史老年主题分类，保留待人工判断
T0030,2026-09-01,2026-09-01,1,64000,64000,作别8月，喜迎9月，每一个清晨都是快乐的开始，早上好！,,2026-09-01 14:00:07,https://mp.weixin.qq.com/s?__biz=MzYyMTY0NzA2NQ==&mid=2247492059&idx=1&sn=d4adc572e0cbcebed208a370a8b12d9d,https://mmbiz.qpic.cn/sz_mmbiz_jpg/mbibUuWWwic9apic2tlX8wym1AeRaIriaD6NePTgSy4fWmUBRQcdkJ4icRzwE9NdabrAtAE8tMbMsIgTChK3g1uaDp81WmYEicSyms5uQCjNuSOko/0?wx_fmt=jpeg,50岁以后,其他,熟龄人群的日常见闻,20,泛人群,通用,好奇/实用,获得信息,提醒警示型,921432_微信24h热文榜_20260901.csv,唯一,未命中历史老年主题分类，保留待人工判断
T0467,2026-09-21,2026-09-21,2,63000,63000,亚运会比赛闹出大乌龙，王楚钦名放反,,2026-09-21 14:00:09,https://mp.weixin.qq.com/s?__biz=MzY0MDQwMDIzMQ==&mid=2247497767&idx=1&sn=1e44ca1245229389fff3817fb829e128,http://mmbiz.qpic.cn/mmbiz_jpg/kQKMibabG5CicRYXOD8bnHg9Gy7WndHNY2mCf3BOPeUqZ0LKQwooWXyibJZCxTcXlsMwUCqYSMusfUTgalyHVwNQca4s0xLRrMhRN0cuM6RuT8/0?wx_fmt=jpeg,50岁以后,其他,熟龄人群的日常见闻,20,泛人群,通用,好奇/实用,获得信息,事件切入型,921432_微信24h热文榜_20260921.csv;921432_微信24h热文榜_20260921.xlsx,重复上榜：保留最高热度,未命中历史老年主题分类，保留待人工判断
T0402,2026-09-15,2026-09-15,1,63000,63000,2026年养老金开始补发了吗？说说你所在城市,,2026-09-15 14:00:08,https://mp.weixin.qq.com/s?__biz=MzY4NzExMzU5MQ==&mid=2247487877&idx=1&sn=42995f81a0d6825d397f2328a7b42fb7,http://mmbiz.qpic.cn/mmbiz_jpg/ic0FNFTpScYYsfIzNI6BfnASuXxeO1eKwIAC3Ztn6MUQ8JNG5vkQV8fIxONjQjsbLtAJQ6PrXF3lI6DeAV3gmD7Aic4GwFaQREE8AaA9fibVJ4/0?wx_fmt=jpeg,50岁以后,养老金与医保,退休后的钱与保障,85,50岁以上,通用,好奇/实用,降低风险,问题型,921432_微信24h热文榜_20260915.csv,唯一,引用历史老年主题分类或规则映射
T0340,2026-09-13,2026-09-13,1,63000,63000,控制慢性炎症！,,2026-09-13 14:00:07,https://mp.weixin.qq.com/s?__biz=MzIzMjg2MzIwOQ==&mid=2247487744&idx=1&sn=961571cd3bc6a284001b699c27cc578b,http://mmbiz.qpic.cn/mmbiz_jpg/GJrLvAibOcibycicBYSMVRZngdIdGKqvicb1UpOlPo7VibHN2fuCTwu5mVLkgUn7pX1LemJCCNcto9AXPBQ3uuV1L07zoiaNBUEWvVrQYL38iaddwE/0?wx_fmt=jpeg,50岁以后,健康饮食与运动,50岁后的健康管理,85,50岁以上,通用,好奇/实用,改善身体,事件切入型,921432_微信24h热文榜_20260913.csv,唯一,引用历史老年主题分类或规则映射
T0329,2026-09-12,2026-09-12,1,63000,63000,万亿京东，负重向新：AI打开供应链产业跃迁之路,,2026-09-12 14:00:08,https://mp.weixin.qq.com/s?__biz=MzIyNDE2NjkzMQ==&mid=2650516107&idx=1&sn=656813f9f730b08720594cb12ffcb94c,https://mmbiz.qpic.cn/mmbiz_jpg/weRbcTOEtpebJuY3KaSVXrdpXfUfjUJ7Diag3TQocqaHkN0AR7Ose1K5eA74vPq8EphOlKZud0NWv2ohXpc1VjIel0s6gictFFoYqsiaZV5Nt8/0?wx_fmt=jpeg,50岁以后,其他,熟龄人群的日常见闻,20,泛人群,通用,好奇/实用,获得信息,数字切入型,921432_微信24h热文榜_20260912.csv,唯一,未命中历史老年主题分类，保留待人工判断
T0330,2026-09-12,2026-09-12,1,63000,63000,一名副高女教师退休后在家开展有偿补课，结局让很多老师想不到,,2026-09-12 14:00:08,https://mp.weixin.qq.com/s?__biz=MzYzMTA1Njk1MQ==&mid=2247485937&idx=1&sn=9abe0252dc09895533face1a637e8649,https://mmbiz.qpic.cn/mmbiz_jpg/hAjCOg0WSAydWne0h3EjMo3xKomd3uYW6b6qlgZv0AFhlMQ27zmr92MQYY6IibE6SVuChYBa3JXUrc3fjiccKvvRYwt8dbz0krrLRk2fTApick/0?wx_fmt=jpeg,50岁以后,退休适应与再就业,退休后的身份与第二曲线,85,50岁以上,通用,信息获得,获得信息,事件切入型,921432_微信24h热文榜_20260912.csv,唯一,引用历史老年主题分类或规则映射
T0170,2026-09-06,2026-09-06,1,63000,63000,那块刻着“大日本帝国”的碑，被十五米高的枪托砸了,,2026-09-06 14:00:09,https://mp.weixin.qq.com/s?__biz=MzIzMTE3OTk3Mg==&mid=2664564030&idx=1&sn=d2201a11602167d80c3597c1a81d8b13,https://mmbiz.qpic.cn/sz_mmbiz_jpg/VJXs2hfTUvxqwvRDmAKVhmC5BdEcFe8ibnFOFmUXe8rMsL0HGtfhpMgxU2JgzVrbiaicfuVUjYITWH3uibPY8fiasibdwYt2y9TNOVZ42iaQMoF7XI/0?wx_fmt=jpeg,50岁以后,其他,熟龄人群的日常见闻,20,泛人群,通用,好奇/实用,获得信息,事件切入型,921432_微信24h热文榜_20260906.csv,唯一,未命中历史老年主题分类，保留待人工判断
T0143,2026-09-05,2026-09-05,1,63000,63000,9月4日：中国确立12海里领海主权，改写世界海洋规则,,2026-09-05 14:00:09,https://mp.weixin.qq.com/s?__biz=MzYzODc0NDE0Mg==&mid=2247486268&idx=1&sn=112a8e22ae4d799c9fcf5adde8d001b9,http://mmbiz.qpic.cn/mmbiz_jpg/diccfotIFqcy7ZsI8ofDrW4IKej9PaSG7g0mIsyV37ibia4oguWTKLt3rJ7KA6YJiaA4aL1btnImBIsYA1JngLyMnKKxhiadZiciaPlyTb5kuiaFbbQ/0?wx_fmt=jpeg,50岁以后,其他,熟龄人群的日常见闻,20,泛人群,通用,好奇/实用,获得信息,事件切入型,921432_微信24h热文榜_20260905.csv,唯一,未命中历史老年主题分类，保留待人工判断
T0468,2026-09-21,2026-09-21,2,62000,62000,不看不知道，一看吓一跳！,,2026-09-21 14:00:09,https://mp.weixin.qq.com/s?__biz=Mzk5MDMzNTY4MA==&mid=2247484538&idx=1&sn=d643a4227a6f4c97b0b186b68079badf,http://mmbiz.qpic.cn/mmbiz_jpg/6D1vdpBm78GxvCEWxZFt9fqXQctgMrHYD7Xnt62fs4vAbMIgQcVxRdfeetwlyJVZCfWvY2y6kqcoyhOFRVcHLdWfHeOR8jib4uU6D6U9gQvs/0?wx_fmt=jpeg,50岁以后,其他,熟龄人群的日常见闻,20,泛人群,通用,好奇/实用,获得信息,事件切入型,921432_微信24h热文榜_20260921.csv;921432_微信24h热文榜_20260921.xlsx,重复上榜：保留最高热度,未命中历史老年主题分类，保留待人工判断
T0403,2026-09-15,2026-09-15,1,62000,62000,李嘉欣的儿子终是没能继承她的美貌,,2026-09-15 14:00:08,https://mp.weixin.qq.com/s?__biz=MzIzMzUzNTIxOQ==&mid=2247525152&idx=1&sn=0dc11decfa2c80e5732a3044ca62e9fb,http://mmbiz.qpic.cn/sz_mmbiz_jpg/icqSnlTV3ibu20lZWcqsp0VMLDSibn071NMMgibGNDGYI3orJtP07K5Iq0NGdR7MJFLT5Y8q8Fe5icJjU8SvPA0CyWpUICbLrdQtZaiazkTqXMaPA/0?wx_fmt=jpeg,50岁以后,代际关系与家庭边界,子女关系与家庭边界,85,50岁以上,男性偏强,好奇/实用,关系处理,事件切入型,921432_微信24h热文榜_20260915.csv,唯一,引用历史老年主题分类或规则映射
T0231,2026-09-08,2026-09-08,1,62000,62000,李连杰5点在新加坡的家中起床，去佛堂打坐,,2026-09-08 14:00:10,https://mp.weixin.qq.com/s?__biz=MzA5OTM4Mzk3MA==&mid=2648215182&idx=1&sn=f4afab0915e9bda07048b4489785d8bf,http://mmbiz.qpic.cn/mmbiz_jpg/Iz1elDp9Uqja3sPTibNvakysSnd3eUcpzqUn16oxRzl5l7H3Gs2jsib24aERZlMjIzHmIW9N6yQvAKSRd2ktveSX8zDfxL04kqwbziaicLA2yn0/0?wx_fmt=jpeg,50岁以后,其他,熟龄人群的日常见闻,20,泛人群,通用,好奇/实用,获得信息,事件切入型,921432_微信24h热文榜_20260908.csv,唯一,未命中历史老年主题分类，保留待人工判断
T0171,2026-09-06,2026-09-06,1,62000,62000,“杂交水稻之父”袁隆平儿媳、国务院特殊津贴专家、湖南省农委办副主任——段美娟,,2026-09-06 14:00:09,https://mp.weixin.qq.com/s?__biz=MzE5MTk1MTU3NA==&mid=2247485780&idx=1&sn=9bdcc59421bc3da91a00a644811497f3,https://mmbiz.qpic.cn/sz_mmbiz_jpg/4ZSODUsnWRo7qgXfmerWZwJHFsWfdibOQ8ib9ePLrSNTqb1xVOmcU7nDSiaEALaXSVcp9f3kkYTkEqpO6biabxDt55ckApw0vreOYIsiaEd48vGc/0?wx_fmt=jpeg,50岁以后,其他,熟龄人群的日常见闻,20,泛人群,通用,好奇/实用,获得信息,事件切入型,921432_微信24h热文榜_20260906.csv,唯一,未命中历史老年主题分类，保留待人工判断
T0057,2026-09-02,2026-09-02,1,62000,62000,坚持分房睡，他们的婚姻已经幸福了35年,,2026-09-02 14:00:10,https://mp.weixin.qq.com/s?__biz=MzAxNzg2NjY0NA==&mid=2649937091&idx=1&sn=de59f9c5871aebf289c5923a7a082625,http://mmbiz.qpic.cn/sz_mmbiz_jpg/DHgqQxGOVf3tosklgiaODmA9A7b7LlkUaibFfJeT8XhRTaeBwLibX7QtaXyE6GNZGMQRujibuyLMj1j1mrNhR2oZRvglia0nEWl6vIqCYGwdgbLg/0?wx_fmt=jpeg,50岁以后,晚年婚姻与亲密关系,晚年伴侣与亲密边界,85,50岁以上,通用,情感共鸣,关系处理,事件切入型,921432_微信24h热文榜_20260902.csv,唯一,引用历史老年主题分类或规则映射
T0058,2026-09-02,2026-09-02,1,62000,62000,怀念王新军老师,,2026-09-02 14:00:10,https://mp.weixin.qq.com/s?__biz=MzYzOTY1MjE0NA==&mid=2247484142&idx=1&sn=c1c1c59b51884843988c106e714812eb,https://mmbiz.qpic.cn/sz_mmbiz_jpg/pnmWicy4lYyriba9sPsdrbUyVVz1orOiaicicfRfac1yCvrlZXo856MoqC1nmmbz41JDjnTliaXacf838F8sG4CylldgfAmLQMlu8IJha6STPl8v0/0?wx_fmt=jpeg,50岁以后,其他,熟龄人群的日常见闻,20,泛人群,通用,好奇/实用,获得信息,事件切入型,921432_微信24h热文榜_20260902.csv,唯一,未命中历史老年主题分类，保留待人工判断
T0059,2026-09-02,2026-09-02,1,62000,62000,女医生：是自然怀孕吧？男孩：是，挺自然的，没反抗。女医生：我说的是，你是自然怀孕，还是依靠药物之类的。男孩：哦哦哦，是自然怀孕,,2026-09-02 14:00:10,https://mp.weixin.qq.com/s?__biz=MzY4NjMxODA5Mw==&mid=2247484352&idx=1&sn=fe52423ba399b8c54b2cd921e775c24d,https://mmbiz.qpic.cn/mmbiz_jpg/BfyT4RRyYIOCVpY5awlwVkq7NMWgqw6wAzQn0JukRv9APkxibdGZQS3IMPLK0rMErsr3ZcFHyj7fOHxor3s0RzgMbg85n2Dbs5GpiaoCKGUCc/0?wx_fmt=jpeg,50岁以后,其他,熟龄人群的日常见闻,20,泛人群,通用,好奇/实用,获得信息,问题型,921432_微信24h热文榜_20260902.csv,唯一,未命中历史老年主题分类，保留待人工判断
T0404,2026-09-15,2026-09-15,1,61000,61000,老俗话：“男占凹必发，女占凸必寡″，凹凸到底指什么？,,2026-09-15 14:00:08,https://mp.weixin.qq.com/s?__biz=MzY5MTE1NzgzNA==&mid=2247485097&idx=1&sn=43e64a811a8f478869383804f721178c,https://mmbiz.qpic.cn/mmbiz_jpg/lHiboT7GtXrFFWnmOWicRITsWgqkY1ebTsrlKcH2u9pr8zr4qaH3bIunrkE1xqNyqPyhmKuVC3mvW2Feam88uQSDLMR1Kr8DCqxNbbHnvXrOw/0?wx_fmt=jpeg,50岁以后,其他,熟龄人群的日常见闻,20,泛人群,通用,好奇/实用,获得信息,问题型,921432_微信24h热文榜_20260915.csv,唯一,未命中历史老年主题分类，保留待人工判断
T0293,2026-09-10,2026-09-10,1,61000,61000,9月9日早安吉祥！,,2026-09-10 14:00:08,https://mp.weixin.qq.com/s?__biz=MzcwNTAxMjYxOA==&mid=2247487217&idx=1&sn=62172892b22573485e173cb14638ddae,http://mmbiz.qpic.cn/mmbiz_jpg/tolX9TNpO66KbxCQm75z3eTRJWyuLPZoLFJzeXDGPiamqlJ01ZwicibZwq4kfHic6S4hj0ChLZf3yGzmDhhDezlzsdf1na4nTOEQI0GMglUGGiaw/0?wx_fmt=jpeg,50岁以后,其他,熟龄人群的日常见闻,20,泛人群,通用,好奇/实用,获得信息,事件切入型,921432_微信24h热文榜_20260910.csv,唯一,未命中历史老年主题分类，保留待人工判断
T0294,2026-09-10,2026-09-10,1,61000,61000,西北政法大学请给我一个答复，我没有见过如此恶劣的学术不端,,2026-09-10 14:00:08,https://mp.weixin.qq.com/s?__biz=Mzg3OTgzMzI3OA==&mid=2247485711&idx=1&sn=5bc5a2e2c25854b66a3330c4e2465aad,https://mmbiz.qpic.cn/mmbiz_jpg/W6GuEtpWTCgPEPvHffACfUKKth9JzZkJkZJPicia7UafsfPNeTRo4CJx9hfCWoIDJQ4IZBabfwicJfDMBx2WQr85coBDebomYCqSnNPIjqPrd4/0?wx_fmt=jpeg,50岁以后,其他,熟龄人群的日常见闻,20,泛人群,通用,好奇/实用,获得信息,故事型,921432_微信24h热文榜_20260910.csv,唯一,未命中历史老年主题分类，保留待人工判断
T0295,2026-09-10,2026-09-10,1,61000,61000,千万小心所谓的学长学姐介绍的校园卡,,2026-09-10 14:00:08,https://mp.weixin.qq.com/s?__biz=MzkzMDk2ODUyMw==&mid=2247487730&idx=1&sn=8eeb93eed3c343363ea4a8e558635351,http://mmbiz.qpic.cn/mmbiz_jpg/8Mb2KaZaX8DLCJgIpR3U4s7gXvClkNQYJeHvH1Rv8zRfgoiaiaEyoGgcpn5ICiaicGr9GAOVicufTYt0a57p4jT5icyL2yib0xJNRWuhuFiaSUPJbzA/0?wx_fmt=jpeg,50岁以后,其他,熟龄人群的日常见闻,20,泛人群,通用,好奇/实用,获得信息,数字切入型,921432_微信24h热文榜_20260910.csv,唯一,未命中历史老年主题分类，保留待人工判断
T0296,2026-09-10,2026-09-10,1,61000,61000,九十五岁大娘，没烦没恼没吃过药，你信吗？,,2026-09-10 14:00:08,https://mp.weixin.qq.com/s?__biz=MzYzMjI4NjA0OA==&mid=2247485098&idx=1&sn=fdae22d362496ad7662d65df80a3552a,http://mmbiz.qpic.cn/mmbiz_jpg/U9ec9IYE7X53R83CgwCCjQI1MgXenn0eYdnPS1nqSL8iahJzRHrAC4xiar2STdBVpOpicn7G3mmuC9BF6prkgEfgyQ4P6ABRfUzjpTf2XYY9ic0/0?wx_fmt=jpeg,50岁以后,健康饮食与运动,50岁后的健康管理,85,50岁以上,通用,好奇/实用,改善身体,问题型,921432_微信24h热文榜_20260910.csv,唯一,引用历史老年主题分类或规则映射
T0297,2026-09-10,2026-09-10,1,61000,61000,比裁员更侮辱人的事情发生了：部门裁了2个人，一个月薪1.5w，一个月薪1.8w，工作都还交接给我，而我月薪只有1.2w，我提涨薪还直接被拒了,,2026-09-10 14:00:08,https://mp.weixin.qq.com/s?__biz=MzUyNDkzNzczNQ==&mid=2247565607&idx=1&sn=1bdf0e70148121e6155152782b9ce434,https://mmbiz.qpic.cn/sz_mmbiz_jpg/Zd1N4tGs0diciamzhXJvBLnamo7tg5vSvyYh00BJt6bc33s3GFBrWeHyQQKJ9AIl4iciaf9MA8n9icnJ5ibibeZVwZZhhqbO02iaCqxUDIicsfJCjcng/0?wx_fmt=jpeg,50岁以后,退休适应与再就业,退休后的身份与第二曲线,85,50岁以上,通用,好奇/实用,获得信息,故事型,921432_微信24h热文榜_20260910.csv,唯一,引用历史老年主题分类或规则映射
T0258,2026-09-09,2026-09-09,1,61000,61000,阿里P7：失业一年后，房子面临断供。找银行说明情况，房贷从18000多元降到6000元，至少维持两年,,2026-09-09 14:00:09,https://mp.weixin.qq.com/s?__biz=MzAxMDM3NzEwMQ==&mid=2650255857&idx=1&sn=1d646f91e251b03d19fec8e693d73a27,https://mmbiz.qpic.cn/mmbiz_jpg/cCyjje3LibqVwzvhcYttoQV9lkRexDALUyDnodyzWISPic7MVwX0qu1u9WseLsmPTWQsyNCJlEDZsWXYqibQB25EjTPIib7mzJ4UT95cgwJjEVk/0?wx_fmt=jpeg,50岁以后,养老照护与居住,晚年照护与居住选择,85,50岁以上,通用,好奇/实用,获得信息,事件切入型,921432_微信24h热文榜_20260909.csv,唯一,引用历史老年主题分类或规则映射
T0197,2026-09-07,2026-09-07,1,61000,61000,毕 老 师，一 路 走 好！,,2026-09-07 14:00:14,https://mp.weixin.qq.com/s?__biz=MzY5MjM4MzYyOA==&mid=2247485069&idx=1&sn=4b7fb6f585a0591ebacb4f0c36198109,https://mmbiz.qpic.cn/mmbiz_jpg/1B9afV9Zymbqbpbic3hicFrwFDia4jjAWQicibZv5sK0TG9hTw9lb6lPVd9ALX96g2GwYT2cFz9eOv0O9xxl1J90dskiaBcCgtMPESnuiaUQhkCH6s/0?wx_fmt=jpeg,50岁以后,其他,熟龄人群的日常见闻,20,泛人群,通用,好奇/实用,获得信息,事件切入型,921432_微信24h热文榜_20260907.csv,唯一,未命中历史老年主题分类，保留待人工判断
T0172,2026-09-06,2026-09-06,1,61000,61000,凶狠凯蒂在节目上被全身打码，导师在臀部盖章！,,2026-09-06 14:00:09,https://mp.weixin.qq.com/s?__biz=MzUxNDI5NTY2Nw==&mid=2247522769&idx=1&sn=fe6b776a72781f000de8d3101f4cda9b,https://mmbiz.qpic.cn/sz_mmbiz_jpg/3SjJDvNzhuoKGZU7R0OZ17tsLku5dNcHhfs1U7pL6M7ylDic5ZOXibsK9EGUVPOAQBIick8k0lxglkwM9RUvL0Kyuq2NDFW9qxmsTDpfRFCFTs/0?wx_fmt=jpeg,50岁以后,其他,熟龄人群的日常见闻,20,泛人群,通用,好奇/实用,获得信息,事件切入型,921432_微信24h热文榜_20260906.csv,唯一,未命中历史老年主题分类，保留待人工判断
T0144,2026-09-05,2026-09-05,1,61000,61000,丈夫失联婆婆离世，王艳的救赎竟是继子,,2026-09-05 14:00:09,https://mp.weixin.qq.com/s?__biz=Mzk2OTAxMjI0OQ==&mid=2247485361&idx=1&sn=2c0332c4d7a3a765f6fc054d7d4665bb,https://mmbiz.qpic.cn/mmbiz_jpg/7wjnQ7CJIusHRTE7hz9iapm4voAI7KjzpFp7QHtuA0bTOWEQU5yPEw7sgwPpHocBXiaVFjm8y14Kp4v4ic8KRdt105Hr394sr6ogoElXYkW9QY/0?wx_fmt=jpeg,50岁以后,身后安排与告别,晚年告别与身后安排,85,50岁以上,男性偏强,情感共鸣,获得信息,事件切入型,921432_微信24h热文榜_20260905.csv,唯一,引用历史老年主题分类或规则映射
T0145,2026-09-05,2026-09-05,1,61000,61000,60岁就免票！中国“最厚道”5个省份，老人们纷纷点赞！,,2026-09-05 14:00:09,https://mp.weixin.qq.com/s?__biz=MjM5MjExNTUwMw==&mid=2654354570&idx=1&sn=6ba6b09c334d340a85868628e50ca3f8,https://mmbiz.qpic.cn/mmbiz_jpg/BcNgWR9siah9iamPnrCUl0HSCXUEpxpxOy80DVQzCtniaG78iaMU2nnkGxpcow8xDT9QE34At5ekEagsqghl3GoxlxSGQZm03ydLKdHwpfxdHgM/0?wx_fmt=jpeg,50岁以后,旅游消费与兴趣,退休后的兴趣与生活方式,85,50岁以上,通用,好奇/实用,获得信息,数字切入型,921432_微信24h热文榜_20260905.csv,唯一,引用历史老年主题分类或规则映射
T0060,2026-09-02,2026-09-02,1,61000,61000,戴笠坠机48年后，香港一位百岁老太临终爆料：那不是空难，是自,,2026-09-02 14:00:10,https://mp.weixin.qq.com/s?__biz=Mzk3NTAxNjIzMw==&mid=2247490578&idx=1&sn=3c878962abddf3c1b7aa35cc62d8f4e6,https://mmbiz.qpic.cn/mmbiz_jpg/p2tDdUJfvKjSWMxaSpeUYjzhgMfjxwznaV2mJ3FgdWEXe25iaytqRCWicHlWQBvJucdOydK3wzEF3lbSqticj49c2Y2CO1yOTYx7zObfUxw8KA/0?wx_fmt=jpeg,50岁以后,身后安排与告别,晚年告别与身后安排,85,50岁以上,通用,好奇/实用,获得信息,数字切入型,921432_微信24h热文榜_20260902.csv,唯一,引用历史老年主题分类或规则映射
T0341,2026-09-13,2026-09-13,1,60000,60000,今日一笑：我爸爸的墓地到期了，那天陵园给我打电话说：续费20年要7万。我在电话里说：不续，天陵园给我打电话回：可以。但我需要看到书,,2026-09-13 14:00:07,https://mp.weixin.qq.com/s?__biz=MzcwMzM1ODAzMw==&mid=2247485407&idx=1&sn=e9dc41ff79faa39a2978e4814e1e2f1d,https://mmbiz.qpic.cn/mmbiz_jpg/0IH838JPSciaOPMyAkw6rwluOjPNMSEvPvT4zfzn5wudsNqgEfsSgRY5ZiaMYol2L58UiaKiaXMI2bcEqEuibR5ibcrHGnfkaaXHg3MTXoEw9oQ5g/0?wx_fmt=jpeg,50岁以后,身后安排与告别,晚年告别与身后安排,85,50岁以上,通用,好奇/实用,获得信息,故事型,921432_微信24h热文榜_20260913.csv,唯一,引用历史老年主题分类或规则映射
T0298,2026-09-10,2026-09-10,1,60000,60000,房子虽然盖好了，但人基本住不回去，最后成了摆设,,2026-09-10 14:00:08,https://mp.weixin.qq.com/s?__biz=MzY4NTI5Mjk1OA==&mid=2247485237&idx=1&sn=ee8706c8f4e351c75a0130761229f01e,https://mmbiz.qpic.cn/mmbiz_jpg/DYeNfNsnhvYBZGfhWECDKVLqGdo2LnDzqXYTfVTa3MZ7ZOV8tZdw62E0NFQsmLciaUQ3TJmdfMUWVhkC5y9Xjaic6QiaCWUI7DX2NZScKfWxEQ/0?wx_fmt=jpeg,50岁以后,养老照护与居住,晚年照护与居住选择,85,50岁以上,通用,好奇/实用,获得信息,事件切入型,921432_微信24h热文榜_20260910.csv,唯一,引用历史老年主题分类或规则映射
T0259,2026-09-09,2026-09-09,1,60000,60000,万锦华人超市现场炸锅！顾客鱼都杀好了突然说不要，员工气炸直接把海鲜扔过去！网友吵翻了,,2026-09-09 14:00:09,https://mp.weixin.qq.com/s?__biz=MzE5ODIyNjMwMQ==&mid=2247622616&idx=2&sn=760e206d84370e6b4a2aa50f0e9bb71d,https://mmbiz.qpic.cn/sz_mmbiz_jpg/YGHT3OwNuhcSqXQpcCKFDlrF2uTLicpABbDIV3RNBOvWlcwFETCkNI7vbBkhfl3ko744KAibicLfnXyvBWWUuqqnic2mpRFYfLOCbXPicgRYW4eI/0?wx_fmt=jpeg,50岁以后,其他,熟龄人群的日常见闻,20,泛人群,通用,焦虑提醒,获得信息,提醒警示型,921432_微信24h热文榜_20260909.csv,唯一,未命中历史老年主题分类，保留待人工判断
T0260,2026-09-09,2026-09-09,1,60000,60000,10月1日起，金融“失信名单”正式落地：银行真正要警惕的，可能不是逾期客户,,2026-09-09 14:00:09,https://mp.weixin.qq.com/s?__biz=MzkyOTk0OTU5OQ==&mid=2247490761&idx=1&sn=18d4e9e75a9902d57f44d7d715baaf55,https://mmbiz.qpic.cn/mmbiz_jpg/icib7DEop4KmoWqcNoSUdUY0MPgr7ecOLyUBgZ6VPbITjMYCw2azRTibLkDEZ2JGxozTC0NtqP8jH7HyHMm7AnBrOPxz96nItbTyF76XTlrzZ0/0?wx_fmt=jpeg,50岁以后,财务安全与防骗,老年财务安全,85,50岁以上,通用,焦虑提醒,降低风险,提醒警示型,921432_微信24h热文榜_20260909.csv,唯一,引用历史老年主题分类或规则映射
T0261,2026-09-09,2026-09-09,1,60000,60000,美国最新禁令，永久性禁止中国联网汽车？这些西方车企巨头联手封杀中国智能车，他们到底在怕什么？,,2026-09-09 14:00:09,https://mp.weixin.qq.com/s?__biz=MzYzMjc1NzgxMA==&mid=2247487724&idx=2&sn=568d65b9df977765847540aa090a9358,https://mmbiz.qpic.cn/mmbiz_jpg/88NBWwlBAjNIgdx2ZpKL45I34AibCH2gtzASP7qFmnHFUqxTjNJzb2HOlbkvtqXR7ic84YHyNR6GXRhHhTVurSpC3ByoOUvOSIu0NhZia8VxhA/0?wx_fmt=jpeg,50岁以后,其他,熟龄人群的日常见闻,20,泛人群,通用,好奇/实用,获得信息,问题型,921432_微信24h热文榜_20260909.csv,唯一,未命中历史老年主题分类，保留待人工判断
T0262,2026-09-09,2026-09-09,1,60000,60000, 10月1日高速收费迎来调整！网传取消起步费，车主一定要了解这5点,,2026-09-09 14:00:09,https://mp.weixin.qq.com/s?__biz=MzY5OTAyMzc3NQ==&mid=2247487032&idx=1&sn=ff267fd7ea9577b3c2c4895c50e1e06f,https://mmbiz.qpic.cn/mmbiz_jpg/icicWzqFbUP4iauyzdHicEJXxVYIcR8O3dpQoVc3K4aKaeFUzV2mmNguy9JRn3VM5zCobH7xBYLy5VOcnKs09rQMepnjIQsic7QicboR2zHx42vdg/0?wx_fmt=jpeg,50岁以后,其他,熟龄人群的日常见闻,20,泛人群,通用,好奇/实用,获得信息,事件切入型,921432_微信24h热文榜_20260909.csv,唯一,未命中历史老年主题分类，保留待人工判断
T0232,2026-09-08,2026-09-08,1,60000,60000,蕾丝是女人的第二层皮肤，穿对了太迷人,,2026-09-08 14:00:10,https://mp.weixin.qq.com/s?__biz=MzU3MDI4NDMzNw==&mid=2247786104&idx=1&sn=e6d6850d8f729e34c1d2c2863aacf51b,https://mmbiz.qpic.cn/mmbiz_jpg/pvZcaaICq2AGlRx57chpWMBLV1TiaLSiaQYE2k38RnAGedxAIQRPQ1XEWUSETDkuvoZlyglzeL4ZwiaQSLGRHicaDWq2QaRFEsz2xiag3ADouZNs/0?wx_fmt=jpeg,女人的下半场,女性年龄与自我认同,女人年龄与自我价值,85,50岁以上,女性偏强,好奇/实用,自我认同,事件切入型,921432_微信24h热文榜_20260908.csv,唯一,引用历史老年主题分类或规则映射
T0198,2026-09-07,2026-09-07,1,60000,60000,女人在南美是小美，去了北美是小胖。,,2026-09-07 14:00:14,https://mp.weixin.qq.com/s?__biz=Mzg4NTUxNzA1Ng==&mid=2247484539&idx=1&sn=6e42229aefbdbeebc513a106b48573f8,http://mmbiz.qpic.cn/mmbiz_jpg/6tjI7lwdOjR59Xv6InX1X0V2NUI9BCd11C12pEAaibasx6DQcmI5B8SLOBaRna1SrgF5fSKxFm4ibHQlSeogblnZjgyNVeTaNbznvRaHm2tOU/0?wx_fmt=jpeg,女人的下半场,女性年龄与自我认同,女人年龄与自我价值,85,50岁以上,女性偏强,好奇/实用,自我认同,事件切入型,921432_微信24h热文榜_20260907.csv,唯一,引用历史老年主题分类或规则映射
T0469,2026-09-21,2026-09-21,2,59000,59000,认知定方向，行动出结果,,2026-09-21 14:00:09,https://mp.weixin.qq.com/s?__biz=MzIxODQxNDIyMw==&mid=2247485867&idx=1&sn=ea9e58ccb5dcc4719542ab8ce47f1e69,http://mmbiz.qpic.cn/sz_mmbiz_jpg/V444fcQL1oUnbHZOZFADGVDZD8CHjSZn1RzvicQegzD4R74siaicdYfQzYcJqs6TV8onoB838Wf4J7olqDyh7jI6tnz1uRC3A4r7rV6xjs595w/0?wx_fmt=jpeg,50岁以后,其他,熟龄人群的日常见闻,20,泛人群,通用,好奇/实用,获得信息,事件切入型,921432_微信24h热文榜_20260921.csv;921432_微信24h热文榜_20260921.xlsx,重复上榜：保留最高热度,未命中历史老年主题分类，保留待人工判断
T0436,2026-09-20,2026-09-20,1,59000,59000,网传小米外包员工领中秋月饼遭拒，9月17日的时候，他拿着工作证来领公司的中秋节礼品，但是被工作人员告知：“你不在领取范围内,,2026-09-20 14:00:07,https://mp.weixin.qq.com/s?__biz=MzY5MTMzMTg3MQ==&mid=2247484576&idx=1&sn=0df8ca628d4c56dc1b8da80ec66e2122,https://mmbiz.qpic.cn/mmbiz_jpg/NxZOMQq7xqfpbr98zTN9xfNvvBDUZ2bxjBXYIZ7I0EpfdPrrdZxWL7DkWzo1tP03L5c2zAHurYbeg6XPO2q6bnmzLaSao5Cl698qqcT3MjA/0?wx_fmt=jpeg,50岁以后,退休适应与再就业,退休后的身份与第二曲线,85,50岁以上,通用,好奇/实用,获得信息,事件切入型,921432_微信24h热文榜_20260920.xlsx,唯一,引用历史老年主题分类或规则映射
T0405,2026-09-15,2026-09-15,1,59000,59000,你需要工作多少天，才能买上🍎,,2026-09-15 14:00:08,https://mp.weixin.qq.com/s?__biz=MzcwNjE4Mzc3Ng==&mid=2247485419&idx=1&sn=21f9f7f47337417a9956cd96b694849c,http://mmbiz.qpic.cn/mmbiz_jpg/94qElcTU3PdHnOA38aU6JdYzBzSPU7eTuE3mJBye0M30ib0t9BJKJBfnrMO9LHgubY0TsZN83mnzIFcickTkInsiapG82DRnOW0OneyM6PhrvU/0?wx_fmt=jpeg,50岁以后,退休适应与再就业,退休后的身份与第二曲线,85,50岁以上,通用,好奇/实用,获得信息,事件切入型,921432_微信24h热文榜_20260915.csv,唯一,引用历史老年主题分类或规则映射
T0299,2026-09-10,2026-09-10,1,59000,59000,女篮世界杯中国对波多黎各：即便再赢球，也没必要对教练反转得那么快,,2026-09-10 14:00:08,https://mp.weixin.qq.com/s?__biz=MzU3OTczMzEzOQ==&mid=2247485421&idx=1&sn=7651d4b6d9de22eae37c6374cded069d,https://mmbiz.qpic.cn/mmbiz_jpg/pDBmfLOfDyUicmKENNXNNVlBRxiaw9z2DrbqdiaIvbxf0B8u4Xh5ukysCibYKEzRuBmdz2X9wibsy5v9HnO5RQQcWVtKbHSgnic94bxbqWEtu5mfc/0?wx_fmt=jpeg,50岁以后,其他,熟龄人群的日常见闻,20,泛人群,通用,好奇/实用,获得信息,事件切入型,921432_微信24h热文榜_20260910.csv,唯一,未命中历史老年主题分类，保留待人工判断
T0263,2026-09-09,2026-09-09,1,59000,59000,这是什么？？？,,2026-09-09 14:00:09,https://mp.weixin.qq.com/s?__biz=MzcwNTE2MDc1Nw==&mid=2247485602&idx=1&sn=1c8c41270f21f32cc17e7c175f4094f7,http://mmbiz.qpic.cn/sz_mmbiz_jpg/SfvJsLY222QJJbKOuHVjXnwlwpFfX5msYaYpgzWle6zquNGbbBnpGEZ7mmYUsZud4eja4yatAmTK8Urv2TicFFibiaJ5aKHAgPJZbWnGXibWKQc/0?wx_fmt=jpeg,50岁以后,其他,熟龄人群的日常见闻,20,泛人群,通用,好奇/实用,获得信息,问题型,921432_微信24h热文榜_20260909.csv,唯一,未命中历史老年主题分类，保留待人工判断
T0233,2026-09-08,2026-09-08,1,59000,59000,三个完全不同时代、不同风格的男人，居然同台了！,,2026-09-08 14:00:10,https://mp.weixin.qq.com/s?__biz=MzcwNDE4MTkzMw==&mid=2247486030&idx=1&sn=242de892bf8ea576d231b9f63a4d5996,http://mmbiz.qpic.cn/sz_mmbiz_jpg/mkacf5KIV5aVZbot8h80Gn7yxTpP5icSIQ2Tg0QqBXQjaPXb5GOBMF9JWULdKwELjVrTQMRGBia9Ca3X9HLzAkkC7Bw689Jknj9GBYX2XCHaI/0?wx_fmt=jpeg,50岁以后,其他,熟龄人群的日常见闻,20,泛人群,男性偏强,好奇/实用,获得信息,事件切入型,921432_微信24h热文榜_20260908.csv,唯一,未命中历史老年主题分类，保留待人工判断
T0173,2026-09-06,2026-09-06,1,59000,59000,一对四不落下风的“暴徒”龙医生，火了！,,2026-09-06 14:00:09,https://mp.weixin.qq.com/s?__biz=MzI5OTQ5MTEzNQ==&mid=2247487743&idx=1&sn=d4ec3f1e50f3ea8ceb465d8a39342ac9,http://mmbiz.qpic.cn/sz_mmbiz_jpg/2Lhia11XTlQvibcKf1kn3ZbIrvibtibbMnbUoiaicfckZ2sqoyLUJ7uu6JbfpRu6NPkbxhQTbW9XA846AtzAnrV7F0JQQwazuwXbPibs2ThGiatxB44/0?wx_fmt=jpeg,50岁以后,其他,熟龄人群的日常见闻,20,泛人群,通用,好奇/实用,获得信息,事件切入型,921432_微信24h热文榜_20260906.csv,唯一,未命中历史老年主题分类，保留待人工判断
T0110,2026-09-04,2026-09-04,1,59000,59000,高架桥的夹缝里居然藏着一个家？拉近镜头的那一刻，我突然沉默了,,2026-09-04 14:00:08,https://mp.weixin.qq.com/s?__biz=MzYzNzg0MDgyMQ==&mid=2247484195&idx=1&sn=e44ba2ef2841025ff7befec1b6ea5d70,https://mmbiz.qpic.cn/sz_mmbiz_jpg/UOEPdKMAruOqMJKRcJ1vEtdshpbb0w7ddz8Yw2kfSf10zAOxzkxFISq0F0XethUZaiaswxoWdBPWrIBpEDVeYMIPwKMb8G5wrM2bouJfUAgE/0?wx_fmt=jpeg,50岁以后,其他,熟龄人群的日常见闻,20,泛人群,通用,好奇/实用,获得信息,问题型,921432_微信24h热文榜_20260904.csv,唯一,未命中历史老年主题分类，保留待人工判断
T0406,2026-09-15,2026-09-15,1,58000,58000,当宁波12号线试运行遇上开渔节,,2026-09-15 14:00:08,https://mp.weixin.qq.com/s?__biz=MzU2MzYyODk1Nw==&mid=2247492351&idx=1&sn=97bfa0ec6ef25b34542b55e1d64794c2,http://mmbiz.qpic.cn/sz_mmbiz_jpg/j5IsBXk1GicKEJBWxtT26wHCTPSzsULgmQbqrOMNl0YhgmIYA6Evk54qicYsxnCMqiaw2r9HeERgMibzVx9zz1W4qO6k6e3WakR6q1rFCylJ0E8/0?wx_fmt=jpeg,50岁以后,其他,熟龄人群的日常见闻,20,泛人群,通用,好奇/实用,获得信息,事件切入型,921432_微信24h热文榜_20260915.csv,唯一,未命中历史老年主题分类，保留待人工判断
T0234,2026-09-08,2026-09-08,1,58000,58000,199元三次入园权益卡重磅推出！,,2026-09-08 14:00:10,https://mp.weixin.qq.com/s?__biz=MjM5OTEwMzU2OA==&mid=2651671392&idx=1&sn=4bad69ef6b2cccad58d067748de2ff4f,https://mmbiz.qpic.cn/sz_mmbiz_jpg/pJCfKEz3IOhdVasnAiaP9oKuNZYo5m91jMouKicdcByrgyFOQSowiaz1ia0JZl54ZNHnftYdh9GCO81q9v0w5WILVgfO54eSd0dXQuVo0WGIicTM/0?wx_fmt=jpeg,50岁以后,其他,熟龄人群的日常见闻,20,泛人群,通用,好奇/实用,获得信息,事件切入型,921432_微信24h热文榜_20260908.csv,唯一,未命中历史老年主题分类，保留待人工判断
T0235,2026-09-08,2026-09-08,1,58000,58000,他是长征路上最小的红军，也是贺龙的亲外甥,,2026-09-08 14:00:10,https://mp.weixin.qq.com/s?__biz=MzYzODU1NTYwOQ==&mid=2247485818&idx=1&sn=2560efacdd4367b9d09cb7ca55af9341,http://mmbiz.qpic.cn/mmbiz_jpg/9tNBPrelSSEyL9r02azKoSFHN1JRJt4KhQToMkXCE8VibdSe7bMtdOIgEicFOqzf6ibvtDV1rggXKOcQ3Mz1Q5Y8zSH09ibOSZ5EDCZ8oSOOvQg/0?wx_fmt=jpeg,50岁以后,其他,熟龄人群的日常见闻,20,泛人群,通用,好奇/实用,获得信息,事件切入型,921432_微信24h热文榜_20260908.csv,唯一,未命中历史老年主题分类，保留待人工判断
T0236,2026-09-08,2026-09-08,1,58000,58000,被封13个月、掉粉900万，旺仔小乔还是回来了：网红塌房，为什么越来越像“休假”？,,2026-09-08 14:00:10,https://mp.weixin.qq.com/s?__biz=MzI5ODAzODkyNA==&mid=2455595444&idx=1&sn=1cad45ac30eee43c974150a4f09686df,https://mmbiz.qpic.cn/sz_mmbiz_jpg/jaibm56bJIgHnOJlGfMl2klBAn1ycIPQlzTx81ia2joUYiaJic8zXUso66gPmU48nuT6jo5t09IUBI4X6JM2gSJ4FYUZzNKHTN7r8dctGr429bQ/0?wx_fmt=jpeg,50岁以后,其他,熟龄人群的日常见闻,20,泛人群,通用,好奇/实用,获得信息,问题型,921432_微信24h热文榜_20260908.csv,唯一,未命中历史老年主题分类，保留待人工判断
T0237,2026-09-08,2026-09-08,1,58000,58000,为了逃避剃毛，这只羊离家出走6年，被找到后反倒因羊毛成为网红,,2026-09-08 14:00:10,https://mp.weixin.qq.com/s?__biz=Mzk0MDU5MzY3OQ==&mid=2247497040&idx=1&sn=09c2fda52b67b63845e371ae1f4d63a8,https://mmbiz.qpic.cn/mmbiz_jpg/XKLaFoYYzjXicQWFOAS2hf44UdgQEjKicLwGVSaso1aU03PcJ7Bc443hmq7b3CtmMicq05VGwOxWoTWRstroQBnc7eo1EPgr8kSoRTmv8TvkxQ/0?wx_fmt=jpeg,50岁以后,其他,熟龄人群的日常见闻,20,泛人群,通用,好奇/实用,获得信息,事件切入型,921432_微信24h热文榜_20260908.csv,唯一,未命中历史老年主题分类，保留待人工判断
T0199,2026-09-07,2026-09-07,1,58000,58000,姗姗来迟的教龄津贴调整终于来了！,,2026-09-07 14:00:14,https://mp.weixin.qq.com/s?__biz=Mzk3NTA1ODQxNg==&mid=2247490328&idx=1&sn=55b60198fb22165b21631cfaec6264b8,https://mmbiz.qpic.cn/mmbiz_jpg/CK7xLxSicEEpqtQhGdY3SI80Mian7nEEGojuYSFuL4L3nn0WK31aeXpGmPu62rmicBMibAAL6H1oJ1GiaBQ2mX38mSJL5lsaCTlTc4Kzwfxug04A/0?wx_fmt=jpeg,50岁以后,其他,熟龄人群的日常见闻,20,泛人群,通用,好奇/实用,获得信息,事件切入型,921432_微信24h热文榜_20260907.csv,唯一,未命中历史老年主题分类，保留待人工判断
T0174,2026-09-06,2026-09-06,1,58000,58000,一群蜜蜂，修复了一件破碎的陶器，最后变成价值不菲的艺术品,,2026-09-06 14:00:09,https://mp.weixin.qq.com/s?__biz=MzAwNDgwNDYwNQ==&mid=2650567952&idx=1&sn=8f46ded3173e88a6c7c2f24b75193aed,https://mmbiz.qpic.cn/sz_mmbiz_jpg/1wd8TSCaGpURQQcBicgzQ9f5lkgljOiaVzEUQ6lxnBdT6KMrGniax2vSO5qwbFQhcHwCEygDQ4ZBA7gia1eUB9xhwTXLGV2Jp7b0EV1Zlj0x89M/0?wx_fmt=jpeg,50岁以后,其他,熟龄人群的日常见闻,20,泛人群,通用,好奇/实用,获得信息,事件切入型,921432_微信24h热文榜_20260906.csv,唯一,未命中历史老年主题分类，保留待人工判断
T0146,2026-09-05,2026-09-05,1,58000,58000,年底前，大规模巡视开启,,2026-09-05 14:00:09,https://mp.weixin.qq.com/s?__biz=MzU3NDM0MDYzOQ==&mid=2247500264&idx=1&sn=401070a6c6b482291a2e952453897b4c,https://mmbiz.qpic.cn/sz_mmbiz_jpg/7wU8WUSB9xD8Iod0niasKx0WqLLUXoUoltqNcREEORZAwxApgDMo1m3US0pXOtBicuR2lrNLr3pLYwL2upIlbibic4RDrbcnWYmYcEW6agje5vk/0?wx_fmt=jpeg,50岁以后,其他,熟龄人群的日常见闻,20,泛人群,通用,好奇/实用,获得信息,事件切入型,921432_微信24h热文榜_20260905.csv,唯一,未命中历史老年主题分类，保留待人工判断
T0147,2026-09-05,2026-09-05,1,58000,58000,通知｜取消岚图梦想家9预售发布会！,,2026-09-05 14:00:09,https://mp.weixin.qq.com/s?__biz=Mzg2NjgyMDE3OQ==&mid=2247598954&idx=1&sn=99fd9c44a6c1fcbdbe73bc7a84fb2f8b,https://mmbiz.qpic.cn/mmbiz_jpg/tLjjYWrt2kXOG7AtCqZbVsP2HCEvS6YpibTahGdjtlue7LKv5WlERa07dmh2RrZib5F7ELUiaFGBkl7aCRj7QfpsRE3Jgubf9DhWBJqOu81Ycc/0?wx_fmt=jpeg,50岁以后,其他,熟龄人群的日常见闻,20,泛人群,通用,好奇/实用,获得信息,事件切入型,921432_微信24h热文榜_20260905.csv,唯一,未命中历史老年主题分类，保留待人工判断
T0148,2026-09-05,2026-09-05,1,58000,58000,张柏芝，再漂亮的女明星都抗不住岁月的洗礼，但是柏芝算个抗的住…,,2026-09-05 14:00:09,https://mp.weixin.qq.com/s?__biz=MzY5OTI1NjU5OA==&mid=2247486174&idx=1&sn=7059e4e68ce676557fddf6a3833791f9,http://mmbiz.qpic.cn/sz_mmbiz_jpg/bW1oCLOlyARDa4RD8ZJwWangNEPTiaFSvBg8XndRwq7VVwVrl7uI24LPibRW6KWSpfo6QKHibeYblNc2LgW6JXnSTO8icgicgibqLLzOb0C4T9ZRA/0?wx_fmt=jpeg,女人的下半场,女性年龄与自我认同,女人年龄与自我价值,85,50岁以上,通用,好奇/实用,自我认同,数字切入型,921432_微信24h热文榜_20260905.csv,唯一,引用历史老年主题分类或规则映射
T0149,2026-09-05,2026-09-05,1,58000,58000,我的非洲之心啊,,2026-09-05 14:00:09,https://mp.weixin.qq.com/s?__biz=MzYzNTY5MjY1OA==&mid=2247484049&idx=1&sn=4367ddc41142494c0623b9aaebee059c,http://mmbiz.qpic.cn/mmbiz_jpg/vDVMc9ick96MUy43bZ0p2jbIh4KXQ1kaNG1ogN1xVoHn3OCGREJO4ibKfgqJFyxNf8ZVeibc8xB8xUEP6X5VtnrXod010P7840icZ22Q5s362JA/0?wx_fmt=jpeg,50岁以后,其他,熟龄人群的日常见闻,20,泛人群,通用,好奇/实用,获得信息,故事型,921432_微信24h热文榜_20260905.csv,唯一,未命中历史老年主题分类，保留待人工判断
T0470,2026-09-21,2026-09-21,2,57000,57000,如果小区楼上有人过世，在客厅设灵堂，楼下千万别硬熬，不妨暂时避一避,,2026-09-21 14:00:09,https://mp.weixin.qq.com/s?__biz=MzYzMjg5MTQ1OA==&mid=2247484421&idx=1&sn=b9ac676fd8c68c67fc65c1bd7152b49d,https://mmbiz.qpic.cn/sz_mmbiz_jpg/wQicuMPM2bvZoUhg3oy3mLgzlEJPITTNlajMhicox7mDYM37ImKicyFzpZIa4RU0eicEbVaIIKaFUnP2f3fa6DmUgjWdJKFlKVbwXx6gO5iaR9MA/0?wx_fmt=jpeg,50岁以后,其他,熟龄人群的日常见闻,20,泛人群,通用,好奇/实用,获得信息,提醒警示型,921432_微信24h热文榜_20260921.csv;921432_微信24h热文榜_20260921.xlsx,重复上榜：保留最高热度,未命中历史老年主题分类，保留待人工判断
T0437,2026-09-20,2026-09-20,1,57000,57000,胖东来标准——工程界从此多了一种新标准,,2026-09-20 14:00:07,https://mp.weixin.qq.com/s?__biz=MzAxMTk3NjE1Mw==&mid=2247497855&idx=1&sn=d70194a3c43dfcc7282cf7f8ecb8c3df,http://mmbiz.qpic.cn/sz_mmbiz_jpg/8NosVdZWZlicEg1gstkDhpYibYbMPCxX5OujDmPRibH0xxjnhXGjR0cmL0JERtrWd5qL0vesBTsOzJ9Rib7PbN2sPBwwxk4XvV13Juzkm8qiakW4/0?wx_fmt=jpeg,50岁以后,其他,熟龄人群的日常见闻,20,泛人群,通用,好奇/实用,获得信息,事件切入型,921432_微信24h热文榜_20260920.xlsx,唯一,未命中历史老年主题分类，保留待人工判断
T0438,2026-09-20,2026-09-20,1,57000,57000,"油价忽然下跌！9月19日调价后92,95号汽油价格，蛋价承压，报复性下跌？",,2026-09-20 14:00:07,https://mp.weixin.qq.com/s?__biz=MzU5NDA1MzQxNA==&mid=2247611092&idx=4&sn=39d83de3ae4ec8c66f7832f970fb31f1,https://mmbiz.qpic.cn/sz_mmbiz_jpg/WR3XgHGicFITcowsIHjQzS06GKTvYyh992Zqc20jiblC1XqtVxLvxWYJVZ70KFxbbUvcBNok8ibujV3K2hnDCxK76MY6iawoaNw8VINiblPSj73w/0?wx_fmt=jpeg,50岁以后,其他,熟龄人群的日常见闻,20,泛人群,通用,好奇/实用,获得信息,问题型,921432_微信24h热文榜_20260920.xlsx,唯一,未命中历史老年主题分类，保留待人工判断
T0439,2026-09-20,2026-09-20,1,57000,57000,震撼！中科院院士郑泉水：一千多位高考状元，几乎没有人成为顶尖人才！孩子到底该怎么培养？,,2026-09-20 14:00:07,https://mp.weixin.qq.com/s?__biz=MzA5OTk3Mjc2Mg==&mid=2650654809&idx=1&sn=4dc01dd829d5ccd94f4373d97d2466bb,https://mmbiz.qpic.cn/sz_mmbiz_jpg/DhFgD6kmw09hLwrvqL6OEPY6E59BREbTYUHhtKcmAtQFwwLDfFCRokZXhuCh9jFZB11iamkMejCtS74MZsNxPgDyewyRiarbbp72VfP8qKIFk/0?wx_fmt=jpeg,50岁以后,代际关系与家庭边界,子女关系与家庭边界,85,50岁以上,通用,情感共鸣,关系处理,问题型,921432_微信24h热文榜_20260920.xlsx,唯一,引用历史老年主题分类或规则映射
T0407,2026-09-15,2026-09-15,1,57000,57000,2026养老金调整最新消息，9月14号，人社部财政部官网最新动态,,2026-09-15 14:00:08,https://mp.weixin.qq.com/s?__biz=MzYzNDQ2MTIxMw==&mid=2247484686&idx=1&sn=3bd8285fa12902937ad4ecff93f2e9e0,https://mmbiz.qpic.cn/sz_mmbiz_jpg/yazvoDMdO7IBgygnKrrK0TmICI4GZe9fektRTOoOpuPrRUwcQZltN0icNYpSDwLGU7cibGsPcGT2p61uLGdMKr9gA9MLiazoI2utRkZGplyGhY/0?wx_fmt=jpeg,50岁以后,养老金与医保,退休后的钱与保障,85,50岁以上,通用,好奇/实用,降低风险,事件切入型,921432_微信24h热文榜_20260915.csv,唯一,引用历史老年主题分类或规则映射
T0408,2026-09-15,2026-09-15,1,57000,57000,16岁女孩游泳后怀孕，妈妈欲游泳馆索赔50万，医生：游泳不可能怀孕！好好问问你女儿,,2026-09-15 14:00:08,https://mp.weixin.qq.com/s?__biz=Mzk0NTE2NDcyNw==&mid=2247510077&idx=1&sn=b1397cbbf0bcf05ba19be1b5c9940629,https://mmbiz.qpic.cn/mmbiz_jpg/CSEUmHOQ2FT2sGw8qibuthyUEXoBWb3NEZY6QmyFE1YdfSlqmt7zic8aksOZicL1wyNMFgD5cBXbia8gLFKLMpYBuL7cwuicQudkT3iciboOsz0rBc/0?wx_fmt=jpeg,50岁以后,代际关系与家庭边界,子女关系与家庭边界,85,50岁以上,女性偏强,好奇/实用,关系处理,数字切入型,921432_微信24h热文榜_20260915.csv,唯一,引用历史老年主题分类或规则映射
T0384,2026-09-14,2026-09-14,1,57000,57000,女军官的离婚率，T0级存在,,2026-09-14 14:00:08,https://mp.weixin.qq.com/s?__biz=MzkzNDczMzczMA==&mid=2247485595&idx=1&sn=fd63348f0b3b79a6de133482d0399e78,https://mmbiz.qpic.cn/sz_mmbiz_jpg/lSibY1ts9u7GsTuspyhTMOCzAhibZYD8G8Hqo0j4fQjr7UzSdrztMpFGDnaibiagZJ1Gn06hxLHxcslyPO1RShZjvpnC1HVzOtNnznWMDDl9elg/0?wx_fmt=jpeg,50岁以后,其他,熟龄人群的日常见闻,20,泛人群,通用,好奇/实用,获得信息,事件切入型,921432_微信24h热文榜_20260914.csv,唯一,未命中历史老年主题分类，保留待人工判断
T0264,2026-09-09,2026-09-09,1,57000,57000,丢人丢到全世界！上海赛车场大火 49 秒生死救援：外国车手冒死救人，官方保障全程拉胯。,,2026-09-09 14:00:09,https://mp.weixin.qq.com/s?__biz=MzkzMDUyODEwMw==&mid=2247485066&idx=1&sn=b6ae599e47068fb6fd300ad4a617f4df,https://mmbiz.qpic.cn/mmbiz_jpg/kQKMibabG5C8qc4YcYja1Myp22z29nqetq6RYShXBnTDtM0z9hkow4J7KqNmiaNBTHQ5c6xdbKYWQakL59UP02ibtJTNHIJ4EChX7rwpPBnZBE/0?wx_fmt=jpeg,50岁以后,其他,熟龄人群的日常见闻,20,泛人群,通用,好奇/实用,获得信息,事件切入型,921432_微信24h热文榜_20260909.csv,唯一,未命中历史老年主题分类，保留待人工判断
T0238,2026-09-08,2026-09-08,1,57000,57000,420厂输了，成飞赢了,,2026-09-08 14:00:10,https://mp.weixin.qq.com/s?__biz=MzU3Mzc4MjI5Nw==&mid=2247485335&idx=1&sn=8b6fcd61ffb4f4bb54b751718ddf01b8,https://mmbiz.qpic.cn/mmbiz_jpg/7BwFOQeicz92W4ntILcAS3axRvu09BnFmO7ry0ZYsICDCefUrym7KfdtqPYibUVpRDus7Fu90NibZfOqSDe6jlCklXx7fsDIsjmOHVKiacwiayZw/0?wx_fmt=jpeg,50岁以后,其他,熟龄人群的日常见闻,20,泛人群,通用,好奇/实用,获得信息,事件切入型,921432_微信24h热文榜_20260908.csv,唯一,未命中历史老年主题分类，保留待人工判断
T0200,2026-09-07,2026-09-07,1,57000,57000,全军罕见履历！45岁少将、52岁中将、59岁上将，执掌武警司令员整整十年,,2026-09-07 14:00:14,https://mp.weixin.qq.com/s?__biz=MzIwNzIxNTI2MQ==&mid=2247491953&idx=1&sn=5c20e36cb6e401ea7b279513515030e2,https://mmbiz.qpic.cn/mmbiz_jpg/GMgHWsicVn3ibvnOiayd6cu7wYSMJ66WPy2ibOQQYNG8OkHhSibMMgLc9GYLvrm4XFXNBW8L9tOgWWHb68jqRg66hHvldwn4bMJhOicNbMlDC4drY/0?wx_fmt=jpeg,50岁以后,其他,熟龄人群的日常见闻,20,泛人群,通用,好奇/实用,获得信息,数字切入型,921432_微信24h热文榜_20260907.csv,唯一,未命中历史老年主题分类，保留待人工判断
T0175,2026-09-06,2026-09-06,1,57000,57000,七十岁儿子，因照顾卧床不起的九十岁母亲，已经身心俱疲，得知四十岁女婿突发脑梗，心里一紧，又得了心梗，家里这么多难题，可该怎么解？,,2026-09-06 14:00:09,https://mp.weixin.qq.com/s?__biz=Mzg3Nzc1MDI3Mg==&mid=2247511478&idx=1&sn=e2c7c831517f26c757bd1559387354f3,https://mmbiz.qpic.cn/sz_mmbiz_jpg/2GbrXL7iaJClFdV5IibiaicnDkyU4icJ0fibxPB5a7urbicTSIVV3akzr9ibC02yN4BKTP6a8Gqj8R2iaswPTDcib6wYBRt0Laxcrl7NJmmeFnEOmKXjM/0?wx_fmt=jpeg,50岁以后,养老照护与居住,晚年照护与居住选择,85,50岁以上,男性偏强,好奇/实用,获得信息,问题型,921432_微信24h热文榜_20260906.csv,唯一,引用历史老年主题分类或规则映射
T0150,2026-09-05,2026-09-05,1,57000,57000,旺旺集团被曝计划裁员约1000人，员工曝光集团搞家族文化，称董事长蔡衍明多名子女任要职，员工主要任务是揣摩继承者心情陪其“演好戏”,,2026-09-05 14:00:09,https://mp.weixin.qq.com/s?__biz=MzI1NTMxODE5NQ==&mid=2247485026&idx=1&sn=08f52b7b38b40fe0b02809107a37e3b6,https://mmbiz.qpic.cn/mmbiz_jpg/oF784QHgbXrx81Yw9SvVDQAiaMib8d7roPmgydxXOS7yPvbz1xiayxia7EVtrwy00LZAyEzyUUu9gCxkXBY8d14SyfBmZGLFJ09wj54HwNgV37A/0?wx_fmt=jpeg,50岁以后,代际关系与家庭边界,子女关系与家庭边界,85,50岁以上,通用,好奇/实用,关系处理,事件切入型,921432_微信24h热文榜_20260905.csv,唯一,引用历史老年主题分类或规则映射
T0440,2026-09-20,2026-09-20,1,56000,56000,终于醒悟了：我们应该花十几万块建一套房子，留几百万来生活，而不是花几百万建一套房子，留十几万来生活,,2026-09-20 14:00:07,https://mp.weixin.qq.com/s?__biz=MzYzMjY0NzM0MA==&mid=2247485503&idx=1&sn=4854511a511d74e709360ddb117ba92a,https://mmbiz.qpic.cn/sz_mmbiz_jpg/XA2ibdo1hsaPAvYn00GW6vib4AHfDA1phe69qjksLftUCsDiaBRrXtYY7NXg9Tg3ZrsMibPZJiczKAuQaCe67NdKpChua7iatPqbGIunYyqseaV78/0?wx_fmt=jpeg,50岁以后,养老照护与居住,晚年照护与居住选择,85,50岁以上,通用,好奇/实用,获得信息,故事型,921432_微信24h热文榜_20260920.xlsx,唯一,引用历史老年主题分类或规则映射
T0342,2026-09-13,2026-09-13,1,56000,56000,便宜到我不敢买,,2026-09-13 14:00:07,https://mp.weixin.qq.com/s?__biz=MzUzOTc1MDEyOQ==&mid=2247485279&idx=1&sn=a06afb49f61f5ed351c3f7f5bbf93fff,http://mmbiz.qpic.cn/sz_mmbiz_jpg/clicJMu2IQwSEgQIiat7A1Dawas5ffib4DYg7VZQGFbnq0wibrxrW3uzGsia28YfxWdXpiaNLWaw6QnArxPm6kiaXKduxdbXibxIhs9Gzscox9CYb0Y/0?wx_fmt=jpeg,50岁以后,其他,熟龄人群的日常见闻,20,泛人群,通用,好奇/实用,获得信息,故事型,921432_微信24h热文榜_20260913.csv,唯一,未命中历史老年主题分类，保留待人工判断
T0343,2026-09-13,2026-09-13,1,56000,56000,对越反击战明明已经结束40多年，越南为什么至今仍保留北方防线？他们究竟在防什么？其实真正把它焊死在北方防线上的是另外三个原因！,,2026-09-13 14:00:07,https://mp.weixin.qq.com/s?__biz=MzUxNTkwNjUxMQ==&mid=2247522920&idx=1&sn=f9caa22293f35c8293fbe8c61ee6a43a,https://mmbiz.qpic.cn/mmbiz_jpg/q8yKdf4NkAgvJuCDcticmtPGky68y0f4oDTL5NBXGVI18ekyBzkkg5YeUkudZD0qzhevnL1lnibVz5ohibtjmAXqHp9JsXt0TtbQJYAA15rgoY/0?wx_fmt=jpeg,50岁以后,其他,熟龄人群的日常见闻,20,泛人群,通用,好奇/实用,获得信息,问题型,921432_微信24h热文榜_20260913.csv,唯一,未命中历史老年主题分类，保留待人工判断
T0300,2026-09-10,2026-09-10,1,56000,56000,昨天作者圈彻底炸锅了啊，番茄和起点很有默契的对作者们的发起了…,,2026-09-10 14:00:08,https://mp.weixin.qq.com/s?__biz=MzIxNDAxNzYxNA==&mid=2247484595&idx=1&sn=233002e53101486d6d385ed248adc48e,,50岁以后,其他,熟龄人群的日常见闻,20,泛人群,通用,好奇/实用,获得信息,事件切入型,921432_微信24h热文榜_20260910.csv,唯一,未命中历史老年主题分类，保留待人工判断
T0265,2026-09-09,2026-09-09,1,56000,56000,王晓慧这张脸，真的很有观众缘，出席威尼斯电影节活动，让全世界看到了什么叫中国温婉大气古典之美,,2026-09-09 14:00:09,https://mp.weixin.qq.com/s?__biz=Mzk3NTc3MjY5Mg==&mid=2247487593&idx=1&sn=73cc0bae08bef9d28b0057c578e81aaf,https://mmbiz.qpic.cn/mmbiz_jpg/Pbel2eg01BAklfZRzpNhVjRrW5ebrBUibjah9lunbg6jGsGtwqph2hdO4QOhL2bNcbAUj6nAUZUynTVlwDYuoInNAlcwaelaUrSTqvCODE7k/0?wx_fmt=jpeg,50岁以后,其他,熟龄人群的日常见闻,20,泛人群,通用,好奇/实用,获得信息,事件切入型,921432_微信24h热文榜_20260909.csv,唯一,未命中历史老年主题分类，保留待人工判断
T0239,2026-09-08,2026-09-08,1,56000,56000,今日白露，三吃三捂一定要做！,,2026-09-08 14:00:10,https://mp.weixin.qq.com/s?__biz=Mzk5MDgzNjMzNg==&mid=2247487512&idx=1&sn=8c88fe37dcf7c95ad490328d9373bf79,http://mmbiz.qpic.cn/sz_mmbiz_jpg/dVw6Fiav4ckBFmDCw8PqG7mDyV1jf4VKGYeWAHpZovwVPZHp3xnicoqIRjs5nibBzPZAgxuHWibAfEGlfESypyFP4J5zM9YFPsDoOQdjLgiaH7iag/0?wx_fmt=jpeg,50岁以后,健康饮食与运动,50岁后的健康管理,85,50岁以上,通用,好奇/实用,改善身体,事件切入型,921432_微信24h热文榜_20260908.csv,唯一,引用历史老年主题分类或规则映射
T0201,2026-09-07,2026-09-07,1,56000,56000,IFA展AI场景，赛场现品牌Logo：海尔智家在欧洲铺了一张什么网？,,2026-09-07 14:00:14,https://mp.weixin.qq.com/s?__biz=MzIyNDE2NjkzMQ==&mid=2650515902&idx=1&sn=106a2607cca452d360dd002655440a8f,https://mmbiz.qpic.cn/sz_mmbiz_jpg/weRbcTOEtpexY4JDO4ibE5drpYG0spiaFiaZq1LZzgIicy5tHp7PxSvDMj1nYn5gZiaWlQEDQzO9rCK2Rcf7JtyYVcjHN0kicUaY3icFcX2BlhaNiaA/0?wx_fmt=jpeg,50岁以后,其他,熟龄人群的日常见闻,20,泛人群,通用,好奇/实用,获得信息,问题型,921432_微信24h热文榜_20260907.csv,唯一,未命中历史老年主题分类，保留待人工判断
T0202,2026-09-07,2026-09-07,1,56000,56000,2026年养老金上调发放时间,,2026-09-07 14:00:14,https://mp.weixin.qq.com/s?__biz=MzE5ODQ3NzQ1Nw==&mid=2247497357&idx=1&sn=fbba0fd5f3d4beaa763d8d208ddd6df0,https://mmbiz.qpic.cn/sz_mmbiz_jpg/2O2ccR6uyMPercJiasPEs77Dt0ia0JmeUIViawrEjMQrR0RSF78Bp0gicPFgedRScaSrbcLrO65KHlib7nkEiaUNb5z0n5ibjDeWakVsemSKxuozgw/0?wx_fmt=jpeg,50岁以后,养老金与医保,退休后的钱与保障,85,50岁以上,通用,好奇/实用,降低风险,事件切入型,921432_微信24h热文榜_20260907.csv,唯一,引用历史老年主题分类或规则映射
T0203,2026-09-07,2026-09-07,1,56000,56000,美国博主看不懂中文菜单，开口邀陌生人吃饭！一桌人花40美元后，他才问：美国怎么连这个都没有？,,2026-09-07 14:00:14,https://mp.weixin.qq.com/s?__biz=MzYzNjk5ODk5OQ==&mid=2247488577&idx=1&sn=ffa662d88b838c65ef4891bb6ce3b108,https://mmbiz.qpic.cn/sz_mmbiz_jpg/jO1nj2rok9bfU6IorEBECib6M71Tvu4ibMDyEEm4UckbEZn6oic9OScqWdsib9tEHUTktbrRhw6pyYCiaQof6l1zibG0v7icxlWicb2tfJg6OibhKWbg/0?wx_fmt=jpeg,50岁以后,其他,熟龄人群的日常见闻,20,泛人群,通用,好奇/实用,获得信息,问题型,921432_微信24h热文榜_20260907.csv,唯一,未命中历史老年主题分类，保留待人工判断
T0176,2026-09-06,2026-09-06,1,56000,56000,人社部、财政部2026年养老金调整最新消息（截至9月5日）,,2026-09-06 14:00:09,https://mp.weixin.qq.com/s?__biz=MzcwNjM2Njc5MQ==&mid=2247484003&idx=1&sn=34cd2e389ebf4b3561c50f54622f548c,http://mmbiz.qpic.cn/sz_mmbiz_jpg/HwE45iagFgdFj7bvnCjaGgOA3Nf36JMRMb6lWKcmhicRPOSkgogZx2ZGzicyLhyAFcibVMmL6xE8Fazy7ouHrVn6hceR20Npu48vEW0BbCLUtts/0?wx_fmt=jpeg,50岁以后,养老金与医保,退休后的钱与保障,85,50岁以上,通用,好奇/实用,降低风险,事件切入型,921432_微信24h热文榜_20260906.csv,唯一,引用历史老年主题分类或规则映射
T0111,2026-09-04,2026-09-04,1,56000,56000,无锡朱女士败诉，给所有已婚女人上了最狠的一课,,2026-09-04 14:00:08,https://mp.weixin.qq.com/s?__biz=MzYzOTg5NjY4MA==&mid=2247485067&idx=1&sn=78db2e7778d85f728679eccfb035b639,https://mmbiz.qpic.cn/sz_mmbiz_jpg/AdJnUe6F7SyY61yyOjLxvVWnZDicdgFsu3qQ3xtDJjcqSfQ88pljdjsIwqGEF6QHQx7MudRRE4q9OTfTBleydMnnOIt7qQtAYiaoo0UD7KJGY/0?wx_fmt=jpeg,女人的下半场,女性年龄与自我认同,女人年龄与自我价值,85,50岁以上,女性偏强,好奇/实用,自我认同,事件切入型,921432_微信24h热文榜_20260904.csv,唯一,引用历史老年主题分类或规则映射
T0112,2026-09-04,2026-09-04,1,56000,56000,早上10点！CCTV5直播男篮亚运会揭幕战，取胜难度不大，19岁新星欲迎首秀,,2026-09-04 14:00:08,https://mp.weixin.qq.com/s?__biz=Mzg3MjEzMDI0NA==&mid=2247483937&idx=1&sn=564d985059314fc37f97d4a350b18e73,https://mmbiz.qpic.cn/mmbiz_jpg/QtZz2EmydeqF9aUqRrr8NFjsppr9pGXwcCHOBINYhqDk8JzFoJfopzoBEExcMzReQttHvFHbOnPYSfCu3wlPzYkPQxlJEarfJqxh3jxuvhY/0?wx_fmt=jpeg,50岁以后,其他,熟龄人群的日常见闻,20,泛人群,通用,好奇/实用,获得信息,数字切入型,921432_微信24h热文榜_20260904.csv,唯一,未命中历史老年主题分类，保留待人工判断
T0113,2026-09-04,2026-09-04,1,56000,56000,修水渠挖出3根“废铁”，包工头300块卖了，考古队追了3个省——追回一根，另一根永远消失了,,2026-09-04 14:00:08,https://mp.weixin.qq.com/s?__biz=MzkwNjYxMDI4OQ==&mid=2247500053&idx=1&sn=36d9c628bc7d0430bfd7c57751ae25e2,https://mmbiz.qpic.cn/sz_mmbiz_jpg/s0D2micbQKROc2X79MKATjFr6Hr6WRBBFdibosDpYPJlufmmiatfG9DpyWLNEpHIXm8hfq4LEt59PeJ9DOvZuZ9SLjkpoUBxO9TVFPzulfTalE/0?wx_fmt=jpeg,50岁以后,其他,熟龄人群的日常见闻,20,泛人群,通用,好奇/实用,获得信息,事件切入型,921432_微信24h热文榜_20260904.csv,唯一,未命中历史老年主题分类，保留待人工判断
T0471,2026-09-21,2026-09-21,2,55000,55000,小萨勒曼引狼入室,,2026-09-21 14:00:09,https://mp.weixin.qq.com/s?__biz=MzI2MDAxMTc2Mw==&mid=2247490930&idx=1&sn=e690b658871fbf705313bf97a526d46a,https://mmbiz.qpic.cn/mmbiz_jpg/icqSnlTV3ibu31iaE0icx9hboNibkjCIxSSic1XG8ib3GiaJtTcx4uTxnozxuTjvRz3lZIOSYVEUBP4dv5nzhVia0YiccdKVzycIMoMjZ6Apu5ibicpQCjM/0?wx_fmt=jpeg,50岁以后,其他,熟龄人群的日常见闻,20,泛人群,通用,好奇/实用,获得信息,事件切入型,921432_微信24h热文榜_20260921.csv;921432_微信24h热文榜_20260921.xlsx,重复上榜：保留最高热度,未命中历史老年主题分类，保留待人工判断
T0441,2026-09-20,2026-09-20,1,55000,55000,男女一旦有了亲密就成了暗夫妻，看完这段话就明白了,,2026-09-20 14:00:07,https://mp.weixin.qq.com/s?__biz=MzYzNjMzNTc4Mw==&mid=2247484816&idx=1&sn=b279a32d8a15285cd8027f1b8d8939e4,https://mmbiz.qpic.cn/mmbiz_jpg/l9JUcUnj7bjgPibjvg6mic41tLBMjztwfrqLGJPl5YdV7LywLnFzUTianFbs1m4XdQ491zTYeEuUh1yfloCUiasFcC3iaXZmnNibsvzj7VnsHABR8/0?wx_fmt=jpeg,50岁以后,晚年婚姻与亲密关系,晚年伴侣与亲密边界,85,50岁以上,通用,情感共鸣,关系处理,事件切入型,921432_微信24h热文榜_20260920.xlsx,唯一,引用历史老年主题分类或规则映射
T0442,2026-09-20,2026-09-20,1,55000,55000,女生永不贬值的资产！,,2026-09-20 14:00:07,https://mp.weixin.qq.com/s?__biz=MzYzNDcyMTc0OQ==&mid=2247487393&idx=1&sn=bcbbba9ef7e210d1189fe169ffe7dec5,http://mmbiz.qpic.cn/sz_mmbiz_jpg/iaTm7RGJlnHM2BeuJxrVqXcNw35zK5oWJSBMtEW5VrPBk0wL8Cde6gQ4lrp4Vd9bupcEUwQY7RvBBsXz13QsuRhvqqxgQNELSfmaUJ64Ndjo/0?wx_fmt=jpeg,50岁以后,其他,熟龄人群的日常见闻,20,泛人群,通用,好奇/实用,获得信息,事件切入型,921432_微信24h热文榜_20260920.xlsx,唯一,未命中历史老年主题分类，保留待人工判断
T0344,2026-09-13,2026-09-13,1,55000,55000,50多岁女人坦言：除了丈夫，异性之间存在一种玄学现象，你有吗？,,2026-09-13 14:00:07,https://mp.weixin.qq.com/s?__biz=MjM5ODkzNTQyOQ==&mid=2653619156&idx=2&sn=89a76edcc64da3bc32fdad63f11258ad,https://mmbiz.qpic.cn/sz_mmbiz_jpg/twxZrzbsibL7WBUGicSN7icemdWVTpRC8UYbYVs4Ns8pibAdk4QrPHtm2NQ1Lb0ucGibY5cL6D4pzPJXiaFticLeCvtXCtjXLQLvSt8CwNqVwqfoUg/0?wx_fmt=jpeg,女人的下半场,晚年婚姻与亲密关系,晚年伴侣与亲密边界,85,50岁以上,女性偏强,好奇/实用,关系处理,问题型,921432_微信24h热文榜_20260913.csv,唯一,引用历史老年主题分类或规则映射
T0266,2026-09-09,2026-09-09,1,55000,55000,虽告别军营，依旧英姿飒爽,,2026-09-09 14:00:09,https://mp.weixin.qq.com/s?__biz=MzY5MjIwNjM0NA==&mid=2247484915&idx=1&sn=477d1f6f8ca8fc611d43798295064de5,http://mmbiz.qpic.cn/sz_mmbiz_jpg/TpYpWwhg4bUjIicD3S2AXVnJBwUwUPoZF70k4Jt5icGsMkaomiaZAnT7ib6B0gReImxEKWXTHA6R7g50W8MkQIBfM26icq2Oia4cEFmTzoRlqiaXw0/0?wx_fmt=jpeg,50岁以后,身后安排与告别,晚年告别与身后安排,85,50岁以上,通用,情感共鸣,获得信息,提醒警示型,921432_微信24h热文榜_20260909.csv,唯一,引用历史老年主题分类或规则映射
T0267,2026-09-09,2026-09-09,1,55000,55000,大衣哥朱之文被投诉了！投诉理由是穿地主装唱红歌《我的祖国》，网友：先普及一下什么是爱国服装,,2026-09-09 14:00:09,https://mp.weixin.qq.com/s?__biz=MzkzMzkzNTY4Nw==&mid=2247500229&idx=2&sn=da21273798edf10a823ccf779fba6739,https://mmbiz.qpic.cn/mmbiz_jpg/M5H82XuSHY5nXZ9ltTicl8hmpD5ZWyGU2XlISLAyAVqlMAuY11huicW72w90tdL6uDrmQFUyrIlmRVpgIHOicqNyR7JAwicnSFNvp1wmeJl7Tqw/0?wx_fmt=jpeg,50岁以后,其他,熟龄人群的日常见闻,20,泛人群,通用,好奇/实用,获得信息,故事型,921432_微信24h热文榜_20260909.csv,唯一,未命中历史老年主题分类，保留待人工判断
T0268,2026-09-09,2026-09-09,1,55000,55000,9种摩托发动机，谁才是车迷心中的神机？,,2026-09-09 14:00:09,https://mp.weixin.qq.com/s?__biz=MzIwNDQ0MzEwOA==&mid=2247496841&idx=1&sn=3fa1de277a9ac36d3c4b9b7bf4321c1a,https://mmbiz.qpic.cn/sz_mmbiz_jpg/nNHCUDDhicvkNUf7iadZA9E4fRicY1F7LDcev9DHHaCicibECxamY3PRGNC9vF5ULvrD0Z4Ip53fWhPSWGKbs2abuJxeZsGlOxs1PYcuB6kWam9U/0?wx_fmt=jpeg,50岁以后,其他,熟龄人群的日常见闻,20,泛人群,通用,好奇/实用,获得信息,问题型,921432_微信24h热文榜_20260909.csv,唯一,未命中历史老年主题分类，保留待人工判断
T0269,2026-09-09,2026-09-09,1,55000,55000,许家印被判无期半个月后：450亿美元境外债，追回来的只有2.55亿！,,2026-09-09 14:00:09,https://mp.weixin.qq.com/s?__biz=MzAwODA5NzYxNQ==&mid=2653298487&idx=2&sn=bc1d0ea773a70a9b7bb7a93b952cae79,https://mmbiz.qpic.cn/sz_mmbiz_jpg/TqnHQHMl6ZggQwiaW16Qh1icpZKW8vKUvD7viaxh8G7kWmdo0Bw8s6hlV0o8icoW1N7X1ib3eJ7NgHmWM5jMCfOicBFLg5NtgaoDD9nKKFkmw8kgA/0?wx_fmt=jpeg,50岁以后,其他,熟龄人群的日常见闻,20,泛人群,通用,好奇/实用,获得信息,事件切入型,921432_微信24h热文榜_20260909.csv,唯一,未命中历史老年主题分类，保留待人工判断
T0240,2026-09-08,2026-09-08,1,55000,55000,穿成这样乘公交，合适吗？,,2026-09-08 14:00:10,https://mp.weixin.qq.com/s?__biz=MzkxNDI0ODAxMQ==&mid=2247509885&idx=5&sn=87d0c2ced3d0d1d564a254e75eea9864,https://mmbiz.qpic.cn/sz_mmbiz_jpg/gpsxvcSnibPtReVAPmuutU1YQoWsqzkFCHWLIUXvPGbePsYuSYT7yljY1ibDWbBSmqvD1jknbVLHUcoJY49znyN9IFiaibPtlCfUIS6BicUTiaKq8/0?wx_fmt=jpeg,50岁以后,其他,熟龄人群的日常见闻,20,泛人群,通用,好奇/实用,获得信息,问题型,921432_微信24h热文榜_20260908.csv,唯一,未命中历史老年主题分类，保留待人工判断
T0204,2026-09-07,2026-09-07,1,55000,55000,苏超 寇程 可惜了（liao）,,2026-09-07 14:00:14,https://mp.weixin.qq.com/s?__biz=MzcwMDEwNzU4NQ==&mid=2247486357&idx=1&sn=30802fe60a4ba4d665c411103f826b71,http://mmbiz.qpic.cn/sz_mmbiz_jpg/j9MyVhwXbBdVo1JJhRLdTts0ZysQica1GkE5oE8QgOuWfjoQtHMLnFvyJnUZo2gKkq7vYvpR44I202e5dvQ2oAANy2xf0eaeb7WQq8k1vMibo/0?wx_fmt=jpeg,50岁以后,其他,熟龄人群的日常见闻,20,泛人群,通用,好奇/实用,获得信息,事件切入型,921432_微信24h热文榜_20260907.csv,唯一,未命中历史老年主题分类，保留待人工判断
T0205,2026-09-07,2026-09-07,1,55000,55000,疯了！现在短剧都卷到1000集了：这还叫“短剧”吗？,,2026-09-07 14:00:14,https://mp.weixin.qq.com/s?__biz=MzI5ODc5ODk1Ng==&mid=2247508727&idx=1&sn=77aa2dde490673f07d636579ac25c452,https://mmbiz.qpic.cn/mmbiz_jpg/9FwpBJQibot9lM5PZzkiaMqOkwZOianFHMBOka70ja7Z3TetgqDF6A5YzicXiagic9aYomLwPGB81clqGnSCcbdCHIHSpKGNqmbNAfH9VaGwcO1zE/0?wx_fmt=jpeg,50岁以后,其他,熟龄人群的日常见闻,20,泛人群,通用,好奇/实用,获得信息,问题型,921432_微信24h热文榜_20260907.csv,唯一,未命中历史老年主题分类，保留待人工判断
T0206,2026-09-07,2026-09-07,1,55000,55000,关于严厉打击2026年一建弃考、裸考的公告！,,2026-09-07 14:00:14,https://mp.weixin.qq.com/s?__biz=MzYyNDk1NTU3Mw==&mid=2247603044&idx=1&sn=853357aeb3d5942db2bb7e77d3457d74,https://mmbiz.qpic.cn/mmbiz_jpg/mtfYmibEDbQfbicMJlNvYJicAz4Epkc7oXz35L441eZmIVFLaNrZzSbbRUZd7hdtss3SzSe7Uk6bUK68mgeicOalhQ/0?wx_fmt=jpeg,50岁以后,其他,熟龄人群的日常见闻,20,泛人群,通用,好奇/实用,获得信息,事件切入型,921432_微信24h热文榜_20260907.csv,唯一,未命中历史老年主题分类，保留待人工判断
T0177,2026-09-06,2026-09-06,1,55000,55000,评选宁波大学2026年最美军训方队，为全班赢取文创和班费吧！,,2026-09-06 14:00:09,https://mp.weixin.qq.com/s?__biz=Mzk0Mjc1MDE1OQ==&mid=2247493912&idx=1&sn=ffe9e0228fdeb41e9c84033ec584c88f,https://mmbiz.qpic.cn/sz_mmbiz_jpg/8AaOKdYqMicib04OhFSibE9dthEZt2vcjlhNd4PWNHibE7TUGxRAPKumibibM7MNEJkq4FqwuuSmye9ngau0nBORNW4od83WXsp0NFib5D5s6KliaAk/0?wx_fmt=jpeg,50岁以后,其他,熟龄人群的日常见闻,20,泛人群,通用,好奇/实用,获得信息,事件切入型,921432_微信24h热文榜_20260906.csv,唯一,未命中历史老年主题分类，保留待人工判断
T0114,2026-09-04,2026-09-04,1,55000,55000,原来还可以这样吃，好吃到破防！！,,2026-09-04 14:00:08,https://mp.weixin.qq.com/s?__biz=MzYzMzg5ODY1Ng==&mid=2247485506&idx=3&sn=3e878355ed64890141089ed4e0adcf66,https://mmbiz.qpic.cn/sz_mmbiz_jpg/oqK0H4wx20tBxK9icEG6fXicpicaeHeyzEuMkRnENKLEAU5ibFexgBfYK3ZUlSEpmJnMAkSnE0icbibXzop6tyiaTZj7mLNs4pOdAvq4RdK9G186dg/0?wx_fmt=jpeg,50岁以后,其他,熟龄人群的日常见闻,20,泛人群,通用,好奇/实用,获得信息,事件切入型,921432_微信24h热文榜_20260904.csv,唯一,未命中历史老年主题分类，保留待人工判断
T0115,2026-09-04,2026-09-04,1,55000,55000,长安天枢领航技术，9月4日即将重磅发布！,,2026-09-04 14:00:08,https://mp.weixin.qq.com/s?__biz=MjM5Mjk1MzM0MQ==&mid=2650662796&idx=1&sn=cb6b34137a1caba5e8f1bff2ab79f737,https://mmbiz.qpic.cn/mmbiz_jpg/xS1QYiaAQD0CGwLp1TObwy6WWYeV2ViajibK1YN3d4Y5EVoQEeQraIicTGtg3NPeNeN86ZBK50xQQCaD2pQIPr6zdXnsmsvCuL7RjrIqowhibiaWc/0?wx_fmt=jpeg,50岁以后,其他,熟龄人群的日常见闻,20,泛人群,通用,好奇/实用,获得信息,事件切入型,921432_微信24h热文榜_20260904.csv,唯一,未命中历史老年主题分类，保留待人工判断
T0443,2026-09-20,2026-09-20,1,54000,54000,U23国足VS伊朗：命运之战，央视不播,,2026-09-20 14:00:07,https://mp.weixin.qq.com/s?__biz=MzcwMTE1NzkyOA==&mid=2247488243&idx=1&sn=87bb60fab6a9685815680e523006f81b,https://mmbiz.qpic.cn/sz_mmbiz_jpg/iaricmXeQjrs4lrAhGicvibsXov2tNQKialZDoMBdB2nCDwg6vicemz4CXDrIC5fOiak9tdUY6osLbUOHOZWk63Ne8meWCwuFrqbDnktHicGuMAiaUSk/0?wx_fmt=jpeg,50岁以后,其他,熟龄人群的日常见闻,20,泛人群,通用,好奇/实用,获得信息,事件切入型,921432_微信24h热文榜_20260920.xlsx,唯一,未命中历史老年主题分类，保留待人工判断
T0385,2026-09-14,2026-09-14,1,54000,54000,当今的乡镇公务员每月的工资收入是多少？,,2026-09-14 14:00:08,https://mp.weixin.qq.com/s?__biz=MzY4ODI2ODE0Mg==&mid=2247485202&idx=1&sn=647ecf24c20653abc711fcaf942662ce,http://mmbiz.qpic.cn/sz_mmbiz_jpg/wmkib6SPGwemsgz5MYUCyG9grKWr1TXjaoTTJEOHUcvrqYOzTCL9Y6s7TABqRZjCjFIwysZXbkvZfktibbbMNvlozPnH5aDBo4VoMsJPPfPjA/0?wx_fmt=jpeg,50岁以后,其他,熟龄人群的日常见闻,20,泛人群,通用,好奇/实用,获得信息,问题型,921432_微信24h热文榜_20260914.csv,唯一,未命中历史老年主题分类，保留待人工判断
T0386,2026-09-14,2026-09-14,1,54000,54000,这两种养老方式，你倾向于哪种,,2026-09-14 14:00:08,https://mp.weixin.qq.com/s?__biz=MzcwNDE5Mjc4Ng==&mid=2247485051&idx=1&sn=eebd68738b5ff553928594e5086dd148,http://mmbiz.qpic.cn/mmbiz_jpg/Am8g3P7ZRq5FqTED8uw3ktwfsHjOYDbBlCzrTT9ULKUAt0mTZbgw9qHXwibiacAD0XL1dF9VoxV4eiapA4LtvXtFlSuVvdeY0Cygb3JzwVEe5M/0?wx_fmt=jpeg,50岁以后,养老照护与居住,晚年照护与居住选择,85,50岁以上,通用,好奇/实用,获得信息,事件切入型,921432_微信24h热文榜_20260914.csv,唯一,引用历史老年主题分类或规则映射
T0387,2026-09-14,2026-09-14,1,54000,54000,那些想调休28至30号的人怎么想的？,,2026-09-14 14:00:08,https://mp.weixin.qq.com/s?__biz=MzE5MTAxNDU5MA==&mid=2247485511&idx=1&sn=9dda8b0d5f997148f8a180c3057ddcab,http://mmbiz.qpic.cn/sz_mmbiz_jpg/F4fMxWLl9mJqBTVAW6x13DRDzFLk8q3MqbicCBAynmHnWHyVy7uIsXKQCRrQNHfZcxnjNcRzfOU5Yz8oMVthJ9C3Ficia1FMbQD5OtMbnX4DHU/0?wx_fmt=jpeg,50岁以后,其他,熟龄人群的日常见闻,20,泛人群,通用,好奇/实用,获得信息,问题型,921432_微信24h热文榜_20260914.csv,唯一,未命中历史老年主题分类，保留待人工判断
T0270,2026-09-09,2026-09-09,1,54000,54000,又一次历史重演？有人预测：中国楼市，很可能回到2016年水平,,2026-09-09 14:00:09,https://mp.weixin.qq.com/s?__biz=Mzk0NDY3MzM3Mg==&mid=2247508897&idx=3&sn=2cb671b919765a7db9ae2362e1934315,https://mmbiz.qpic.cn/sz_mmbiz_jpg/tR5tELEGcjJia8nI5FTf3XUYV6bYjaqic1ibEeo8TXXIbasAcvhWtL6uG4jaJqMzicElM32uoFHnNRcNDRHZCEBc1nh1FTsf8zdCdorcWh29qZg/0?wx_fmt=jpeg,50岁以后,其他,熟龄人群的日常见闻,20,泛人群,通用,好奇/实用,获得信息,问题型,921432_微信24h热文榜_20260909.csv,唯一,未命中历史老年主题分类，保留待人工判断
T0207,2026-09-07,2026-09-07,1,54000,54000,托卡耶夫，堵死了克里姆林宫的每一条路,,2026-09-07 14:00:14,https://mp.weixin.qq.com/s?__biz=MzA4MjA2NzMyNQ==&mid=2651888550&idx=1&sn=b3f82fb7b5792949d7fe795a218f121a,https://mmbiz.qpic.cn/sz_mmbiz_jpg/MD3Z0LwMd4laibAQJbboIsBibR7oPTxwcSgeia7rprcnPA9lU4DibloNpvc1iaGlZIiaJOdxDxgoPVh6M6v8dAQZJIs1GyWNzM3b000WyDATBMvWI/0?wx_fmt=jpeg,50岁以后,其他,熟龄人群的日常见闻,20,泛人群,通用,好奇/实用,获得信息,事件切入型,921432_微信24h热文榜_20260907.csv,唯一,未命中历史老年主题分类，保留待人工判断
T0208,2026-09-07,2026-09-07,1,54000,54000,“不管和谁做亲家，都要替儿子留好这3条后路，这才是父母真正的远见”,,2026-09-07 14:00:14,https://mp.weixin.qq.com/s?__biz=MzY4NDEyNDIwMw==&mid=2247486916&idx=1&sn=aae2fcf606d28f6435efd1fde07a2844,https://mmbiz.qpic.cn/sz_mmbiz_jpg/0McTibEN30ZNUbas8Nojx1KvNQ1iaTqXxGLz9Ent5GBOVjJmib6UyHH70OZ2ZlnFqNKJiamjqUibYynibRsehmmsyurh4dq0xYXdanPcha2HbCicck/0?wx_fmt=jpeg,50岁以后,代际关系与家庭边界,子女关系与家庭边界,85,50岁以上,男性偏强,好奇/实用,关系处理,事件切入型,921432_微信24h热文榜_20260907.csv,唯一,引用历史老年主题分类或规则映射
T0178,2026-09-06,2026-09-06,1,54000,54000,慈禧离世前夜竟用舌头舔遍太监脸颊，宫女晚年含泪曝出惊天隐情,,2026-09-06 14:00:09,https://mp.weixin.qq.com/s?__biz=Mzk3NTAxNjIzMw==&mid=2247490673&idx=1&sn=554e0fdbb822af860b26bea913db9aa2,https://mmbiz.qpic.cn/sz_mmbiz_jpg/p2tDdUJfvKjFypdtiazkzFNK0ZKn86ibz6pHPNHXPUr33OZPfdItLE5phmXHS9WvXcMRy0INnfKPtKEgZwUMAC4rKTn2kMxCxdxObBhJFtvcY/0?wx_fmt=jpeg,50岁以后,身后安排与告别,晚年告别与身后安排,85,50岁以上,通用,情感共鸣,获得信息,事件切入型,921432_微信24h热文榜_20260906.csv,唯一,引用历史老年主题分类或规则映射
T0179,2026-09-06,2026-09-06,1,54000,54000,72年54岁，看完我的现状你就不焦虑了,,2026-09-06 14:00:09,https://mp.weixin.qq.com/s?__biz=MzYzNTc0MjYzNQ==&mid=2247484737&idx=1&sn=f7e4d59c03aff466d6a02687e92b9eb0,http://mmbiz.qpic.cn/sz_mmbiz_jpg/18GkOhHQiadZwwGQsc65yHiaLLJ8fOEXCkKA3B6a0ZHMsPLNaGQmrCSNtPRatFzpicPKkkqtus59VicNkvuOiavB4y2tDbiajGE5Rc4ewYxWVpRN4/0?wx_fmt=jpeg,50岁以后,退休适应与再就业,退休后的身份与第二曲线,85,50岁以上,通用,好奇/实用,获得信息,故事型,921432_微信24h热文榜_20260906.csv,唯一,引用历史老年主题分类或规则映射
T0180,2026-09-06,2026-09-06,1,54000,54000,韩红基金会事件迎来张雪发声：“把购车合同、票据全部晒出来，所有问题就能迎刃而解”，网友劝他不要去趟这混水,,2026-09-06 14:00:09,https://mp.weixin.qq.com/s?__biz=MzkzMzkzNTY4Nw==&mid=2247500139&idx=1&sn=38fe0a6e40361bca9449260118d6b7a8,https://mmbiz.qpic.cn/mmbiz_jpg/M5H82XuSHY6o9X3ZSvnBLBetzDa3S9LZ9DCDZzzmz1dVDJSj7utqiaeDzohLVnxS5JAKadmdhN1qJnRlDRIGziaFLjuyNyGWxeeU9YUHO9Vd8/0?wx_fmt=jpeg,50岁以后,其他,熟龄人群的日常见闻,20,泛人群,通用,焦虑提醒,获得信息,提醒警示型,921432_微信24h热文榜_20260906.csv,唯一,未命中历史老年主题分类，保留待人工判断
T0116,2026-09-04,2026-09-04,1,54000,54000,好消息！今年9月1日起全国正式实施，符合条件的老人居家“住院”治病，医保报销。,,2026-09-04 14:00:08,https://mp.weixin.qq.com/s?__biz=MzcwMzMwMTY2NA==&mid=2247484221&idx=1&sn=becdef3b0f2d37c168f8e1355f3e6713,http://mmbiz.qpic.cn/sz_mmbiz_jpg/wrcNdibfTxdj52iaSkTBJvgNibpMnM3gV60bd10uoxShvPjuwAiaq7QR7l2SkjtW0Q07ibjZslbcEPKIKmUp69HRXQu7H6bwxuq4bmfF6nsj8zicY/0?wx_fmt=jpeg,50岁以后,养老金与医保,退休后的钱与保障,85,50岁以上,通用,信息获得,降低风险,政策信息型,921432_微信24h热文榜_20260904.csv,唯一,引用历史老年主题分类或规则映射
T0117,2026-09-04,2026-09-04,1,54000,54000,翻出了冰箱里冻了50天的炒米饭，突然发现我这是解锁了一个新的不用做饭方式……果然有了冰箱，就可以天天吃剩饭了,,2026-09-04 14:00:08,https://mp.weixin.qq.com/s?__biz=MzI0MzcwNjI0Mg==&mid=2247488918&idx=1&sn=3163c22fcabbee089663e1f08a29607c,https://mmbiz.qpic.cn/sz_mmbiz_jpg/GQ3g4SmcKI1xsR03fc0a5rDONPgULW2rqibpdFF9CJRf5ngYHtRsGl7LfxWa3QIOwhicB87mPibU8GxoYzJ5b2IAzWq4JMunDotLPliapQpnzBg/0?wx_fmt=jpeg,50岁以后,健康饮食与运动,50岁后的健康管理,85,50岁以上,通用,好奇/实用,改善身体,故事型,921432_微信24h热文榜_20260904.csv,唯一,引用历史老年主题分类或规则映射
T0118,2026-09-04,2026-09-04,1,54000,54000,风雨交加，上班上学都不容易,,2026-09-04 14:00:08,https://mp.weixin.qq.com/s?__biz=MzUzMTg2MTA5Ng==&mid=2247485742&idx=1&sn=8f2635b885a73d9857789ca622a76587,http://mmbiz.qpic.cn/mmbiz_jpg/du1ialaIJEgeS4gUXJAmMGkzLEzu6Z4S5xgtGAicz2VddkvdgbA7iaGDR9FtNNsDic1vDZ3yaUzib5hRZAaq7iaRfofZJtWgY03ZNSVFlaczY78pE/0?wx_fmt=jpeg,50岁以后,退休适应与再就业,退休后的身份与第二曲线,85,50岁以上,通用,好奇/实用,获得信息,事件切入型,921432_微信24h热文榜_20260904.csv,唯一,引用历史老年主题分类或规则映射
T0472,2026-09-21,2026-09-21,2,53000,53000,这部在北美刚刚上映的电影，我已先睹为快,,2026-09-21 14:00:09,https://mp.weixin.qq.com/s?__biz=MzU1MDc4MzcwMw==&mid=2247488081&idx=1&sn=5cdbad2ffa8c6a00c851d2bb9d33a103,https://mmbiz.qpic.cn/mmbiz_jpg/cLswqCjP6S0YmgrjHtdpT803T20HMgqbThLblY1gR7nxtE0NBjXPmBYvTxgt5pLAu5eKsRf6lHzpI7hYMwsiczrhBtzmGvx0Ed1klwrZicsyw/0?wx_fmt=jpeg,50岁以后,其他,熟龄人群的日常见闻,20,泛人群,通用,好奇/实用,获得信息,故事型,921432_微信24h热文榜_20260921.csv;921432_微信24h热文榜_20260921.xlsx,重复上榜：保留最高热度,未命中历史老年主题分类，保留待人工判断
T0473,2026-09-21,2026-09-21,2,53000,53000,男子为感谢同事，花223元请客吃饭，对方却拿了一瓶60元的白酒，要让他付钱吗?,,2026-09-21 14:00:09,https://mp.weixin.qq.com/s?__biz=MzYyMzc4ODU2NA==&mid=2247487874&idx=3&sn=608469ef2f05ce7c727fa9ab3aa6fea4,https://mmbiz.qpic.cn/mmbiz_jpg/QJ56y5z05xsPcc0e6QJjiaAKTIoorkI2YkfcGHt0W7TrRXxAos1e2iaAJ5ibA972o7xueSu0uhJEeBSRZN6fuYia26OTFYibEjPTD5Vb53qtzAZI/0?wx_fmt=jpeg,50岁以后,其他,熟龄人群的日常见闻,20,泛人群,通用,好奇/实用,获得信息,问题型,921432_微信24h热文榜_20260921.csv;921432_微信24h热文榜_20260921.xlsx,重复上榜：保留最高热度,未命中历史老年主题分类，保留待人工判断
T0444,2026-09-20,2026-09-20,1,53000,53000,无知真的会害了娃！30天婴儿失明真相曝光，全家后悔已来不及,,2026-09-20 14:00:07,https://mp.weixin.qq.com/s?__biz=MzcwNjMwNjExNQ==&mid=2247485375&idx=1&sn=df9048f90db65828fa4a09bfd06a3f41,https://mmbiz.qpic.cn/sz_mmbiz_jpg/c1u5K3C2Y4Qd61DP3zJaNBy7LFuknztSvbqbJ6q9t3CcfnHke1HjWo6MSiaPYE5KNWWYYg51lSQGERaq2g1y9TdmgMg6TynibQGk1fSE5mUTg/0?wx_fmt=jpeg,50岁以后,其他,熟龄人群的日常见闻,20,泛人群,通用,好奇/实用,获得信息,事件切入型,921432_微信24h热文榜_20260920.xlsx,唯一,未命中历史老年主题分类，保留待人工判断
T0388,2026-09-14,2026-09-14,1,53000,53000,张国伟深夜发声，句句不提刘翔，句句都在敲打质疑谁？,,2026-09-14 14:00:08,https://mp.weixin.qq.com/s?__biz=Mzk3NTE0NTIyMw==&mid=2247489673&idx=1&sn=89a054870a177f5b1fe1b6fb5492808d,https://mmbiz.qpic.cn/mmbiz_jpg/QrMAiakChUe98jdiaLjrKJzI2bx1yheSpmAsjoC6p3icmsqN5LCAJicbDG1ww5HNyHQzRsXlRl5Q5KX6mXKlZicICuDe7KKloQ2Ygp5GVx0tVHz4/0?wx_fmt=jpeg,50岁以后,其他,熟龄人群的日常见闻,20,泛人群,通用,好奇/实用,获得信息,问题型,921432_微信24h热文榜_20260914.csv,唯一,未命中历史老年主题分类，保留待人工判断
T0345,2026-09-13,2026-09-13,1,53000,53000,国家终于对油价出手了,,2026-09-13 14:00:07,https://mp.weixin.qq.com/s?__biz=MzcwMzM3MDg0Mw==&mid=2247484668&idx=1&sn=a469e3d55e42e67e682d56e559594e81,https://mmbiz.qpic.cn/sz_mmbiz_jpg/42G70BuudEib7ibqCRAt1fPhFIlhFFxpiapsh2wQ2NEzibJtZUnm6m063sdtwLeyD9okJMAZQRDb5q84vxPNAyHwMtjacIG2zr1ZmAHERiayxlSU/0?wx_fmt=jpeg,50岁以后,其他,熟龄人群的日常见闻,20,泛人群,通用,好奇/实用,获得信息,事件切入型,921432_微信24h热文榜_20260913.csv,唯一,未命中历史老年主题分类，保留待人工判断
T0119,2026-09-04,2026-09-04,1,53000,53000,薪酬保密就是个笑话，一个刚入职的女生觉得自己工资太低，在上班期间挨个打听别人工资。奇怪的是，没人去阻止这个女生，最后有人坐不住了,,2026-09-04 14:00:08,https://mp.weixin.qq.com/s?__biz=MzU0ODk0NTY5Mg==&mid=2247485689&idx=1&sn=cbf3783dc27cc2c9bc8f1ebb34214be0,https://mmbiz.qpic.cn/mmbiz_jpg/0cbAKeUeVA56ghlSlPUkibWwWq2VUeMh5Km7updcvibe3K7t9r5ZxWOa2pr7SMLMQBHkEJ90ckgAQo24LI4JQfow6LDSaGtoYC9PDxSKJRGDg/0?wx_fmt=jpeg,50岁以后,退休适应与再就业,退休后的身份与第二曲线,85,50岁以上,通用,好奇/实用,获得信息,提醒警示型,921432_微信24h热文榜_20260904.csv,唯一,引用历史老年主题分类或规则映射
T0120,2026-09-04,2026-09-04,1,53000,53000,新版红楼梦：14张贾迎春定妆照！,,2026-09-04 14:00:08,https://mp.weixin.qq.com/s?__biz=MzUxMTQ2ODY3Mw==&mid=2247546209&idx=1&sn=a3501752ccf5ed29b4dfa6c2c283df42,https://mmbiz.qpic.cn/mmbiz_jpg/rZN9nutFWaoH7zWmEn5yRHvRxuicWrnLzrlZ5VicasWMf0wQ1wg5BUqv5drtbN88FGyTpR4qIg4SzGCSWT1I2N2HYb31ZhsRe1fRIzNrCmdnA/0?wx_fmt=jpeg,50岁以后,其他,熟龄人群的日常见闻,20,泛人群,通用,好奇/实用,获得信息,事件切入型,921432_微信24h热文榜_20260904.csv,唯一,未命中历史老年主题分类，保留待人工判断
T0474,2026-09-21,2026-09-21,2,52000,52000,“广告一分钟，穿着衣服的时间只有八秒”，美国女星“悉尼妹”又翻车,,2026-09-21 14:00:09,https://mp.weixin.qq.com/s?__biz=Mzg3NDczMjI4MQ==&mid=2247512429&idx=1&sn=87a7f9e66936fad63b46f2b579217fb4,https://mmbiz.qpic.cn/mmbiz_jpg/cNoM7QmY8cR9WrIm5GBJcEKTSBPDcyFiaq3URETvhFya1Wz7AD1KYtRb66QuLlOH3gAzwYYg7WZibibBfdzGdB9jfCvPc9lRpdpibibJLL4sgRuw/0?wx_fmt=jpeg,50岁以后,其他,熟龄人群的日常见闻,20,泛人群,通用,好奇/实用,获得信息,事件切入型,921432_微信24h热文榜_20260921.csv;921432_微信24h热文榜_20260921.xlsx,重复上榜：保留最高热度,未命中历史老年主题分类，保留待人工判断
T0475,2026-09-21,2026-09-21,2,52000,52000,冯禧2023年合同到期未续约，离开《你好星期六》，都说冯禧是准备结婚去了，实则是继续学业，做更好的自己。如今官宣结婚，也是好磕的。,,2026-09-21 14:00:09,https://mp.weixin.qq.com/s?__biz=MzYzNTI5ODM2MA==&mid=2247488821&idx=1&sn=0e1bc2c951ad6f1b0bca9747e2a1b95c,https://mmbiz.qpic.cn/mmbiz_jpg/sDphF7lcNKlJ8gpzQmkvGNRzOAePVGQmHssM7JSt1hq8qIaRNypeMTzAlW8SyuycDVTmwXhia7gI9BUgyUTAKFEb2TZHr4ydPXv6mDVwFZGY/0?wx_fmt=jpeg,50岁以后,晚年婚姻与亲密关系,晚年伴侣与亲密边界,85,50岁以上,通用,好奇/实用,关系处理,事件切入型,921432_微信24h热文榜_20260921.csv;921432_微信24h热文榜_20260921.xlsx,重复上榜：保留最高热度,引用历史老年主题分类或规则映射
T0476,2026-09-21,2026-09-21,2,52000,52000,“新型养老”方式来了，85岁大爷不请保姆，不去养老院，花钱少，比子女还靠谱，让人羡慕,,2026-09-21 14:00:09,https://mp.weixin.qq.com/s?__biz=MzcwNjM1MTA4Mg==&mid=2247484139&idx=1&sn=29f51b10c7c8d192dc2d96641fdafdb3,https://mmbiz.qpic.cn/sz_mmbiz_jpg/wicuCMJ7JibbOozwDdWvjTfzSSZymorKqGOlEe2BDxMdF7dpQtiaiaNHNzYK1vXoOPmGS1DF4aWrKFibK4sDCnyTouxjibmpa6o4xnTWDLyYiaw0r0/0?wx_fmt=jpeg,50岁以后,代际关系与家庭边界,子女关系与家庭边界,85,50岁以上,通用,好奇/实用,关系处理,数字切入型,921432_微信24h热文榜_20260921.csv;921432_微信24h热文榜_20260921.xlsx,重复上榜：保留最高热度,引用历史老年主题分类或规则映射
T0445,2026-09-20,2026-09-20,1,52000,52000,敬一丹与李修平的晚年对比：人生下半场，顶级的智慧是体面退场,,2026-09-20 14:00:07,https://mp.weixin.qq.com/s?__biz=MzkxOTAxNjM3Nw==&mid=2247495852&idx=1&sn=97d2ce0cdecba4e991d7fdab51894fc3,https://mmbiz.qpic.cn/sz_mmbiz_jpg/CpBoicK4Yf38I1GE1ibqUXNGy2eDbOIoJDthfknibboaH8ic7RGFDsNtL9txXm1MNzs4UfXmoMictLfmsiaNZvFv21MBibprulYTfRwXdibGNBXeVb8/0?wx_fmt=jpeg,50岁以后,其他,熟龄人群的日常见闻,65,50岁以上,通用,好奇/实用,获得信息,事件切入型,921432_微信24h热文榜_20260920.xlsx,唯一,未命中历史老年主题分类，保留待人工判断
T0446,2026-09-20,2026-09-20,1,52000,52000,十万级搭载华为乾崑智驾大六座 星海V6 为家而来,,2026-09-20 14:00:07,https://mp.weixin.qq.com/s?__biz=MzI5MjAyNjM1OA==&mid=2651552332&idx=1&sn=32ab4b64d7f4e2ffd1abdedfe18bfc69,https://mmbiz.qpic.cn/sz_mmbiz_jpg/Zj7j8qDjqWZ211tdwDo2DVn7T74HOsByspdr68rTkqlN3uJHicgPJxvltgd1hGzYkZRfBDhaicnUSVBhzNNh8euJt7PcxWKQSTBqKxlI6njlY/0?wx_fmt=jpeg,50岁以后,其他,熟龄人群的日常见闻,20,泛人群,通用,好奇/实用,获得信息,数字切入型,921432_微信24h热文榜_20260920.xlsx,唯一,未命中历史老年主题分类，保留待人工判断
T0447,2026-09-20,2026-09-20,1,52000,52000,北京火葬场不要骨灰的人越来越多，有人把骨灰偷埋进西山，不立碑，不留名，免费的海葬也不愿意选？,,2026-09-20 14:00:07,https://mp.weixin.qq.com/s?__biz=Mzk2NDIwMTc1Ng==&mid=2247485506&idx=1&sn=c578e36c14c31a1e90e9310e0c1b4682,https://mmbiz.qpic.cn/mmbiz_jpg/PoKjU8bL8J5o5LWCI913HibMSXCxF0C45MXk1ricOnaZlRKA1hrafg2VyiaaHItsSEEqibHQSwy7xkIu4fKz90S9uGbLJ7DsemNFecXg59pfv3E/0?wx_fmt=jpeg,50岁以后,身后安排与告别,晚年告别与身后安排,85,50岁以上,通用,焦虑提醒,获得信息,问题型,921432_微信24h热文榜_20260920.xlsx,唯一,引用历史老年主题分类或规则映射
T0389,2026-09-14,2026-09-14,1,52000,52000,银行取现金 3 万，都被限制，9 月起银行卡全面整治？,,2026-09-14 14:00:08,https://mp.weixin.qq.com/s?__biz=MzY4NTMxOTYzNA==&mid=2247484096&idx=1&sn=499e930491aaca0a77dffcf70fd9e784,https://mmbiz.qpic.cn/sz_mmbiz_jpg/BKIicfqcpAUria3snCd170HULtmjayZ6VCtNS8icyI1GCOLmUOWgCNCGeibDd6KfiaV5ogxMvNyGIbaFxY2w6HwIltSquDXOqh0TPOiahN6ZorAMU/0?wx_fmt=jpeg,50岁以后,财务安全与防骗,老年财务安全,85,50岁以上,通用,焦虑提醒,降低风险,问题型,921432_微信24h热文榜_20260914.csv,唯一,引用历史老年主题分类或规则映射
T0346,2026-09-13,2026-09-13,1,52000,52000,求这课本改了那两个字的意义何在？,,2026-09-13 14:00:07,https://mp.weixin.qq.com/s?__biz=MzYzODE4MTYzNA==&mid=2247486470&idx=1&sn=c91971220ac299fd9106a4e254f34137,http://mmbiz.qpic.cn/sz_mmbiz_jpg/vnOGfS76OibFeRhG9EwP8OvibAFZpz9cd0TR4TFcNiaEFCA7ArcNPy5XTo6VKgJuQakt96mlYMpnJIru2ZiamXCsSPUvuI6LEDNDxQFD4rt5hZ8/0?wx_fmt=jpeg,50岁以后,其他,熟龄人群的日常见闻,20,泛人群,通用,好奇/实用,获得信息,问题型,921432_微信24h热文榜_20260913.csv,唯一,未命中历史老年主题分类，保留待人工判断
T0347,2026-09-13,2026-09-13,1,52000,52000,38岁高叶泳装照太惊艳了,,2026-09-13 14:00:07,https://mp.weixin.qq.com/s?__biz=MzA3MDQ0Nzk5MQ==&mid=2650117477&idx=1&sn=4d193b8f3da1a517ae927a9d33ae9c82,https://mmbiz.qpic.cn/mmbiz_jpg/QCXHgM1TiaEoe1qP2oJKoykHTpSlGV4nFvsK5ZStozJHVH7efJHlw6QXL55nETAiabm9qvH2Slajtric4BgKFBD2SPC7MhwxPvic43zJJCpJfqY/0?wx_fmt=jpeg,50岁以后,其他,熟龄人群的日常见闻,20,泛人群,通用,好奇/实用,获得信息,数字切入型,921432_微信24h热文榜_20260913.csv,唯一,未命中历史老年主题分类，保留待人工判断
T0348,2026-09-13,2026-09-13,1,52000,52000,以为的大胸女孩VS实际上的大胸女孩,,2026-09-13 14:00:07,https://mp.weixin.qq.com/s?__biz=MzkzODUwMDQ5Mg==&mid=2247485245&idx=1&sn=f47b89dab511db3d2355744c1b51a9b8,https://mmbiz.qpic.cn/mmbiz_jpg/MJIvOtaRO7a4M9wDnUUReLogaq9d96USSSLUVe0o8IlJ0ZxxYle3wFEeuveQOm26empdpY8MZ6d55ITicumlbELVialV8boKjD1vqn5ibfau8g/0?wx_fmt=jpeg,50岁以后,其他,熟龄人群的日常见闻,20,泛人群,通用,好奇/实用,获得信息,事件切入型,921432_微信24h热文榜_20260913.csv,唯一,未命中历史老年主题分类，保留待人工判断
T0209,2026-09-07,2026-09-07,1,52000,52000,港剧花期很短的5张脸，年轻时惊艳全港，中年火速显老，如今越老越顺眼,,2026-09-07 14:00:14,https://mp.weixin.qq.com/s?__biz=MzIxNDE0MjM1NA==&mid=2247503594&idx=1&sn=f58a67a867d3b8756e4d0d89f14217e1,https://mmbiz.qpic.cn/sz_mmbiz_jpg/pZicXntc0cjN9ZENnO3LXyk1tgG69yo7qXNFbRkgqI2k3IIJPwQiauev2HUJibwUt4JTkxOibicL4rpxz9S2ZKk2GRGpaIwOKfuUEIAibTbaDicxU8/0?wx_fmt=jpeg,50岁以后,其他,熟龄人群的日常见闻,20,泛人群,通用,好奇/实用,获得信息,事件切入型,921432_微信24h热文榜_20260907.csv,唯一,未命中历史老年主题分类，保留待人工判断
T0451,2026-09-21,2026-09-21,2,51000,51000,10万级也有华为乾崑智驾！星海V6抢先实测,,2026-09-21 14:10:07,https://mp.weixin.qq.com/s?__biz=MzI5MjAyNjM1OA==&mid=2651552407&idx=1&sn=5451074bfc530393a06d5d3166707036,https://mmbiz.qpic.cn/sz_mmbiz_jpg/Zj7j8qDjqWb3j1Vzo7icVviaoFD2OqYVhK9jLic2Ficq0IORJkYnY6Zndd1Dc73tsMNldAUKg8Vqicctnqw6l6mEjJ8eK458t2m9hiabicDdBEAYw8/0?wx_fmt=jpeg,50岁以后,其他,熟龄人群的日常见闻,20,泛人群,通用,好奇/实用,获得信息,数字切入型,921432_微信24h热文榜_20260921.csv;921432_微信24h热文榜_20260921.xlsx,重复上榜：保留最高热度,未命中历史老年主题分类，保留待人工判断
T0477,2026-09-21,2026-09-21,2,51000,51000,《兰香如故》：要不是许兰香被卖入青楼接客被吕蕺儿救出，她还不知是林锦岐给她惹来麻烦（含剧透，慎点）,,2026-09-21 14:00:09,https://mp.weixin.qq.com/s?__biz=MzU3MDY0NjUyMg==&mid=2247487045&idx=1&sn=d55aa9151d5bc28544f696069e7c515b,https://mmbiz.qpic.cn/mmbiz_jpg/sbWXM4F6uEWAfdVY5Gme30Wwx0pk7IQUicKsZXMUt7f93sMTJ8LuIwAo5dY1akuHCPBIfJenZcibCUibXNkXsdzUueulz321g0OrNia7o54ISCE/0?wx_fmt=jpeg,50岁以后,其他,熟龄人群的日常见闻,20,泛人群,通用,好奇/实用,获得信息,事件切入型,921432_微信24h热文榜_20260921.csv;921432_微信24h热文榜_20260921.xlsx,重复上榜：保留最高热度,未命中历史老年主题分类，保留待人工判断
T0478,2026-09-21,2026-09-21,2,51000,51000,小时候看《半生缘》男女主多年后重逢的片段，我总觉得他们俩最后…,,2026-09-21 14:00:09,https://mp.weixin.qq.com/s?__biz=Mzg4NTc0NjExMw==&mid=2247492198&idx=1&sn=f74f352b63510b5e8f473be7f2084973,http://mmbiz.qpic.cn/mmbiz_jpg/aVGCibM0tv11KtrpZs0QiaEPbApSJqmYXicd3AoWDcflS3tL0EQ0N3saOtfR4S3IWllZicHkpdzQPHV6VEnGI3vTDU27wyrz08GL79gSicGCvTvc/0?wx_fmt=jpeg,50岁以后,其他,熟龄人群的日常见闻,20,泛人群,通用,好奇/实用,获得信息,故事型,921432_微信24h热文榜_20260921.csv;921432_微信24h热文榜_20260921.xlsx,重复上榜：保留最高热度,未命中历史老年主题分类，保留待人工判断
T0479,2026-09-21,2026-09-21,2,51000,51000,小姐姐结婚当天抱着柯基拍照，剪刀手刚抬起来，怀里的就已经打上双闪了：妈妈酱，大喜的日子也要动手吗？,,2026-09-21 14:00:09,https://mp.weixin.qq.com/s?__biz=MzkzNDk2MTEyNg==&mid=2247485075&idx=1&sn=234976a432e8d51ebff2209816c55c0e,https://mmbiz.qpic.cn/mmbiz_jpg/0IbkH8xQOYRANWCv7wr5RYEYAISu3HbKmw4DiardrqfIaaRNXpSocm4D5RTlgP1dRjGo6jyavXwY2vsduJcxx0YwpElQJNcuCzKHibL7oQMLk/0?wx_fmt=jpeg,50岁以后,晚年婚姻与亲密关系,晚年伴侣与亲密边界,85,50岁以上,通用,好奇/实用,关系处理,问题型,921432_微信24h热文榜_20260921.csv;921432_微信24h热文榜_20260921.xlsx,重复上榜：保留最高热度,引用历史老年主题分类或规则映射
T0480,2026-09-21,2026-09-21,2,51000,51000,36万买一块全金劳力士，拆开一称全网哗然：里面的黄金竟然只值10万！,,2026-09-21 14:00:09,https://mp.weixin.qq.com/s?__biz=MzkxMTM5MDYzNQ==&mid=2247497610&idx=8&sn=b80ec784a5cecd4aa9d97f7553aed074,https://mmbiz.qpic.cn/mmbiz_jpg/lj1pbxfmRFfZtsPqmP0he6MEvVSgKKH7lyNRE2u9zGx9iawMaGY5yqGHS0Ybib2rgqPRNSQnPWHiaYlDN5HIkWBgxiadUOyib7KkNtLgiaxnxxEWk/0?wx_fmt=jpeg,50岁以后,其他,熟龄人群的日常见闻,20,泛人群,通用,好奇/实用,获得信息,数字切入型,921432_微信24h热文榜_20260921.csv;921432_微信24h热文榜_20260921.xlsx,重复上榜：保留最高热度,未命中历史老年主题分类，保留待人工判断
T0481,2026-09-21,2026-09-21,2,51000,51000,你现在住的房子，符合你的生活状态吗？,,2026-09-21 14:00:09,https://mp.weixin.qq.com/s?__biz=MzA4NTQzMjAyOQ==&mid=2455414807&idx=1&sn=33dc44113b49fb81b4410d2db241eea8,https://mmbiz.qpic.cn/mmbiz_jpg/IwEoK3dJTQVGOzZDdCzcM2MwPLhF4PkwI5P7JoQmqibfoW3Yf04myDNFIuVWGRxve4XLh0fFVAzn4icYcMhaMiaO7b15vdZnpw85lpN2w04cgM/0?wx_fmt=jpeg,50岁以后,养老照护与居住,晚年照护与居住选择,85,50岁以上,通用,好奇/实用,获得信息,问题型,921432_微信24h热文榜_20260921.csv;921432_微信24h热文榜_20260921.xlsx,重复上榜：保留最高热度,引用历史老年主题分类或规则映射
T0409,2026-09-15,2026-09-15,1,51000,51000,龚俊实在想不到《兰香如故》里，出圈的不是谭松韵，而是自家男扮女装美到冒泡的妹夫,,2026-09-15 14:00:08,https://mp.weixin.qq.com/s?__biz=MzkwMDcwNDQ3OA==&mid=2247494568&idx=1&sn=4fcd6c59da3913b281c615f4a4fa6b9c,https://mmbiz.qpic.cn/mmbiz_jpg/uEcPzBdVCB3dlqRy0ibJV4H8zSdgNhIECOGyb8ZfdYX3vTfYXRHibI4tU8uorSic6Y7NPzGEPUVhaScTpnyqILamdY8xke52r01u4ibVMUt9Mibk/0?wx_fmt=jpeg,50岁以后,其他,熟龄人群的日常见闻,20,泛人群,通用,好奇/实用,获得信息,事件切入型,921432_微信24h热文榜_20260915.csv,唯一,未命中历史老年主题分类，保留待人工判断
T0410,2026-09-15,2026-09-15,1,51000,51000,长期批评中国 20 年，加拿大华裔学者洛杉矶停留 3 天，节目直言想要向中国人民道歉,,2026-09-15 14:00:08,https://mp.weixin.qq.com/s?__biz=MzY5MzMzNDc1MQ==&mid=2247492462&idx=1&sn=4403aaebdf9f53ddb63ad06de20c4923,https://mmbiz.qpic.cn/mmbiz_jpg/Y4mzCcibYufO266xEY4LE2zG88fmn38CjtK6kFtVaJSt3bQEJsJ5wkempMpb4jVI1tHuHQAF4wt4WlOjmBUbah9ToAsdy8ckh2ian8HwFvU0U/0?wx_fmt=jpeg,50岁以后,其他,熟龄人群的日常见闻,20,泛人群,通用,好奇/实用,获得信息,事件切入型,921432_微信24h热文榜_20260915.csv,唯一,未命中历史老年主题分类，保留待人工判断
T0390,2026-09-14,2026-09-14,1,51000,51000,小县城里，新型攀比三件套出现了,,2026-09-14 14:00:08,https://mp.weixin.qq.com/s?__biz=MzYzODMwNzY5OA==&mid=2247486550&idx=1&sn=1dd5d5c8ea8ab6ff0ae40561caea883f,http://mmbiz.qpic.cn/mmbiz_jpg/1rs1NmWLfqw1Z8AO8mNFMicP1ourQlVYZ9DH7p1htIIhv7UjhzZ6lQOxicOdf4nAoLm2WWcH3qW9dJLmIxLuzbzWeianCKU3ckztYoNrWj0nVI/0?wx_fmt=jpeg,50岁以后,人情往来与情绪生活,熟龄人群的日常见闻,85,50岁以上,通用,好奇/实用,获得信息,事件切入型,921432_微信24h热文榜_20260914.csv,唯一,引用历史老年主题分类或规则映射
T0349,2026-09-13,2026-09-13,1,51000,51000,为什么越来越多的老师，又悄悄变回了“满堂灌”,,2026-09-13 14:00:07,https://mp.weixin.qq.com/s?__biz=MzUxMTE1MjI3MA==&mid=2247486422&idx=1&sn=3eb767481620c3c640efe6a2d1471e05,https://mmbiz.qpic.cn/sz_mmbiz_jpg/cicw7OujmRbuia1jKUE67JTqCMJptpKMeXrPnEQXPia5zRpYg25RtwtRZjlsE5W3xEnVn6HsgkiasrJwUI5J80Fb1ZxpFnHXGmQA9YZBxWib0XF0/0?wx_fmt=jpeg,50岁以后,其他,熟龄人群的日常见闻,20,泛人群,通用,好奇/实用,获得信息,事件切入型,921432_微信24h热文榜_20260913.csv,唯一,未命中历史老年主题分类，保留待人工判断
T0350,2026-09-13,2026-09-13,1,51000,51000,7700水晶+免费招募220连！1.5周年庆典活动内容一览~,,2026-09-13 14:00:07,https://mp.weixin.qq.com/s?__biz=MzkxMzc0NTg1Mw==&mid=2247517448&idx=2&sn=8c0f978c13da38b3985b763679fa3b2e,https://mmbiz.qpic.cn/mmbiz_jpg/WgiaqrHy2yGP5I9UsdPygQLe7zWIlAzRoxclcxOAjy4bYrM9Wq3qBuoaGVghRFR0RxXUTo8fa15k0ESeRD2DtGZqOUIUGyd5keZKTgWIvZWo/0?wx_fmt=jpeg,50岁以后,其他,熟龄人群的日常见闻,20,泛人群,通用,好奇/实用,获得信息,事件切入型,921432_微信24h热文榜_20260913.csv,唯一,未命中历史老年主题分类，保留待人工判断
T0210,2026-09-07,2026-09-07,1,51000,51000,老人把钱埋在地下，走的时候告诉了儿孙们,,2026-09-07 14:00:14,https://mp.weixin.qq.com/s?__biz=MzYyNTkzNzE2Mg==&mid=2247488964&idx=1&sn=d6ab24782184f0ad1ff7f5797b70f0c4,http://mmbiz.qpic.cn/sz_mmbiz_jpg/rABZKIbicWCIlpCvVK1LYicvmyZO0kS3aL98PdmGxLFWvSic0uY585nNPdhej0qdIIibq36WubM1exBPcIggle9ApbjwfibQRDia7GBJPqULpPibGE/0?wx_fmt=jpeg,50岁以后,身后安排与告别,晚年告别与身后安排,85,50岁以上,通用,好奇/实用,获得信息,事件切入型,921432_微信24h热文榜_20260907.csv,唯一,引用历史老年主题分类或规则映射
T0411,2026-09-15,2026-09-15,1,50000,50000,懒人界的冠军！吴桂英被大哥 2 巴掌，从 15 岁开始装瘫，一直装到 35 岁放过自己，才能重启崭新人生,,2026-09-15 14:00:08,https://mp.weixin.qq.com/s?__biz=MzkwMTIyNDU1MA==&mid=2247490887&idx=1&sn=23d5dd0cbd8065539f67871db6690f65,https://mmbiz.qpic.cn/mmbiz_jpg/9Zictnqargase3hPokl5K9cCOhwecic1l4NnJ0XDBN5wPbmeOx2bibm8Uy4qjiaOXf588V81526qGX7FjRk9xqyRpgKibicpUB9BQYvzNx5mk5z0o/0?wx_fmt=jpeg,50岁以后,其他,熟龄人群的日常见闻,20,泛人群,通用,好奇/实用,获得信息,数字切入型,921432_微信24h热文榜_20260915.csv,唯一,未命中历史老年主题分类，保留待人工判断
T0351,2026-09-13,2026-09-13,1,50000,50000,老夫少妻的尴尬,,2026-09-13 14:00:07,https://mp.weixin.qq.com/s?__biz=MzkxNzQzNjI2MA==&mid=2247487527&idx=1&sn=045b05d536f301e83f3fbcba9b153998,https://mmbiz.qpic.cn/mmbiz_jpg/ibMs2mYib5DSoZf8ibt0IZ0DQpmXPWp5WoicSTxshx7Nu3hv2fXGaULohxDNRVwGLyNlVUwlUI0lQdyVn76ib2ianodtw5gxywU85mBQXCT3l0ap8/0?wx_fmt=jpeg,50岁以后,晚年婚姻与亲密关系,晚年伴侣与亲密边界,85,50岁以上,通用,好奇/实用,关系处理,事件切入型,921432_微信24h热文榜_20260913.csv,唯一,引用历史老年主题分类或规则映射
T0352,2026-09-13,2026-09-13,1,50000,50000,国风美学邂逅体彩即开票：解锁一场华夏寻宝之旅,,2026-09-13 14:00:07,https://mp.weixin.qq.com/s?__biz=Mzg3NTU2MDM3NQ==&mid=2247517271&idx=1&sn=c566d2732e9306eaf6daf9941ee03594,https://mmbiz.qpic.cn/sz_mmbiz_jpg/KUiaXZjgajjtvVQv5icialLl93zdVCWkZUxKaN3Ju3hvdcVMr7zcQrmdYL5Dapv3Cj67vFKlNyNW3ewUm4u2q7QqNz4J17kAj5I8cO4CgmdLnc/0?wx_fmt=jpeg,50岁以后,其他,熟龄人群的日常见闻,20,泛人群,通用,好奇/实用,获得信息,事件切入型,921432_微信24h热文榜_20260913.csv,唯一,未命中历史老年主题分类，保留待人工判断
T0412,2026-09-15,2026-09-15,1,49000,49000,时间久了，其实也就那样,,2026-09-15 14:00:08,https://mp.weixin.qq.com/s?__biz=MzIyMTUwMTUwNA==&mid=2247499006&idx=1&sn=3e92f9e126e55845df4950ce0e12799c,http://mmbiz.qpic.cn/mmbiz_jpg/HWemFHgJPuOwflbI7OAOvoh3xBalRB1WaibLsejq4PoX3kPmCmEo4xmFNd1ibwz1YIn3evpKXeiazibQYu3bVWuiaGp5ytQV0gcxJHFuw59tUQgg/0?wx_fmt=jpeg,50岁以后,其他,熟龄人群的日常见闻,20,泛人群,通用,好奇/实用,获得信息,事件切入型,921432_微信24h热文榜_20260915.csv,唯一,未命中历史老年主题分类，保留待人工判断
T0353,2026-09-13,2026-09-13,1,49000,49000,《兰香如故》:太奇怪了！谭松韵饰演的许兰香明明有800个心眼子，为什么阅人无数的青葙却说她“心眼浅，胆子小”？,,2026-09-13 14:00:07,https://mp.weixin.qq.com/s?__biz=MzkzMTUzMDIzMw==&mid=2247504478&idx=1&sn=0ac4aef4f7fef1c86f8c03abfa557af4,https://mmbiz.qpic.cn/mmbiz_jpg/QRmzVOz5wVy2IhywuSf60hI92ufKKd6M6x8ib0Z4h0ia60waxUFulDjhibgAuHNe2HPDgaicdTIyE5qhrgrFeY2YYIr8cEcuMZ5VRIqHYDhucdk/0?wx_fmt=jpeg,50岁以后,其他,熟龄人群的日常见闻,20,泛人群,通用,好奇/实用,获得信息,问题型,921432_微信24h热文榜_20260913.csv,唯一,未命中历史老年主题分类，保留待人工判断
T0413,2026-09-15,2026-09-15,1,48000,48000,知道闺蜜存了一百万，我的心态崩了,,2026-09-15 14:00:08,https://mp.weixin.qq.com/s?__biz=MzkxNjQ5MTU1Ng==&mid=2247484748&idx=1&sn=71f9d2feb7c19807d4680c7dfcf2a47b,https://mmbiz.qpic.cn/mmbiz_jpg/n0PFnY3AOPQEyFx6uA154t61wDGlnfq91W6M2juIKN8mdaibxQKLicvLDsB0BLkyJx4YmZ8pUHwGqQEyMDna0N5pu7WZAOfFNgbbKOjddFjv8/0?wx_fmt=jpeg,50岁以后,人情往来与情绪生活,熟龄人群的日常见闻,85,50岁以上,通用,好奇/实用,获得信息,故事型,921432_微信24h热文榜_20260915.csv,唯一,引用历史老年主题分类或规则映射
T0448,2026-09-20,2026-09-20,1,47000,47000,关于养老金调整，人社部官网最新动态,,2026-09-20 14:00:07,https://mp.weixin.qq.com/s?__biz=MzkyMjUyNTE4Mw==&mid=2247487455&idx=1&sn=b84f7e7d378157d9d4b63d66ee6e37c0,http://mmbiz.qpic.cn/mmbiz_jpg/7yiaJf5aicJBqEpvx72oSBg67t5tZGYxCLxK2uHIfWTmficpVyz6w67kXJDObGw3p06MAvjveOlic0PmWQ66GFZkrjpTRpMe9aZ2f38TCkrAcjA/0?wx_fmt=jpeg,50岁以后,养老金与医保,退休后的钱与保障,85,50岁以上,通用,好奇/实用,降低风险,事件切入型,921432_微信24h热文榜_20260920.xlsx,唯一,引用历史老年主题分类或规则映射
T0354,2026-09-13,2026-09-13,1,47000,47000,油价落地：本来一箱要涨17块，国家半夜出手按住，实际只涨10块,,2026-09-13 14:00:07,https://mp.weixin.qq.com/s?__biz=MzY4MjI5MDczOQ==&mid=2247484535&idx=1&sn=0c49aa375773242d32c0f6b891c23fa2,https://mmbiz.qpic.cn/mmbiz_jpg/bJmDO3bwicPUOicSSZibWLBX4cicA7qVMMk2K6NPaXGiauDXAIlibIDgPYK8fSV0IwfiaSeFLoHTyicHrlia6GKoAAuJzn84xRHVOMc8HMH01420WMZ0/0?wx_fmt=jpeg,50岁以后,其他,熟龄人群的日常见闻,20,泛人群,通用,好奇/实用,获得信息,事件切入型,921432_微信24h热文榜_20260913.csv,唯一,未命中历史老年主题分类，保留待人工判断
T0355,2026-09-13,2026-09-13,1,46000,46000,蒙古人杀牲的习俗和禁忌，看完长见识了,,2026-09-13 14:00:07,https://mp.weixin.qq.com/s?__biz=MzU4ODUyNTI4MQ==&mid=2247495176&idx=1&sn=f298f8567abdbb25c083746c2969d403,https://mmbiz.qpic.cn/sz_mmbiz_jpg/uMsb2388M2pYdz5If2Ph7rZPhn3FXwMK67DKCnECFx6p7jgRSoxCmTNHbah4RTBysmK7A1JqItkUv1T8aac2aiaiaLEZHfzP9I08zhAZXIVxM/0?wx_fmt=jpeg,50岁以后,其他,熟龄人群的日常见闻,20,泛人群,通用,好奇/实用,获得信息,事件切入型,921432_微信24h热文榜_20260913.csv,唯一,未命中历史老年主题分类，保留待人工判断
T0356,2026-09-13,2026-09-13,1,46000,46000,郭德纲罚单余热未消！朱之文又在台儿庄演唱红歌，造型引全网众怒,,2026-09-13 14:00:07,https://mp.weixin.qq.com/s?__biz=MzIyMzYyNzg4OA==&mid=2247500424&idx=1&sn=72fec942b7d9f3e3bcc42d0d496112a9,http://mmbiz.qpic.cn/mmbiz_jpg/oWkNFVFlY3eRV7KhEzljuhUcD13F4MbjfAWyQpF98RgDIHHEUiatM1ecUJWtusXJVKCia9h5JApCdnsjCd2kibO9asVzrcA0XXlMZ34NI8yTvc/0?wx_fmt=jpeg,50岁以后,其他,熟龄人群的日常见闻,20,泛人群,通用,好奇/实用,获得信息,事件切入型,921432_微信24h热文榜_20260913.csv,唯一,未命中历史老年主题分类，保留待人工判断
T0449,2026-09-20,2026-09-20,1,45000,45000,国航C919乌兰巴托航线9月16日起不再执飞 !,,2026-09-20 14:00:07,https://mp.weixin.qq.com/s?__biz=MzA3OTY4OTU5Ng==&mid=2247493092&idx=2&sn=b9c0bc4c31ec71ac4fe13f260adcb1d1,https://mmbiz.qpic.cn/sz_mmbiz_jpg/IOd8aV3JhNk2yRMbI31WmYpx0NQrr8cpicETKibRYFho1iaBmcBiaQPGcIMVrp0uu23nnzwq1qn3E5lrc3GNqFzjhqo0n8XWeFibf9aPC5actuZ4/0?wx_fmt=jpeg,50岁以后,其他,熟龄人群的日常见闻,20,泛人群,通用,好奇/实用,获得信息,政策信息型,921432_微信24h热文榜_20260920.xlsx,唯一,未命中历史老年主题分类，保留待人工判断
T0414,2026-09-15,2026-09-15,1,45000,45000,穷装就复制我家吧，跟着家居博主装修出来的房子,,2026-09-15 14:00:08,https://mp.weixin.qq.com/s?__biz=MzkyMTc2MDY5MQ==&mid=2247500985&idx=1&sn=ab6fcab2fc9d6fae2162702bcaa44b53,https://mmbiz.qpic.cn/sz_mmbiz_jpg/4ZZibH6icY9tEJcrZaic5bOicUG4GDVD1hDB8P4H3g5xhYR4liaxdzcAtNz86esmNGxqiaP9AQMFEkblByj1kE06TPy8C7RjJ1tUTwZ6d1EkPTTwI/0?wx_fmt=jpeg,50岁以后,养老照护与居住,晚年照护与居住选择,85,50岁以上,通用,好奇/实用,获得信息,故事型,921432_微信24h热文榜_20260915.csv,唯一,引用历史老年主题分类或规则映射
T0450,2026-09-20,2026-09-20,1,44000,44000,一个清华教授，8个月卷走650亿,,2026-09-20 14:00:07,https://mp.weixin.qq.com/s?__biz=MzAxNDMwNjQ1OA==&mid=2650538429&idx=1&sn=efe0933570035ec695eae5a6237525cf&chksm=82ad4fca471597c4993c46d629366fc212e72df8e20673b0c5019978873bd7272f6729d0c241,https://mmbiz.qpic.cn/sz_mmbiz_jpg/bMHaroxWwSicZjiaNABJHNvHtEsic2NibNrsS2MAVXekRnrFV4ibP546ZkCPTuOhsVHZXLWiaJdPQoaB6fxGoLoVhawv4hI3MMjqa5ofQSZuyYhE4/0?wx_fmt=jpeg,50岁以后,其他,熟龄人群的日常见闻,20,泛人群,通用,好奇/实用,获得信息,事件切入型,921432_微信24h热文榜_20260920.xlsx,唯一,未命中历史老年主题分类，保留待人工判断
T0415,2026-09-15,2026-09-15,1,44000,44000,蒸着吃，慢慢瘦下来。,,2026-09-15 14:00:08,https://mp.weixin.qq.com/s?__biz=MzYyMzA5NzU2Mg==&mid=2247495026&idx=1&sn=88a2322a9107147aff5b6eb64012e272,http://mmbiz.qpic.cn/mmbiz_jpg/WogVyU9dtyLiac3Rh7kU8P4uU5iaDUIzibxxmRwpAxt8XjLE2pp0m800Ishmf7kkGhEh21UrpeC1ubGWXdQNzGaicLsuZJlibIxVSWyTfHJeM9Zs/0?wx_fmt=jpeg,50岁以后,健康饮食与运动,50岁后的健康管理,85,50岁以上,通用,好奇/实用,改善身体,事件切入型,921432_微信24h热文榜_20260915.csv,唯一,引用历史老年主题分类或规则映射
T0416,2026-09-15,2026-09-15,1,44000,44000,@镇雄乡亲！殡葬改革依法推进，煽动暴力抗拒要负刑责，千万别以身试法！,,2026-09-15 14:00:08,https://mp.weixin.qq.com/s?__biz=MzcwMDI4NDk0NQ==&mid=2247485297&idx=1&sn=6ea80185532e352424f4979bcaf31dbf,https://mmbiz.qpic.cn/mmbiz_jpg/cGEib2jDG3lQR3NZ4b6AkMBPDB8TsHJ44LZibFuaia5TjkKiaiaxzebJlSQ3ULfULBECPmBew0DVicGiaoH5PkIUantYdvWaFAMWXbW8ibsGmp9enz8/0?wx_fmt=jpeg,50岁以后,身后安排与告别,晚年告别与身后安排,85,50岁以上,通用,好奇/实用,获得信息,提醒警示型,921432_微信24h热文榜_20260915.csv,唯一,引用历史老年主题分类或规则映射
T0357,2026-09-13,2026-09-13,1,44000,44000,一对跨国鸳鸯鸟,,2026-09-13 14:00:07,https://mp.weixin.qq.com/s?__biz=MzYzNjQwMzYyMA==&mid=2247490140&idx=1&sn=472eb1f85e604d6c1dbcd110111a7a6e,http://mmbiz.qpic.cn/mmbiz_jpg/XKBZzGoJv81l9HR6wkl3t6jk80dNzQxsrMRrxaS6Qf3LtXwILQdyJTGKP6HkqRhbp3TBGaPUtSX1AIrIvHhGHf7Hjs0Q04ny4eqClqYqy3Y/0?wx_fmt=jpeg,50岁以后,其他,熟龄人群的日常见闻,20,泛人群,通用,好奇/实用,获得信息,事件切入型,921432_微信24h热文榜_20260913.csv,唯一,未命中历史老年主题分类，保留待人工判断
T0417,2026-09-15,2026-09-15,1,43000,43000,你减不下去的不是脂肪，是炎症,,2026-09-15 14:00:08,https://mp.weixin.qq.com/s?__biz=MzkyNjY0OTI0Ng==&mid=2247485452&idx=1&sn=cfda012972a4e304998ef9651f6a829f,https://mmbiz.qpic.cn/mmbiz_jpg/bEezCMPZjYlol7ZaJiasrYeEDiarRsSOJkxSAYpDNfYACickND7licnd34TBETPOg71N3n60ccCial1gFmlDQ8ayrjMDw6wJ8pPVKMHBM5VYdEjU/0?wx_fmt=jpeg,50岁以后,健康饮食与运动,50岁后的健康管理,85,50岁以上,通用,好奇/实用,改善身体,事件切入型,921432_微信24h热文榜_20260915.csv,唯一,引用历史老年主题分类或规则映射
T0358,2026-09-13,2026-09-13,1,43000,43000,某赵一鸣商超严重缺斤短两？,,2026-09-13 14:00:07,https://mp.weixin.qq.com/s?__biz=MzkzNTY1Njc4MA==&mid=2247487208&idx=1&sn=299c3502e2dcc7a3eb839d6c836b514c,http://mmbiz.qpic.cn/sz_mmbiz_jpg/icLZ9tklu66UWKicQicXAReHwlGd5iae9iaZ0yicO1EZ2iaFwJHTdUicWmH6fKT6l0F4TmuAf1vCUuDFU95cGkaVRo8uLxpVGR8SXKARzlibq8C67paQ/0?wx_fmt=jpeg,50岁以后,旅游消费与兴趣,退休后的兴趣与生活方式,85,50岁以上,通用,好奇/实用,获得信息,问题型,921432_微信24h热文榜_20260913.csv,唯一,引用历史老年主题分类或规则映射
T0418,2026-09-15,2026-09-15,1,42000,42000,兰香如故：直到林锦岐强娶许兰香，许兰香为其生下第一个孩子，林锦岐才知许兰香就是当年的沈嘉兰,,2026-09-15 14:00:08,https://mp.weixin.qq.com/s?__biz=MzYyNDk5Nzg5NQ==&mid=2247485157&idx=1&sn=714aff4177827a0db678ae526c86caca,https://mmbiz.qpic.cn/mmbiz_jpg/ASbewIDKr2H3Ekcs25IyibGQ3otCvVsHjj2tYhibxbMnBibNQtIibsSgkzN5R7FMmqKGAIialcdlpf5AXMIWSHr6xs8vXprxAiaUCibFC6X9Q5afgc/0?wx_fmt=jpeg,50岁以后,代际关系与家庭边界,子女关系与家庭边界,85,50岁以上,通用,情感共鸣,关系处理,事件切入型,921432_微信24h热文榜_20260915.csv,唯一,引用历史老年主题分类或规则映射
T0419,2026-09-15,2026-09-15,1,42000,42000,亲人离世后，家里出现这3个变化，就是他已然安息的最好证明,,2026-09-15 14:00:08,https://mp.weixin.qq.com/s?__biz=MzE5ODc5MTczMw==&mid=2247485616&idx=1&sn=f10babe5ea5300a952d992c5ecc41979,https://mmbiz.qpic.cn/mmbiz_jpg/jf9fHtZDlhP2ZxjdEcboErqEcsBAwHEgAkHlogWp9Ck1lCprMcZtlZOhcJMUds6REGAlCkn2WAia5gsC8G7Tu2U2XmHib2aVQKoVB8g03TVJg/0?wx_fmt=jpeg,50岁以后,身后安排与告别,晚年告别与身后安排,85,50岁以上,通用,情感共鸣,获得信息,事件切入型,921432_微信24h热文榜_20260915.csv,唯一,引用历史老年主题分类或规则映射
T0420,2026-09-15,2026-09-15,1,42000,42000,朱女士胚胎案登上财新周刊：最好的反击，是把脏水变成照亮真相的光,,2026-09-15 14:00:08,https://mp.weixin.qq.com/s?__biz=MzYzNjU1OTc2NA==&mid=2247487343&idx=1&sn=e4a32fac77c561bbd59b2c9c099faf64,https://mmbiz.qpic.cn/mmbiz_jpg/E8ZZdn9jxxzvYYXjVwic6sicsWH4R5wtfXAiaAyWtNumazBicK2icia9LJa93th2qL5Zyibm30RlwQB04V6UfibaJKNtCXMVic483icppvGxA3ofN5fQs/0?wx_fmt=jpeg,50岁以后,其他,熟龄人群的日常见闻,20,泛人群,通用,好奇/实用,获得信息,事件切入型,921432_微信24h热文榜_20260915.csv,唯一,未命中历史老年主题分类，保留待人工判断
T0359,2026-09-13,2026-09-13,1,35000,35000,地球所有动物中，偏偏只有人类女性生产如此困难，这究竟是怎么回事？,,2026-09-13 14:00:07,https://mp.weixin.qq.com/s?__biz=MzIyNjgwNjE1OA==&mid=2247487664&idx=1&sn=acf08e5927b43d49c6d30683fdbd003a,https://mmbiz.qpic.cn/sz_mmbiz_jpg/plk5ojzXAEVXiciaoFmy07VTdznoJ8iajRd4pO7jRAfKAnBWxSuAe6Ik9aCYegrEdjbmbKWoOV2PG3xCl3eAnL5CKqmqRiaZvETyCqhkXVicy6x0/0?wx_fmt=jpeg,女人的下半场,女性年龄与自我认同,女人年龄与自我价值,85,50岁以上,女性偏强,好奇/实用,自我认同,问题型,921432_微信24h热文榜_20260913.csv,唯一,引用历史老年主题分类或规则映射
T0360,2026-09-13,2026-09-13,1,35000,35000,翁帆：28岁嫁给82岁的杨振宁，35岁考进清华读博，读了8年拿到博士学位，49岁被叫“翁博士”，她用21年把自己活成了独立学者,,2026-09-13 14:00:07,https://mp.weixin.qq.com/s?__biz=MzkzMDQxMDY4MQ==&mid=2247509539&idx=1&sn=3a070afd9907fc95560308b7e4d42a1e,https://mmbiz.qpic.cn/sz_mmbiz_jpg/NF67vjNXia8008aQBRibrDibRywnt1U3ibdSCOAVRMEIs34IcXC4xkRuQwj0PicwsrEnUhIj0xNgrUMs8VMq3lkQs2VRW2dzlVLn5E9GKlZRXxp4/0?wx_fmt=jpeg,50岁以后,其他,熟龄人群的日常见闻,20,泛人群,通用,好奇/实用,获得信息,数字切入型,921432_微信24h热文榜_20260913.csv,唯一,未命中历史老年主题分类，保留待人工判断
